iso3,ISI,ISI_prod,ISI_broad,ICI,ICI_long,ICI_basic,ICI_basic_full,ICI_coverage,ESI,ESI_alt,ESI_prod,ESI_dest,ECI,ECI_long,ECI_basic,ECI_basic_full,ECI_prod,ECI_coverage,CGI,CGI_long,CGI_basic,CGI_basic_full,CGI_coverage,SGI,SGI_long,SGI_basic,SGI_basic_full,SGI_coverage,ICI_upstream,ICI_downstream,CGI_upstream,CGI_downstream
ABW,0.22350858843179666,0.22811444316077448,0.046831697103603194,0.0015477640889778913,0.004554437550028867,0.007320553830455498,0.001431359177158814,0.070269124793642,0.01046464280891712,0.02013373070888754,0.08685586827138006,0.14607086501924466,0.0037546090773049054,0.00887447568541964,0.00963568225883901,0.005552358843855401,0.004603519959338928,0.5410987313029946,0.0016205708950509086,0.003597769799339072,0.008507078016421124,0.006387761266268807,0.6691053818119078,0.0011600351584826827,0.0033055662132882423,0.005329728543329708,0.0037142344657104397,0.698949229177088,0.0013715107170707375,0.001509153174826977,0.0030173203738709108,8.702952777216329e-4
AFG,0.19734925295788924,0.17145191559102463,0.07868691594319627,4.0050550111689733e-4,0.0010396068101644958,8.553654049631842e-4,0.0032753024209317655,0.05976271890557497,0.005771062220058623,0.005455575139991679,0.023799628908240077,0.16734484370953306,5.485901277984722e-4,0.001086769264800955,0.002005766030563614,0.0017752710060600836,0.0014708490608284913,0.662747033383226,0.0025220544286917506,0.0069828643145275655,0.011288795237055808,0.00985677802213503,0.7777792090795453,0.0010078826441215045,0.0029370945646414437,0.0036546751242081963,0.002854413535305167,0.5807465243471381,1.3768462417370662e-4,5.413373395920873e-4,0.002172448002375537,0.002669066538782995
AGO,0.3182681289473443,0.2458834032157183,0.14543133578373155,NA,NA,NA,2.393683508135431e-4,0,0.006304241116767428,0.009286005523139105,0.037128376985974376,0.37253866108956485,9.575885214739024e-5,2.486019474371885e-4,2.754350584922827e-4,2.59628597665806e-4,1.2858377499994e-4,0.6645865532855415,0.0055739955505381255,0.011773299706472071,0.026956376957726486,0.018355342745349074,0.6468885905809749,0.006708109448589557,0.02618826768270614,0.01327329780691809,0.01046435011462515,0.7019048086758763,NA,NA,0.003795221412680622,0.007622396083723136
AIA,0,0.12467161125068649,0,0,0,0,0,0,0.005644174155596532,0.023935460017382684,0.06951608687432145,0.15009688141854519,0.004132361281268721,0.00712834362799178,0.012219283319298798,0.014091535768053609,0.0035680743992417465,0.7157507596450503,0,0,0,0,0.7446215706012346,0,0,0,0,0.8906759370980364,0,0,0,0
ALB,0.42697411938009655,0.24717282686192543,0.10430713379630535,0.007690070629998921,0.013628475047263004,0.01795261627578111,0.015182455787509024,0.8042430970754476,0.031146910393317778,0.098796358947464,0.17078199166476177,0.2479938183470186,0.005265883069399116,0.009288259396229286,0.012427446231410363,0.011870233520515788,0.010335921592696909,0.9081443441085275,0.003506477230077033,0.0074903729148631665,0.01803092740090591,0.013354658482451584,0.7072161113939498,0.003602409260996035,0.01002080496084572,0.008807172489269932,0.0074198593234342265,0.8320437589280193,0.0033256719362941205,0.01344572044760461,0.0019237106962142715,0.004918602880791748
AND,0.26919120909766103,0.24835212566993703,0.023869592596702602,0.0030966466361408906,0.00699913717155989,0.008862459903148776,0.004341279093556817,0.46745723660838034,0.034248300458489984,0.08810982690354291,0.17941958099820038,0.2960127752366638,0.01119640382649354,0.03825698070983845,0.02161590717181255,0.014473341355212018,0.013454486240842748,0.6157994705292019,0.0012018632195176107,0.002068495683946124,0.007419129363233098,0.00565808208651024,0.695604561612899,0.00131699821034672,0.0035363458736185605,0.0030081724091579544,0.0019776728465582525,0.6016509850788805,0.004081627829535197,0.004903231017008782,5.121005393259043e-4,0.0015536206634438434
ARE,0.4941759213254031,0.3462539713252584,0.19610727705074585,0.008438017802345025,0.017475489128759552,0.017787239776520726,0.011028929144473476,0.5973385427944384,0.07107842854598623,0.10331882044776754,0.23383175665311995,0.5061466987534541,0.0042142236977913096,0.009760144620028399,0.009767087341383993,0.006107760921156188,0.006240735434531139,0.48384342415021336,0.009165787979220331,0.018059278833868993,0.04949900476268019,0.029467106514091793,0.5769077193953945,0.005449828463077267,0.017356891925068063,0.017255907751295985,0.013073700744263424,0.5246403242379785,0.0012671359100974947,0.016108898766079172,0.0035453038943275288,0.00913861541905197
ARG,0.4021725228775759,0.2873256754940554,0.17457103775000832,0.0012062304359240768,0.0028942775169695156,0.0034685000772937923,0.0024500815654988736,0.5093540116057308,0.021265520805931703,0.04788521549384465,0.1054797836867493,0.4814227411753228,0.0013123398883854013,0.0031968970961965175,0.0033993555999991556,0.0019293647748706685,0.0012909342492407744,0.4869154770117696,0.0049370492806587694,0.010657373456771388,0.023807066659659457,0.021315815552694305,0.83703794109806,0.0031243573832532563,0.007840915934644876,0.013725799073537506,0.010762588682891785,0.6493070321682719,0.0012205625808391922,0.0013186807951907178,0.003641204989217909,0.006829704086075857
ARM,0.4838089269815157,0.2822499643531813,0.1051013385062326,0.010479947281425202,0.020667628897165783,0.023851048796979964,0.01048693083289203,0.3518020838290419,0.03622622431549564,0.13202867420402714,0.2196270284573706,0.2859534519684634,0.02459398390535621,0.05720970258873755,0.048574613863914526,0.02170166871656279,0.01986538314989616,0.37435196665494286,0.004393515423293676,0.009224806910553586,0.021629429799306574,0.013627214452655094,0.5910869820072475,0.003481153806092894,0.008597623327689334,0.008045644871295603,0.0063384186515577715,0.4006197881188928,0.004160778765293796,0.0120854173153573,0.0023526225702043455,0.005909185930143762
ASM,0,0.06267177361236023,0,0,0,0,0,0,0.011739908822769029,0.020925827383566836,0.1321363314254615,0.2850988088048548,0.0069129916748319285,0.020025762524373943,0.013948143320002741,0.010169944949635629,0.006524757148056978,0.636445955675005,0,0,0,0,0.5421146204753879,0,0,0,0,0.58143758164959,0,0,0,0
ATF,0,0.11451555739208603,0,0,0,0,0,0,0.0013694049330262566,0.0023549901564935112,0.03018812838609308,0.11849885775381398,0.0028189723082105984,0.005340794887955759,0.007909422914267628,0.007941005333455223,0.0037986293995219394,0.9652632655033262,0,0,0,0,0.7051931766406121,0,0,0,0,0.30766290254152123,0,0,0,0
ATG,0.10999165284052201,0.13084657831872978,0.04609234300306345,0.002460838279001298,0.005256924890211055,0.006358288390262087,0.0016226000041412367,0.11047947790490921,0.00409688906913482,0.016159201689219978,0.06887964699491371,0.16219636035594936,0.0046244867821382245,0.010346965180677455,0.01474312452264307,0.00224771076513659,0.009746320957032031,0.09908400767761004,0.0031204185127265073,0.007091634428664564,0.015222268336873691,0.004764919499097519,0.27982248448692654,0.004119646366075174,0.009495631629067167,0.009738805721027755,0.0058494685317319025,0.45999649862804937,0.009539354389185661,0.002175692113110079,0.0037576598770759696,0.002490542769307587
AUS,0.5958509153692281,0.37637013094795413,0.24086752607158238,0.007160612603552621,0.012846133324150563,0.016938646477320195,0.004098798179246495,0.12791045467145193,0.04252775457390569,0.05086841283301191,0.08580980713218321,0.5100460126466686,0.0017168674443299864,0.00379550223467916,0.0041033032170456115,0.002226803920062981,0.0016102418879832805,0.4278986649743572,0.010320898795518476,0.020559753698803456,0.05061451228957225,0.03572448721682435,0.6694102025716359,0.005188597500463241,0.013608329943486371,0.02576536172672687,0.012798641429032033,0.4323709313378276,0.002905043969221375,0.018450118975447603,0.006961456643189303,0.011263726698026949
AUT,0.6108908248467367,0.3822334449119511,0.06770666889375616,0.002865828055191576,0.007287065492501196,0.007257658200013677,0.006445741413389111,0.8151825141402649,0.13763082014955602,0.2273181427918045,0.37180317208919905,0.4024628234477732,0.0044482291494817305,0.009911940508576467,0.010089666695260489,0.00910297906169472,0.00772707195776993,0.7960903666249906,0.00264673707470141,0.005163071326281012,0.012242193495703617,0.010244979704166251,0.7982326789425979,0.0012910726492138124,0.0033634485637543594,0.0036763568184926348,0.003064357040697837,0.7420361783264188,0.0024117455190051885,0.0032774285664227136,0.0013362818383920606,0.003029134868632539
AZE,0.43841198059532305,0.27880738798244237,0.13796530802902116,2.6866437170317285e-4,7.271389993541613e-4,6.319722079557034e-4,3.580877573035239e-4,0.461326022059724,0.006849663811193637,0.006575368548722824,0.040016456963240514,0.2559278944434782,1.947050367461388e-4,5.977628468869731e-4,4.685182940939785e-4,3.655813041444124e-4,1.862031414506212e-4,0.6623673709990711,0.004287829779011874,0.009651758308910578,0.020902044400118672,0.01650344819670016,0.7492415730759435,0.01206666024889882,0.040410645456019946,0.025128410135173383,0.022806511854996367,0.6698458279862494,1.1297358085167626e-4,0.0031881716820643274,0.0020506988206331254,0.005974669774499299
BDI,0.19883729014826038,0.1455166595845842,0.07866752587152162,0.004319192260831584,0.011824934806501975,0.010218852484787256,0.0019663104055906958,0.11508845601412185,0.002395706508513475,0.008384988112670513,0.03480921697274099,0.16454643321374052,5.109330614662298e-4,0.001326641122961786,0.0015494689726326663,7.49741875519243e-4,0.0010374522438938117,0.2336420144140321,0.0032365529224224134,0.007353931954981819,0.01645350242448807,0.011444464232248238,0.663265308027515,0.005818293705608515,0.010325829776743478,0.015007087755771295,0.004785794548205608,0.22919642209826893,4.942497599419979e-4,0.007883623864519957,0.0017722455035187293,0.005853481984650574
BEL,0.45536032801990045,0.2677158613476807,0.04342351035885948,0.0018701147008610341,0.00405521737021046,0.004461613348059297,0.0034619671718969887,0.7107172999132632,0.11644540318620888,0.18364777145464853,0.3127171548911601,0.4107290458728808,0.002996151522681248,0.006290627081815211,0.0073674696480716065,0.005666991900577002,0.005120585438637367,0.6790964009304312,0.001429527056158151,0.0028504655523674286,0.006097515273571043,0.004942018219791217,0.7595138095094266,0.0013541653365500136,0.003587182823546042,0.005580628577977331,0.00435578325693595,0.6950073645388741,0.0014388451045435119,0.0021294803819983847,7.637816238581188e-4,0.0015245617566781236
BEN,0.23692446224106267,0.17375397539762194,0.12125846038659747,0.003375058456844141,0.007410659567479306,0.00663760458438716,0.0010050207236276154,0.12514941657007042,0.0037115358416680323,0.006420808955514411,0.05018387691224552,0.18754570518362712,0.002108334990762733,0.003946750121302933,0.003287982412307836,0.0010379811506538428,0.0017921412173956743,0.24697320943008877,0.00399699615846111,0.008546168963035816,0.020793347039417518,0.01682089238405613,0.7837224875906065,0.001891997472396637,0.005325041964378729,0.003882387607782904,0.008478385560606462,0.4833637795525085,0.0016316671223536774,0.009729424394848949,0.002432575872374484,0.007263242438700336
BES,0,0.08797522390727411,0,0,0,0,0,0,0.0027998225848215484,0.023931973973301005,0.031241250257059882,0.07390461846103573,0.0014413933821094467,0.0025461435634797063,0.004200632736957236,6.002411749696713e-4,0.0024264214204887673,0.08999232061147369,0,0,0,0,0.199542828670409,0,0,0,0,0.05513542057358496,0,0,0,0
BFA,0.22855913710786457,0.1611093401073242,0.08347198416258304,0.0021052367878116748,0.0043678347794090105,0.00415078472132744,3.0455035295070523e-4,0.05696884582711615,0.0026860083627219676,0.008909434973052719,0.019869606495668993,0.11968584819636469,0.0015839554567618115,0.003079446753541504,0.0030304758185515676,2.9178533140005564e-4,0.0018732567029185628,0.08310105606550919,0.003141995238139525,0.006834956577260039,0.015463706148093299,0.010440937817000883,0.6525943483251956,2.0590731915505044e-4,5.175674217710811e-4,6.324891742281492e-4,0.012245282601100974,0.8091817470751077,0.0019303386005327682,0.00206798053044385,0.002107026862023957,0.004031047233344441
BGD,0.22325547276852423,0.1649078621778197,0.17601546172830745,0.015155696826674014,0.02318832509953039,0.046667169679323196,0.05051346077180358,0.6953278406862852,0.05141862183024374,0.07897399404018002,0.08189392677184293,0.4985146799855581,0.012844645269443454,0.018984722735115707,0.032725462693556306,0.03209499168615671,0.01719692167119129,0.9579484684787578,0.0038129698014941014,0.009295841597365595,0.018671026357324406,0.015129357345940399,0.7348985132561696,0.004372212293115858,0.010819755916147757,0.014965992309065822,0.014804012877867765,0.9467444606226021,0.02635684179279715,0.01490456101065141,0.00267461332526486,0.007959041330708938
BGR,0.41108958227565473,0.2963409563866363,0.05356409309773306,0.0035142986285967527,0.007197949338218847,0.009304695803005778,0.007361532872025485,0.755527366811766,0.09576557504838622,0.15588329075629262,0.29563567261355284,0.37332521355654125,0.004975989768785491,0.010001357163266276,0.011753504585630374,0.00953708119029522,0.008382662358188424,0.7418519782401115,0.0017381351922380172,0.0036867718428617107,0.007614124438621929,0.006422182851976799,0.8021605002750394,0.0013966774590030762,0.003977675881711062,0.0048203249572456005,0.0036654333432418295,0.7038332066810483,0.0024340158707476765,0.0051508007596127526,0.001083392218595313,0.002002332567267765
BHR,0.4541870783003617,0.2353215992240957,0.09659676339448181,0.004064477495025195,0.011560223482550244,0.010141258179857025,0.004196995546849108,0.39470996352736254,0.029716202869154176,0.05068770607997045,0.09552599899570487,0.4418066185225715,0.003558271148954092,0.010018050059619057,0.008278886562906164,0.0035295247014716924,0.003662802002815026,0.3877042712146364,0.0037339332955326197,0.007839113636792225,0.019353082103934785,0.013050551338325243,0.6315528554478235,0.002486380622214446,0.007873567892836945,0.007690326343741731,0.0043038295933885305,0.4478832357853427,0.0021544723594016596,0.011530775970916401,0.00179919237802103,0.004368536761349908
BHS,0.16483217459132624,0.15711815961817385,0.029759212282102796,0.001593597178838976,0.0020022426113660945,0.004465191589131412,6.140545512010952e-4,0.060289784487264055,0.002612070085779644,0.006477247536722527,0.02952609403825054,0.09876142668687352,0.0015619669868877412,0.003616991904037997,0.003559796583958984,2.297707564910258e-4,0.0023189404035325093,0.03396507630841966,0.00118340147190332,0.0026627733143102543,0.00585371865878542,0.0025136210543532356,0.38925889624241844,0.001513719334747751,0.0038681483615127655,0.004203619277432847,0.0026555472176804772,0.16580568273585947,6.596329289294444e-4,0.006256413900473805,0.001662032684001262,7.864107529391352e-4
BIH,0.4745270244416043,0.26593577077643454,0.08343689406727742,0.0067338519348267,0.013431640145261606,0.013015807064538911,0.011745621237043822,0.85313608643464,0.04228687830598265,0.1008605416775409,0.2075586772657594,0.2704994969620783,0.004547312378746491,0.00932931357128172,0.010630654068501588,0.009607654875326832,0.010201895332718248,0.8626106816297144,0.00259961054180495,0.005973279846413709,0.01298837673977178,0.010349845826964804,0.7672959903057607,0.00223196531032091,0.005407619724195465,0.006887881098129038,0.00516417324741239,0.7905541993461708,0.003149065051247453,0.013215165536690556,0.001419043559813231,0.0032712835469446556
BLM,0,0.24532031400663476,0,0,0,0,0,0,0.006607821934317677,0.01989040057925855,0.06855373787571267,0.09946484728123402,0.0012419667033501073,0.002993409564915521,0.003381572951078855,0.00335806400174941,0.002236036667402128,0.9516014015598393,0,0,0,0,0.7067526660441725,0,0,0,0,0.4682656299429041,0,0,0,0
BLR,0.33804747502092775,0.3073963465119172,0.20020580140163827,0.007740613545502433,0.02070639387287551,0.01917084144136804,0.00980930452625142,0.49155069544215385,0.021845037429733895,0.07237442280581134,0.16804773470443501,0.27573031077859134,0.0041255465680375926,0.010660732884933685,0.010951212203129635,0.00699846560157745,0.005787056259871098,0.5511254525251172,0.008542574737785092,0.020350691475923482,0.039950894748832226,0.029414620107154926,0.6693298231178356,0.005306983959136114,0.016324900466909008,0.016341232390418004,0.01288215282888158,0.5816273429053505,0.005433472658111217,0.010747855775188057,0.007054196186199333,0.009017157463412797
BLZ,0.21282483632800678,0.23010795007039594,0.08988843815103445,0.0018108596648610511,0.0027965176033443273,0.004960473070710014,0.004181146604322002,0.5619714621031375,0.008640760730975855,0.011794510469546644,0.06512002107831401,0.23936038845680555,0.0012174199157002888,0.0024862067364622344,0.003844028447213444,0.0034171451894883364,0.0015759921236058651,0.8111183566642624,0.004201135785271327,0.009313473568086678,0.02343188636028972,0.01634621127411132,0.6627254732678062,0.0043334543767664345,0.008664819901400589,0.01831511098786898,0.006523667900350923,0.4241436230974514,0.0015981004736311598,0.005723717200837051,0.0023124728267740423,0.005569965570593274
BMU,0.14447813456195313,0.2156423131527001,0.01072079449075482,NA,NA,NA,0.0037204934145355873,0,0.0032784678163611672,0.003834774608671151,0.0270555556992093,0.11435045956579154,6.576043118713932e-4,0.0012232066131959464,0.003393662699386077,0.001660991093882962,8.734646165969981e-4,0.41258808254171975,5.843973373229138e-4,0.0011731001860242174,0.00475445553827896,0.003632861297533528,0.7334917968410584,0.002243955450119113,0.0037673814681657967,0.009913356224846565,0.008811824111475802,0.9689029642417537,NA,NA,5.276356079732849e-4,5.865846775598483e-4
BOL,0.33490715986557495,0.2539833097047789,0.15551306142595336,4.337896305150163e-4,0.001287223421629566,0.001288596987654582,6.380409645911151e-4,0.3963135648255457,0.004973108182789163,0.006984026603483142,0.02724270375406986,0.3473573613697158,4.210799302134999e-4,0.0012976172646995635,0.0012249616626637955,5.506283914389622e-4,4.8236593073039467e-4,0.30373771105248215,0.005244040520629585,0.01178711580456592,0.025071968423016712,0.01813845910199565,0.6738590578061541,0.001435833798370176,0.0036833486366308066,0.01002406024934838,0.010306113887171967,0.37864482660283555,2.073103111254449e-4,0.0015674325423745957,0.003939426334778189,0.005945397411967919
BRA,0.4030556842146942,0.2882875607779327,0.20172134624603186,0.005492667316592904,0.014186722876359721,0.012049467929439566,0.004269808237829894,0.1790649961589873,0.05471409366113179,0.08737295418658284,0.18571592203693915,0.6231204291668048,0.0018646266089613962,0.004482066104189934,0.004116380495977545,0.0030921606185430658,0.0022142431555841305,0.6099223661371955,0.005550959675356077,0.01324163551106289,0.026855244993623163,0.02131961357877143,0.7514163770415904,0.006583291220726511,0.018076836064054,0.020683963107014484,0.013653036506011263,0.5760047826581268,0.004677017541398816,0.005909854206473169,0.003861393381802516,0.007398948986010174
BRB,0.27610036369392993,0.23367306861184406,0.036245862986492926,0.002780740178863562,0.0058961163121505275,0.006822974500893621,0.003297461205724559,0.46885251127703065,0.005309465098956027,0.029515424342644394,0.09587789039966584,0.230596136946826,0.003002550350903687,0.005196561288346359,0.007018904869300785,0.0034601577065168044,0.004322382359231117,0.44359917093780765,0.0015855764201830262,0.0035698882785986817,0.008067839938527407,0.00516643091478575,0.6166237797512207,0.0014790349644473466,0.0036852532142324836,0.004430595530117348,0.0037679848818255503,0.6091250830556865,0.005011611301532543,0.0012536959778227915,0.0017662326068828033,0.0014494889877694408
BRN,0.21850840262703874,0.1283528005561848,0.05562015537954476,0.008318054590119577,0.020207808023976738,0.02030671982529781,0.001630075971083404,0.01241828928697798,0.014411328855915433,0.0470761555280716,0.02963362717283898,0.3242028715775504,2.644192066684006e-4,7.328627850324653e-4,7.352459215276599e-4,7.17495014602482e-4,2.165603107073837e-4,0.568747365897143,0.0013478080842993351,0.0030774774636994316,0.006753124358590077,0.005677435890448981,0.7546529044169847,0.008833523406916816,0.02791271052143654,0.013654523312861492,0.007261942443189345,0.5667946755327038,0.009138981171619348,0.008683055243259824,6.198060476684855e-4,0.004003623225195003
BTN,0.19127746960088415,0.20233921669354718,0.03661751593650136,1.674733348572362e-4,0.0015299300967321014,3.421336207077525e-4,1.910345738273067e-4,0.4627251779360427,0.0021250960002763327,0.004643288078909025,0.018700935754963406,0.10062907195181778,6.118047349931332e-4,0.0023124963705593057,0.002022118957231104,0.0019333469162391718,5.553114722887211e-4,0.5153556670896782,0.001551805958396724,0.007550765630149273,0.006912903775924157,0.004544354313941776,0.6259068052366755,2.754876268434918e-4,9.790826479813292e-4,0.001265771798219988,0.0021946257095655118,0.5523341243509655,5.2468008659000085e-5,0.0023409791669279693,4.3894386864143896e-4,0.002717350314539593
BWA,0.3270782802550765,0.20079294792566657,0.03213633938112252,0.004161632289850407,0.006574791541506356,0.003924494479343429,3.178168229916105e-4,0.055880114927420274,0.003522762921384882,0.010917826840442584,0.030549408077215887,0.21160279281027813,0.003441026965418996,0.007203320827550257,0.00753207624758746,9.223088512815508e-4,0.006081291818529485,0.09760259805024761,0.0013027401476130138,0.002974852284908754,0.005653259882804509,0.0036160569022325325,0.6032912394738403,0.002015006170519091,0.013316711933055189,0.004708838735332536,7.350946220773535e-4,0.07467358365626256,5.281723631291342e-4,0.011775974520164764,8.002985079122862e-4,0.0015165819234457313
CAF,0.18132142870952733,0.1848180367236532,0.07744298481351308,0.00997434327993245,0.0304804810782744,0.029640275137127158,0.0030959499338423404,0.030973112037622035,0.003735355306467333,0.005805861136886774,0.03382797467593118,0.19584076047848786,0.0025015167518531636,0.004852728481356512,0.005125729379871793,0.002022186327520095,0.003759924845275565,0.27851761133079805,0.004567576868297338,0.009074298126678215,0.01907498341608212,0.013889289977886196,0.6827718013956849,0.007569075717747675,0.02142828774599183,0.024033869751596347,0.005606427905078943,0.2292269746148339,0.010560235996039212,0.010532176823385876,0.003948710446850315,0.003575432332155829
CAN,0.7279329026292862,0.3708514601268282,0.11440714671878895,0.005242960536273832,0.011728020836919203,0.008105591497473748,0.006059391818238019,0.48193111630759233,0.09252568797556782,0.09930809778596682,0.18002419177317527,0.663667430705666,0.003828120396563499,0.009449303040905683,0.008778179930507692,0.004779543334048276,0.004045007085619949,0.42326733326097193,0.005046217496092612,0.009418415727644238,0.024562075632184724,0.02005375022324888,0.7775468566048593,0.0029754238381075634,0.0069722814871051265,0.009420826684761734,0.006240122966734992,0.4602301864486696,0.0028079464344663596,0.009721525554804333,0.002615561837055473,0.0063200779593349694
CCK,0,0.11055939887046592,0,0,0,0,0,0,0.010760828823135877,0.022531310053143367,0.12019988811428828,0.25249905696324804,0.021339458441576878,0.038851759459315544,0.054211075213079433,0.03931614188001109,0.021592079565140594,0.5865630808249457,0,0,0,0,0.7327318351715484,0,0,0,0,0.42294286372514295,0,0,0,0
CHE,0.5824304600082377,0.24890462224196863,0.05076568103979513,0.0022394249502803686,0.005125693380118891,0.006609216960802094,0.004983786794114433,0.5589323101561261,0.10232481436819515,0.13332260801878007,0.20297806362928097,0.5752003294922099,0.0032949362802646848,0.007976534935054075,0.008754437403145535,0.005575518164423052,0.0048105185652254166,0.5262832833421422,0.002487124876072681,0.004799722809266438,0.01267880669764217,0.007694876950787378,0.5768417865228599,0.0017939280727019575,0.005834700691371849,0.00854741749562365,0.006664721288409388,0.5769353355866718,0.0028794849659097886,0.001844854345285538,0.00151915256974013,0.002737725585099401
CHL,0.5200169432396543,0.3081753872137345,0.2027270366329294,0.004803319085998033,0.023599140152632706,0.014624497835790269,0.009566934544030447,0.6097434612536505,0.022201432594443078,0.041353148799429744,0.100419280011268,0.5193191981702365,0.0018100337658112971,0.004557919218568677,0.004726671836456495,0.0031231201740468074,0.0021481170270448166,0.5761737737710615,0.0074396587914694395,0.01447156622660944,0.03932517706289132,0.030115511424504946,0.7333781365282341,0.0033332204286998196,0.007239343916462177,0.011236460474993574,0.006190617560307305,0.4468847448879872,5.468000223137789e-4,0.00641384600768424,0.0034364830526291703,0.009778966426488695
CIV,0.28622543140402223,0.17117092505317652,0.11861733732594266,0.003439639672286172,0.007826884161039615,0.010036189258615106,0.0015558737336386775,0.13698451618624055,0.00766029963575807,0.019945070433225378,0.061734472867364304,0.39926986722097874,5.693327137810431e-4,0.0013250320402696852,0.0018296511233378517,0.001218613898309169,9.204016168432475e-4,0.5473465910578167,0.0033157167584178765,0.007662229758683679,0.01621456218165972,0.012765214396246675,0.753013916329749,0.0047639612341323755,0.022215378816045715,0.013917972681228144,0.00788709024169139,0.6582998041787137,0.0019102865556791832,0.005588690622796326,0.0017189020302371483,0.00619693824868148
CMR,0.30206242918046666,0.2124691974071742,0.17534134486380173,0.0025869747022358885,0.004371701015169917,0.005603972079220372,0.0033086905746959033,0.5390765590780541,0.005367834630510898,0.012005713599342455,0.045655998680425615,0.3830196974341887,4.493264754252756e-4,9.503252776961742e-4,9.663039654748133e-4,8.89433624383967e-4,6.713638669015e-4,0.7227246961818147,0.007077780935239596,0.014528631170132573,0.03508114645734788,0.025727204437908588,0.7062530078928926,0.0064617510056969585,0.019350664136294462,0.018786619845278414,0.01611787788275102,0.7347027746413407,6.668411108746773e-4,0.02391010797560495,0.004655376756294072,0.010878598783258246
COD,0.27942945663816265,0.2519752589899013,0.19983253206364326,NA,NA,NA,0.0015817140231578434,0,0.006089011379513497,0.004794635235554991,0.02222572996035925,0.35832614520913864,4.107125634223014e-5,1.1569932556858852e-4,1.2166791332599506e-4,1.6037449514618826e-4,5.41790782136202e-5,0.8104236101879164,0.008057624694467493,0.017659079403046216,0.038370086831480806,0.0318643937049699,0.7920197435267052,0.011608794489881655,0.04496621291065852,0.028682026927399344,0.003680496884188901,0.11896285930627638,NA,NA,0.007488641588839635,0.00882254756909263
COG,0.23571841028520882,0.20611502528606768,0.13212654870263127,0.0061544960867446295,0.023589431864087573,0.014063309436029962,1.94790835486711e-4,0.011147900991637478,0.00733051283512511,0.008676697264419242,0.03533979295921835,0.3456475382811736,7.448222639158538e-5,1.6615145273232493e-4,2.104587312210767e-4,3.219156942906225e-4,8.872789760656197e-5,0.7534852324695791,0.005733649609609038,0.01351199901371743,0.027615047316629924,0.020411379399459254,0.6968155600906323,0.0028234506495670633,0.009532073728667214,0.0075333882202885186,0.008177790834106307,0.746065876193323,0.004130055119469991,0.007416589902730089,0.00533739374756317,0.00688504319069444
COK,0.12657833829040382,0.14115076487346406,0.029413588341581916,0.0029176599639798894,0.007154397592517895,0.011434337044362853,0.0014983710902278626,0.010863259150036787,0.0031785211451869472,0.003377193132005205,0.03248361432334922,0.1779649514259331,0.004619342047756896,0.013688315240407629,0.012714329074708612,0.008835368874404068,0.006101232605024958,0.6041295588071947,0.0019029407322748346,0.00403129857842137,0.011248694465181699,0.0043218676729863984,0.36813198226205757,0.005393521781924164,0.015583580546264941,0.012136443557030814,0.004964522230949041,0.33388609461122964,0.027315338436182942,0.002894396364496044,0.0014097983464356652,0.0021200521188237402
COL,0.5198809758267198,0.3004907579272214,0.20448539578354247,0.0074045337905935624,0.014825190565669964,0.019229105338927466,0.006182864174002445,0.3100549509900471,0.02846019194012107,0.06460246803235525,0.1318007277905302,0.43349628589670347,0.0035750613733833056,0.0073287821542169385,0.009313468664604257,0.004723092285308141,0.003250744505555567,0.4374033527964164,0.006313524821295687,0.013549569405016471,0.03207562631041702,0.025178291454933704,0.7498437659155173,0.004513005514640059,0.010458941059381575,0.016126286202748894,0.01066611069058096,0.4156634187852453,0.007203739750806867,0.007628549420351778,0.003342972294779721,0.008631596747001882
COM,0.21711636806653267,0.1555706442423087,0.09530671455645534,0.0033914541241235963,0.007633472355877426,0.013271408530785794,0.007127211518942713,0.0045829698045468745,0.0025920473176766603,0.003430427791893951,0.02153929735628671,0.2880544104494278,0.007163752133938917,0.012866617470141636,0.014706436096087041,0.0018124922385498027,0.007097067479483359,0.09207114943598704,0.0038532663480102245,0.008603333218350473,0.019133084916751683,0.016300724065892884,0.7974657092812159,0.008633217960436245,0.016773393902775182,0.024177864250445227,0.005096819533494217,0.08830470049476953,0.0014452963458708907,0.01257207735082441,0.0030632946653407073,0.004666252177838385
CPV,0.15568365574135842,0.13343766439119098,0.0437918452301961,0.0027860399575346437,0.07306485855749739,0.008511216641285091,0.0059951216241645715,0.6248123682222557,0.011454965203013699,0.03389287922854885,0.06504735242847315,0.21101231227487122,0.0013363346717671356,0.005764297115415609,0.007604842458687964,0.006366077045200114,0.002965446894677249,0.7010950564187698,0.0014394968603729324,0.0038923175560014816,0.00801784938872084,0.00409356622365599,0.4416200814781332,8.680866283256061e-4,0.0030016597310269233,0.0022846875738187986,0.0013290067144594534,0.5616422647948472,1.6366269945816513e-4,0.004384263722392566,6.750254074879278e-4,0.001996500849142402
CRI,0.49185593702165853,0.31063852044516727,0.13689996014060288,0.0028231530629085227,0.0071427044077163335,0.007848182388744724,0.006647888617439614,0.7711554645311558,0.041285002001501384,0.06443055176321313,0.13244905930314785,0.4452662692671924,0.003094949515939356,0.007496395684411136,0.00883925704274162,0.0074931663331276,0.0034846016393729816,0.7510768058993441,0.0045436975689911695,0.009513086439244712,0.0229613727007227,0.018240377933265967,0.7514988761191554,0.0021709910582013332,0.005620492939364902,0.008246336749357451,0.005932941325758195,0.7038466310884001,0.005196856804722112,0.0021858835900921297,0.00250948979748578,0.006004878763128774
CUB,0.2540639798694239,0.2261164584043017,0.09451134272036621,2.806246898019362e-4,5.180151342988822e-4,0.0010279115459696114,4.7629509572237377e-4,0.43328810334382845,0.003258636664575729,0.005330078983011188,0.030304998020555248,0.46004949277685164,2.343092277081475e-4,6.511340760837357e-4,7.59736908524721e-4,6.292001730403117e-4,2.790887996612565e-4,0.6128059917509059,0.002605009829202602,0.0060913402175779,0.013118771539075869,0.011246061842995961,0.8200631337958201,0.0022093592041367784,0.007555130076932853,0.0059046812016586275,0.005542131536515602,0.7076611113798229,2.925188449823735e-4,1.891324138441627e-4,0.0017213272141076395,0.00298325803526998
CUW,0.237087923754423,0.2422498726254231,0.05054422962139777,NA,NA,NA,0.0033526312945533227,0,0.006525383943281188,0.15392330073697275,0.23692280523153497,0.13605259331493774,0.008899748203490999,0.023415436928954706,0.019753423587428896,0.010340911905795641,0.009818716576974765,0.4053146396196288,0.002140124777132094,0.004315423682714752,0.010595597792564939,0.007191357168137831,0.6412423139250196,0.0019755508507185724,0.0051702126624368315,0.005059167236710145,0.002144213454155753,0.3699966170442715,NA,NA,0.0020290577460407456,0.0021554604224938295
CXR,0,0.07412389556099726,0,0,0,0,0,0,0.013429304398443325,0.019871737485832056,0.09791176338169326,0.29094165387826243,0.011906013731837785,0.024442606260532206,0.027476494903022355,0.013662155286938987,0.016343218151961044,0.43928547225234227,0,0,0,0,0.19626730442983464,0,0,0,0,0.9183957107559937,0,0,0,0
CYM,0.10823677980415175,0.09370996569223367,0.01316297863040296,NA,NA,NA,3.5242980124193366e-5,0,0.002147287970551769,0.0015687578461279729,0.013729994061725712,0.12533710773556536,0.0038542235112410633,0.011653598315588157,0.010243611133922097,2.671294387435856e-4,0.00606865031770015,0.011847383433860626,0.001531842053713965,0.0027231403688142424,0.0074131157889368495,0.0012380016544476322,0.1531341027999901,1.5905050489695805e-4,6.030956925297671e-4,0.002013376227565253,0.0023464694153825577,0.8286903418205775,NA,NA,6.620279181059956e-4,0.001246790591589143
CYP,0.3226715612592872,0.23932876106000417,0.04383517797108344,0.0015705152166659493,0.00397780044611608,0.003995795606901478,0.0022659368715327787,0.4145186953964841,0.029366270229095888,0.0737507754402349,0.13912506913951522,0.3565501974450588,0.0025901056821498233,0.0064965051575766085,0.006775966197248953,0.003425130974136256,0.004183208152280872,0.4298088850215937,0.0016734839899610384,0.0037356814219654732,0.008570411654246836,0.005066264294897137,0.5518211850725677,0.002093541695097353,0.004967839826142032,0.005957886334092556,0.003997035799753417,0.40902462222555586,0.002315510141465652,0.0012059050128461527,0.0014794297733042,0.0018458779663666025
CZE,0.5633894586237508,0.443525123574166,0.15418896452381425,0.010523695367563736,0.02438890628635728,0.024224024529672494,0.0191395914418621,0.7661282742140155,0.16990595255482954,0.3272450493419273,0.45793485278360124,0.34501908668157105,0.010676449051757332,0.022452112051032428,0.021524422685354618,0.016914313861498238,0.017355047824737357,0.7425187131868094,0.006243358680208265,0.012158422485259203,0.02785120563708368,0.025014719231761465,0.8781352422309264,0.001804208141000089,0.004986265450715768,0.004639566602826629,0.0036380040044318085,0.726503701404836,0.004643921360751213,0.010321233041931338,0.0020200083735302196,0.006236652714246167
DEU,0.6427937141914575,0.4053271347444772,0.11134742320536589,0.006085055067113244,0.013290810376192596,0.013067027374526186,0.01064869151290801,0.7363046113011377,0.2143649358144481,0.32362631192980595,0.4693978666983052,0.41980567417536296,0.005903091115976603,0.0130290877603639,0.013145901584789841,0.010890888547863563,0.009306001819285039,0.7359766353501321,0.004740689345120974,0.008720288304854879,0.01981083231710709,0.017070942701497747,0.8233342458814585,0.0018321291042352915,0.004937976665505981,0.0070320589045611915,0.0055848091505857145,0.7444356886766346,0.004224793954510021,0.00651981510254725,0.0019064705580665315,0.005143635505915247
DJI,0.3115304414788454,0.22247649646865436,0.21766367266489403,NA,NA,NA,0.002346306074740708,0,0.006155763430609616,0.03473644545724275,0.035685674457748784,0.1599646250444291,4.7043265640332065e-4,0.0011964147089348635,0.0013314697500458289,0.0011797947539252355,5.224521388800446e-4,0.7012624644104767,0.008971909456424114,0.01751085502929913,0.04649548448580595,0.035898584075076234,0.7456636789661657,0.018580026083181357,0.06260422558082133,0.032723423600523265,0.018729191245567083,0.5520522581128241,NA,NA,0.004921565938547283,0.016139193899123244
DMA,0.1884061854756774,0.19133448903771308,0.048630079359424115,0.005692199558010979,0.010712030059008901,0.019030252490733403,0.011151322444666656,0.43805085078180106,0.00936738206965838,0.028337738521287327,0.09146472400554628,0.24997683191836323,0.004565926743506368,0.009189116631281764,0.013543846193110288,0.010565908148086443,0.00789362787031422,0.75164988272839,0.0025301642617258225,0.005475568206605135,0.011994215448395702,0.008434852677099463,0.6653051016031342,0.002717970241404206,0.007635887159487756,0.010005221764919976,0.008319864628956354,0.7540666741679468,0.009843743386476436,0.003405349499371445,0.0018416395257178418,0.0032961603787780096
DNK,0.4745248955716172,0.3690919132749775,0.06473396602394797,0.004094578008119313,0.013661975380655528,0.010507277091590961,0.008962244500994022,0.8141005649414104,0.13628115245226755,0.21970697156586327,0.3480101463594933,0.4626077784302474,0.004711126978058104,0.010459460336826452,0.012268271993787183,0.010733498459654722,0.00749692990411701,0.7946163824340878,0.0024888972106261605,0.00530575495369078,0.012225166976619265,0.0101588226568889,0.7880444872363653,0.0020130635494723056,0.004673853375843281,0.006099155060932923,0.004657203687765339,0.7552305710056498,0.0036630264655274736,0.004488452912795088,0.0019377082402746329,0.0030640236766638685
DOM,0.41167680621822383,0.24783445714942792,0.1454838598725459,0.009506066051246107,0.015101496214674045,0.030043162025890992,0.021501318864696334,0.660385707885636,0.03254619630964001,0.0556237456679765,0.11431828045842712,0.4608707132592889,0.005140066415316791,0.0089529694788619309,0.015423531377669008,0.009834568824950672,0.00563007203532936,0.5032060172341762,0.004712435300655165,0.010107443106305609,0.02329551575662693,0.018530666433044084,0.7417716308225497,0.002702882047508897,0.007073524635658204,0.01007953760450245,0.00793633863730121,0.5792597176127102,0.012523542496340839,0.00805398112845828,0.0029774022767277146,0.006409077675767767
DZA,0.36416616597586726,0.2587036902624615,0.1889177080103198,7.768275407102626e-4,0.0024904791444278194,0.0024278640726255103,1.7922573902796497e-4,0.06120966401993679,0.007231972072157608,0.008825569467668395,0.025249946126568546,0.3375456842215638,2.676165279572202e-5,1.0766947181361375e-4,7.481557275709815e-5,1.0471746419169378e-4,5.6195228490877375e-5,0.5472124259062116,0.005377212564315226,0.01196116670550038,0.02511334374790014,0.022536120312692722,0.845845727506223,0.0070423951954479,0.02275625376793127,0.023649760345906,0.018358161505914915,0.562282832649867,5.601959003801025e-4,0.003293694654586217,0.004596557228025961,0.0071313241002273825
ECU,0.4050231032178935,0.2504156035783981,0.16871604207256474,0.001919669351004858,0.02745255734484955,0.004201166764741859,0.0015823787558230983,0.3552620931542671,0.009674525513050808,0.022193875841192163,0.05350302045943691,0.5054182411441223,0.00216310537557961,0.0055935401531759955,0.005095213275385265,0.002329428995282824,0.002317109352015266,0.41486658539483817,0.0059819066916713655,0.012815564277160624,0.028472811652246303,0.019437345299589934,0.64548413184832,0.0035478543926053974,0.01104833132914272,0.01060852229315361,0.009178495213217085,0.3149950026648374,0.003649102664556598,0.003990457250263441,0.003377808816714051,0.008547074828684862
EGY,0.34433922874964507,0.21181375695354915,0.13792154270077034,0.00732663432310818,0.01629245341790188,0.015952652858655866,0.011763979457297302,0.7052882311458392,0.046851075249007744,0.07501048790922979,0.17792999791178743,0.44570846864549624,0.0038604514404937903,0.008577379891217528,0.00858250931487265,0.007047999870321508,0.004876483774064557,0.6749385681399084,0.0032358752251918635,0.008190277497427048,0.015632679788867964,0.01245707971560763,0.7441869809093107,0.00368930615614406,0.010191787657819787,0.014306232933138721,0.011590638896941572,0.6579879783529641,0.0025161169570521,0.010614810764039199,0.0024249643074630116,0.004843703364676219
ERI,0.13715970603208003,0.16075040752032105,0.0997945724763513,NA,NA,NA,6.363331836018174e-4,0,0.0019266750547532658,0.001308915354090079,0.011427526592936043,0.1301553804645384,0.003965810949698239,0.007403542107712917,0.00913783412767894,5.068397876391926e-4,0.010819322155033735,0.05292377043855563,0.00631151183978159,0.015446921018984433,0.02450714363347237,0.01919003004898737,0.7626268587806819,0.006803608593618148,0.01962573007570771,0.020181923404558186,0.001090867206323651,0.05475179673305303,NA,NA,0.005418237083726543,0.005665871275639194
ESP,0.5803108371510147,0.35059964069539123,0.10011503341247195,0.004670322105851788,0.009926786186418735,0.011231439622273926,0.008901813368846623,0.7087994966440018,0.1437306974950481,0.23359042545836392,0.38337255445676777,0.41661785718259275,0.0044732547833352945,0.009438088193615302,0.009987772115679062,0.007671966023253071,0.007662975397245872,0.6856685830448037,0.003491926684065326,0.006464165778710049,0.01641259762186493,0.014120168032633404,0.8223974577877302,0.002462611608712837,0.006175324181019846,0.008026694452472975,0.006162747414070619,0.7420114456753657,0.003745642441631017,0.004915603562469282,0.0015260440545946596,0.004337398337117228
EST,0.5710322831315104,0.32910604754127937,0.08149657225039422,0.006405933527277764,0.016164727231243476,0.014145136662858474,0.011268908810645621,0.7411785902977733,0.09273111821723763,0.18087216660326694,0.3561795612269973,0.4034234181302355,0.00661516078493283,0.017300787937958816,0.015025431689274907,0.012395549144959177,0.010746857811139782,0.7214179630620733,0.00298315034553209,0.006144342583785331,0.014626313071020972,0.01165295528736014,0.755828612641061,0.0020986202516210207,0.005150717414211199,0.005771721684326896,0.003935442934080507,0.6433709055920739,0.004096241151622697,0.007522294920677977,0.0014303788335466477,0.003670647436448145
ETH,0.26752823425005573,0.19668938698218802,0.19111577173144076,0.012178022102828112,0.01910324393312016,0.030432284642447145,0.010351197980398878,0.28825197171242,0.015195402163093206,0.015737130519353614,0.05631484787119882,0.52525464556081225,0.0014749271061672254,0.002745035566462152,0.003841708825006336,0.0028979374505560644,0.0019026802480100774,0.6521250425428625,0.00615018118650375,0.015413714916338488,0.028940069263541507,0.021334774115598597,0.692648511427127,0.007922449567086135,0.011440529728775902,0.02518454472861464,0.015741353687780985,0.5685507595716178,0.0017198703973686125,0.018884806629164985,0.004125477711493251,0.009012028941157506
FIN,0.5902610652926397,0.3447265909411246,0.08633329376520575,0.004249885652985465,0.008717476943259028,0.008875868931974803,0.006758592593538575,0.7033653967111554,0.11073922250252878,0.1659417100121471,0.3011610170978974,0.4866974497491593,0.005428892859164471,0.012200025234697683,0.01083589904268665,0.008526219382593975,0.0077108420232340266,0.6847779869566424,0.003830451466505997,0.006672213503151897,0.015806637000699106,0.013000131067298993,0.7885917675956673,0.0014721303718798929,0.0035172426366412114,0.004478532047598213,0.0038174571179636274,0.7034201043660748,0.0016833834458722839,0.004177552140108202,0.001297317525592168,0.004314216781490877
FJI,0.31150683655831124,0.2341093793385806,0.1122076137851652,0.002750896981233765,0.007446730905166081,0.0077409275880631,0.007568310835197423,0.6477601983461104,0.009625966374246267,0.07867361710236727,0.12616870565919194,0.2514228742712167,0.007746984496345877,0.012348548300451404,0.022820326733741722,0.01572361503259977,0.00479407218493887,0.47528826442972555,0.004468687085876115,0.010233651002573913,0.020906052557558636,0.014554135667549753,0.64033657164766,0.004616200295308707,0.0109621161807553,0.01577954414416379,0.009911877506090351,0.2871788491800115,0.00616770598418943,0.0025884173424753636,0.004016545833057674,0.004903737050031736
FLK,0,0.15346425437503713,0,0,0,0,0,0,0.0014914034615995664,0.0024399848036660418,0.00500728205029363,0.11907950348631498,7.580090164668193e-4,0.0025827232533795507,0.003198896848657628,0.0031386442529751854,0.0019714918042941505,0.9795246460114305,0,0,0,0,0.5782077891178958,0,0,0,0,0.01579272454060679,0,0,0,0
FRA,0.6750623565817683,0.37165004995406387,0.09559296628226238,0.004897917924175527,0.010945316365688742,0.010260591580600855,0.008234614126260274,0.6874434718474466,0.16853611229297444,0.24412739063233962,0.39396781476678694,0.45970885474753054,0.004451517353915058,0.010163521548980006,0.01079992888237566,0.008265894562118818,0.006883685023451274,0.6756302734375222,0.0037401908631948992,0.0070178321585983635,0.018569204635832965,0.01544541932707693,0.7896471440166034,0.0019220496868712041,0.0049604948244457445,0.006113489398258698,0.005067184461827198,0.720857595167743,0.0033038718828281148,0.005881388552580246,0.0015162024017507355,0.005021201488160655
FSM,0.21947761633714638,0.17254242050363025,0.08504426355909359,NA,NA,NA,3.654890867703967e-4,0,0.0022841799596189463,8.618711339429545e-4,0.006981043563037685,0.10828958793512278,1.6468197762792918e-4,7.632626210354089e-4,3.5524642492676883e-4,3.7947660309608827e-4,1.8298858741600007e-4,0.9850620912400542,0.004513595723839608,0.009637297415824808,0.021367179317873648,0.01555020472051661,0.6741750954696478,0.02328352284287157,0.05759038217933748,0.06488271604444523,0.057033139914263585,0.9515344845537297,NA,NA,0.004276453242738766,0.004193807612697946
GAB,0.3122184304371722,0.19858601245153887,0.09365615796810424,0.0015316470539510768,0.005080431203954319,0.004941948047052403,3.5712587353445405e-4,0.06192065472650555,0.008031015464821855,0.01698754773122847,0.03937915973093837,0.3783330856916292,1.9118966752584488e-4,6.345008277791352e-4,5.336653477741106e-4,3.307923904441858e-4,4.089351365838228e-4,0.46140164596503136,0.003890730697485198,0.00905782592432424,0.0186221321926808,0.011318300355999001,0.5755635072289401,0.004622188367667611,0.011707176482965865,0.012751059554835641,0.010255436519922032,0.5444766398579403,3.619768813483081e-4,0.005441578570396463,0.0027080196467944443,0.0048947702686934335
GBR,0.6846040099213716,0.3530929638733962,0.12881883354873402,0.00687468460348698,0.015063613671905918,0.015878782823635525,0.009951978931887477,0.5440633071646588,0.16873127213168038,0.23319372392505444,0.34442736824297043,0.5518282947868007,0.005249419882180322,0.012164404381144654,0.012657743532131066,0.008891599220642173,0.0070272566720983795,0.6021161457518102,0.005721984003311863,0.010654759597221973,0.028585804982213248,0.020835469484715936,0.6964544149713565,0.0028663923532949945,0.008475743666580991,0.009567920496089937,0.007732193255605388,0.7001107141447372,0.004027024626795941,0.008259203919139885,0.0023363896067143453,0.007026393895014011
GEO,0.4173700159831028,0.2474917496458037,0.07480761604987145,0.003896736942294747,0.007570525831998368,0.00995312335756285,0.0037407337502624143,0.3393330913153708,0.029714624973600345,0.08723073485582583,0.1552693862561774,0.2625195815017665,0.004818280471468645,0.009471515047469781,0.012185284429057284,0.008439980429359431,0.006422206557072735,0.3778327345597501,0.003305778159379805,0.006549176638748231,0.015627076433501117,0.010099276734479481,0.6147254831505586,0.0028693697632706724,0.007574701767141131,0.008990154827874498,0.006653362998805619,0.7324254283739299,0.003251476878077104,0.004354250897053591,0.002324096017626585,0.004255380700997832
GHA,0.30090470274188347,0.22352548866142508,0.19600790746625962,0.00141119933041675,0.0034136743225738377,0.004102726891425885,0.001863259527126228,0.27639078776451637,0.005584112205081975,0.010970234884737315,0.039428188652316586,0.3074418008555536,6.136210371020742e-4,0.0015533034497145536,0.0017761758390593685,6.811641651579441e-4,9.758666185392216e-4,0.28713645577264035,0.008034543398278252,0.016409306194057564,0.040828450300485944,0.02916138806330069,0.6842327409010338,0.005424678594961359,0.020404596817416246,0.009707050250014566,0.014254104688686084,0.5430940087658244,9.790094491001363e-4,0.0031534613578841695,0.005089179000853472,0.011932499597192859
GIB,0.05379266690958143,0.032553454242035804,5.980921413167941e-4,NA,NA,NA,1.1299551356499066e-5,0,0.006890676811996669,0.01989173062557218,0.04917092288563554,0.19885563255735533,6.255407933418288e-4,0.0014235065811438314,0.0015976554833126468,8.713368459062341e-4,8.700594839580919e-4,0.37458136923970614,2.2226161344900863e-5,6.092062810450721e-5,1.1787121394850889e-4,2.4887378954046217e-5,0.18061267796395866,3.0711512511959253e-4,7.165753007827964e-4,9.566276536005824e-4,4.7858062510083263e-4,0.5444122596603982,NA,NA,9.88273835724804e-6,7.032447080039484e-5
GIN,0.28314362383673813,0.23652152240359697,0.21345873812501662,0.011897137659143232,0.01726691067878248,0.02389342938849612,1.295342795332645e-4,0.004447400459945194,0.0011406062572303346,0.0013801037661780684,0.005665695575975898,0.1408152097217482,9.698187160431013e-4,0.0017326854807314862,0.0031953135796129427,7.439691960910747e-4,0.0012210491378096206,0.05465154477061295,0.009092928053981044,0.019397180426688237,0.04388198727586284,0.03511543585873109,0.7683280653318727,0.011681963089646575,0.01759108781859116,0.03401880416073359,0.0014244165863647282,0.04383118596358595,0.01172482924970237,0.01871016489080168,0.006445884201340711,0.012301527685898135
GMB,0.1941323555249927,0.10864197530845027,0.0697260417955393,9.694768717015647e-4,0.0035773872875860683,0.0021473408222850306,7.062705350948396e-4,0.1511853030173926,0.002496719800027715,0.005029572109770214,0.03646587825814171,0.22787207828546194,0.0016655370002424746,0.004111395268260633,0.005289441277158331,0.003983199084483262,0.0012962757673364632,0.593918107639995,0.002048323007240071,0.004454430491825561,0.01021418299146014,0.009524559224003545,0.8907115586877921,0.007592062769129725,0.01847055706394673,0.019178188522531146,0.005694494184985085,0.34758816843907403,2.1298095301409048e-4,0.008839615907943172,0.0031177725573904823,0.0014025342125501196
GNB,0.18608793178535604,0.11718390814846036,0.0590505636845691,NA,NA,NA,7.027521827405734e-5,0,6.376002084214999e-4,0.0011658870303729316,0.0065438037683276246,0.15169589481574824,2.1551046106722528e-4,4.329799036274367e-4,8.976772072176901e-4,0.002403546387497144,2.1623509406181916e-4,0.8428500826971128,0.002396102479571849,0.004957348261407152,0.013634351758630238,0.009474499403488788,0.654272200085904,0.00080289166018653805,0.0018824741574692012,0.0016338560261382811,0.003947863157078506,0.8313680666619816,NA,NA,0.0016482007442892611,0.0032681940517317637
GNQ,0.2962797923885977,0.257050670494282,0.12314852765343293,NA,NA,NA,2.116436429758006e-5,0,6.937134474242743e-4,9.990647695919202e-4,0.0063719858951560345,0.3697621174720884,1.4164748073884861e-5,4.3268935319184347e-05,3.203284908864988e-5,3.616676632324922e-5,1.3991779827522663e-5,0.9248427773227093,0.006884746481587263,0.013323743135569915,0.033301965158626226,0.026727256083697585,0.7732190946106903,0.004734649927886713,0.01327777381013088,0.009976747422136575,0.008725254413936831,0.921409226967649,NA,NA,0.005702013915533943,0.007490027859728918
GRC,0.4920425186994767,0.2784192547879783,0.09714634713157977,0.004899802506969003,0.01070750723563523,0.014036828914582748,0.008923495143830352,0.6038046292698036,0.06362861404567695,0.12407052143995519,0.21736447514001336,0.4171757181337981,0.003909933688734149,0.007989966585994596,0.010170503308412633,0.006449479919813919,0.007147618060374908,0.5812077399723932,0.0031855826818324145,0.0062049583425683955,0.01652140111598098,0.014104970729132058,0.8219082533000945,0.0025822290228897774,0.006875950810974736,0.007582886358322288,0.004389803637833061,0.5768452751441357,0.003084948774591247,0.00581859949385497,0.0012774217718564962,0.005771987017522977
GRD,0.24798587019660914,0.20502931772901814,0.04952565044405416,0.0023517069660176984,0.005441704072725532,0.004399950550511342,0.0015992464710789054,0.18377386656367517,0.0018446246507486394,0.013053533076840027,0.04933666487168367,0.30195239807237695,0.0023364483642013163,0.004887321968520209,0.004974536452794575,0.002757393274641912,0.003547783852494631,0.5174042490242513,0.0023274979895131142,0.005158329133156891,0.011191863143649696,0.007718514902619641,0.6378402436313688,0.004709266693594068,0.01181369638928363,0.008416901832093263,0.004811328942178965,0.5066602293851996,0.0013280412675276076,0.0037139115629064995,0.00211303584463429,0.002245571783216974
GRL,0.04025042913199677,0.21088803851860072,0.0014424093399458286,1.1019468999825297e-7,3.936993194257848e-7,2.1364349805763457e-7,1.37079588491257e-7,0.6083654641313326,0.0021176196767739024,0.011035421121591307,0.01909302614669074,0.2133243089744159,0.0027457333558151896,0.0037075106486404467,0.00834471471241791,0.007930720265874073,0.0038664822044265916,0.94850817958492,3.3148673937107816e-5,1.6486210713653204e-4,7.531507252997827e-5,4.480269949583509e-5,0.5747201156073398,3.633745600583655e-6,5.255282762417761e-6,3.457703739665738e-5,1.835198818179386e-5,0.2581729706234206,6.001413571845487e-7,2.3686560291638894e-6,8.254506713874652e-6,5.691784512493294e-5
GTM,0.39670645435188095,0.23232680760679061,0.14090632358145352,0.006244791692271609,0.01118844395996972,0.01709155942871571,0.0129535524284062,0.7337938293123696,0.013543284485367079,0.09568494669694468,0.1403906270171118,0.29390148243043274,0.0027355038264865357,0.005402649301676542,0.007942752431476421,0.006871760482337539,0.0037689184595317824,0.7946534889372091,0.004882801081919615,0.010540353540932048,0.023473305848147708,0.017505191804865573,0.7112355086717149,0.003814697953717134,0.009836249035659132,0.013122890705580039,0.010618948792832532,0.7182153267184548,0.0039003750018763677,0.008436113471144839,0.0029229342673810447,0.006697535706541259
GUM,0,0.10993581368574296,0,0,0,0,0,0,0.014042324839275293,0.020690001891234197,0.08973802315608771,0.3098471672779187,0.0049030353899690605,0.01252550805979175,0.012724776575464055,0.010388574743458556,0.003974224571415297,0.765901919362807,0,0,0,0,0.2661416042353278,0,0,0,0,0.32529825655463945,0,0,0,0
GUY,0.28232138718721767,0.2066101430510405,0.09723463034927222,0.002006165938143018,0.005356669812696975,0.004658639029035678,0.004142676710841823,0.03828890129012177,0.0027305295894823403,0.004792113653258219,0.01772032740369991,0.32688333624002736,1.4175752972269266e-4,2.698150391599269e-4,6.371864330296467e-4,7.067133468241124e-4,3.704995120689225e-4,0.6502127565224637,0.0037065616703184914,0.00813755054837388,0.016996905610855876,0.012012839317609443,0.6690643071372737,0.005715406103581149,0.020901756409441547,0.012886060860822229,0.010735158396343971,0.6505475489005991,0.0023586740007655827,0.0025610643290876365,0.0029212124809023044,0.004407818253896826
HKG,0.3421204924412497,0.27565603446393683,0.29756306840998925,0.018935004293645172,0.04604672312768138,0.0570732683331309,0.036689483172867014,0.5352692305116347,0.17677797042904558,0.21154678929357962,0.4531476459012183,0.6276213074201831,0.01749757815565585,0.04075702198147501,0.03940873692909096,0.024649980496339197,0.01937725731721523,0.5617117215471246,0.008063753594819135,0.020921459062209206,0.04317073142112447,0.03485847975738026,0.76916355165258,0.006255774545544057,0.019407584250150094,0.0212571395613432,0.014413622178071014,0.4375812816770537,0.010532783614332818,0.016116677875675424,0.007683298386599921,0.011481088780509782
HND,0.4380209349216716,0.2351531093826442,0.11437818494061452,0.004687574273556363,0.00842425257024826,0.011397992403824015,0.009938286899857502,0.8455454876469446,0.01488152039246128,0.057423488763884215,0.08833366585670774,0.3590457124496789,0.0034227582448144883,0.005242577605409245,0.008568351142526876,0.008129009269135524,0.0058660944007128055,0.832405941131881,0.004122681282846345,0.008391362403152785,0.019824874689808154,0.015265943642721175,0.7389449819738958,0.004376390875275356,0.008182524686149568,0.011940475518535476,0.008981695224905916,0.7468665034370978,0.002990510468419926,0.00552608414332484,0.002294883644695599,0.0052583263334385335
HRV,0.4246222754370005,0.30845053946129075,0.03708054486833436,0.0015816833201595802,0.0038383136922747075,0.004273345134357043,0.0035872203569683623,0.7974154372808017,0.06837170923220233,0.1393424182757643,0.28713887857885545,0.3251311317835696,0.003938183929325816,0.008667863860560447,0.009569078689498465,0.008005598227561844,0.007630987639845947,0.7856757920222158,0.001071683277369663,0.002387699083685645,0.005633522729606583,0.0046799824230810555,0.7880803263982477,9.738729654931836e-4,0.0034410789785534377,0.0030421949237056513,0.002507775027841302,0.732277408469762,0.001106857831764873,0.00165403546891706,5.60623433670346e-4,0.0012539294164742264
HTI,0.24740620751177983,0.13920554132051702,0.08509162346601853,NA,NA,NA,0.09995250889732217,0,0.012955268145193587,0.02074131587930327,0.052361481960581824,0.3874321704903185,0.01382986122350964,0.017994469667518852,0.03658266998570897,0.03195939918229897,0.01330895107876864,0.8506558104179721,0.0036917654537012355,0.006904562749791702,0.01867688173453357,0.01468678886043327,0.7265778673198671,0.007604881370698495,0.015100822424184883,0.02040965350330268,0.01393180071979784,0.7351904177436133,NA,NA,0.0018377134200727612,0.0065974183483053055
HUN,0.4127717335370893,0.3545688658103861,0.06612443442023225,0.005772989742762064,0.011776578331519374,0.013378650297186762,0.011509810051932344,0.8225708678963607,0.1456028583070826,0.2744749975432048,0.39680414166871264,0.3650742192728619,0.011947231981620983,0.02229177109970204,0.019295576332109547,0.016589126878279306,0.018448613512045745,0.8120797122144017,0.002287330091219002,0.004731052597884627,0.008515661670119185,0.00833811868380473,0.8672278723594665,0.0015802715545630043,0.003946347689503359,0.004037933994330122,0.003372873355963188,0.7088005498513897,0.0037707575229054156,0.0049971995786552755,0.0013622363894796026,0.0022719664878791883
IDN,0.3864517322734676,0.2706156645325718,0.24157282431825378,0.009340292070013181,0.02651929191713654,0.0239322576948612,0.019521217166229683,0.7002084022928692,0.13979323887613057,0.15972234338372254,0.26584908520309825,0.6172170476214753,0.006658379789264964,0.015397634359689334,0.015353510361946572,0.01100176513458257,0.005944951332648212,0.6544239157470831,0.006372803487758808,0.014408369211714109,0.030535068675968224,0.023979051248315238,0.739620204829176,0.005757899242461534,0.017704065040827593,0.02041389255982092,0.014258280632352049,0.586040792362929,0.0031179592591282917,0.021414983425259673,0.00390929560837369,0.009998326060055844
IND,0.38995672508699963,0.2071731749280454,0.1673553892166741,0.016054888076984086,0.03567183068730477,0.03630809794960414,0.024556176035238988,0.45842640182728367,0.20020284297470978,0.22795977977012372,0.3450619087370446,0.6394906991854967,0.009195511233239653,0.02006279336368599,0.021571572119393225,0.013839801414268708,0.009338163777335116,0.572042746693577,0.004345226208715756,0.009443173561966688,0.018818353598640213,0.015442691243609662,0.7633177293670163,0.004740880064634926,0.012803265507288726,0.019282262208508386,0.011910379042448611,0.5331573829835108,0.008932685154739276,0.014467050096661572,0.0016774223746453603,0.01241665678144609
IOT,0,0.04832949153932512,0,0,0,0,0,0,0.0018919049545720102,0.001699107691932973,0.01619723164540447,0.07343798805878365,0.001059172161423375,0.0030109368391986815,0.003747432764497628,0.005431960772141165,0.0011968499263761976,0.9110695650042753,0,0,0,0,0.3563822199989705,0,0,0,0,0.5519440458372608,0,0,0,0
IRL,0.5160195744058578,0.27722759628701205,0.06419617221798334,0.0019039106711955917,0.004445023060558745,0.005990792411637848,0.0059429308444538705,0.8472966649660587,0.07787720362500912,0.11073626702076127,0.19476316579874892,0.47106028546999623,0.0027591597001192032,0.006640301407489295,0.007236883669764584,0.00659277847236094,0.004514492497771178,0.8202308687625668,0.002482635154666106,0.005658859820697403,0.013232341158008813,0.010437144565272253,0.7393562168708082,0.0022221175034168343,0.005115328029722082,0.007610096549300379,0.00491601725040994,0.6027893217519854,0.002123822935483021,0.001200633924150154,0.001460067971635044,0.0032981050878948858
IRN,0.28002827607847475,0.3454362087742261,0.20621093034150043,0.002371891460514704,0.007594291399506547,0.006814878051590868,0.004609977871804205,0.6075079193086965,0.01588546956225036,0.047979028585371855,0.11591035916541534,0.24138692257958957,0.0013365855738815143,0.0033032627502688223,0.003962298017688903,0.003593953412194916,0.0017864973096506486,0.7992855855666364,0.009060109156425257,0.022316824963787483,0.03205228635473506,0.029087954936401567,0.8597506330597813,0.0034238220615376526,0.010082691377732189,0.014137626885944754,0.013209152099591092,0.6889181817686695,0.0014629525118891181,0.007783178174397047,0.008443567876964177,0.013281340671520392
IRQ,0.3826213671626859,0.30980613850030503,0.16608607494957364,NA,NA,NA,3.78506607612138e-5,0,0.005832383946451121,0.003356491566756702,0.0190498973575523,0.28732154040675,1.146128420731567e-5,2.5730494609141397e-5,2.9419750922864892e-5,3.501564877286596e-5,1.3530575433642346e-5,0.8490975470395878,0.00624538978857529,0.013128052136310896,0.030836350867550752,0.023432418353283416,0.7325229816142211,0.008649937558347186,0.03117200901758587,0.022442901186914693,0.03991621803842877,0.8528322212220268,NA,NA,0.005752777031064981,0.007404902558994378
ISL,0.45280846856725104,0.26431905137978345,0.06280507343159471,0.0011377770960828574,0.002314425455548898,0.0025583120427780373,0.002580471557548905,0.8426859831311411,0.01480417146288548,0.023868658640327105,0.05884481645428042,0.33094529712139853,0.0023863339251140358,0.0035743768960166244,0.00726040539345442,0.006505065354745874,0.00326482740156511,0.8514250938640741,0.002856166077598148,0.005472263155166646,0.015116865721822394,0.010658262172241932,0.6755896098024634,0.002140481542652159,0.005407547209497621,0.008337722650941789,0.004226716998003754,0.6121752119837907,3.814564150406258e-4,0.0072208532964911105,0.0011624664516536128,0.004155567671196455
ISR,0.528069941176942,0.34341248804631286,0.16598256422992538,0.0067218541926895,0.020232916611893935,0.017165577932340324,0.012526676050891418,0.660925376909674,0.12375378292496383,0.13238447843402948,0.2593751090206342,0.6496347424607949,0.005569556291288655,0.01836260008169363,0.013310786150559247,0.01066035106489294,0.006306910718080513,0.6835790975348173,0.0058194217980404575,0.011805449005866638,0.02873584219441165,0.02224792637735211,0.7318805333705303,0.003251313003954176,0.008475848199294941,0.012458112611780925,0.007176888782126578,0.5108142094146909,0.006587956032797582,0.0061856463633287945,0.003531545425727739,0.006916650280104875
ITA,0.5698454263870888,0.3197432088316121,0.0729944031801475,0.006444847988955779,0.01402518997114011,0.01390368696947553,0.011390396074337011,0.7569082496233556,0.20331231308933728,0.28628883519036946,0.4321226886154036,0.48323381577499364,0.006292151211857013,0.013738305549876944,0.015171245604226979,0.013027236034768845,0.009197667727406423,0.7706347430875505,0.002434945460835455,0.004795058054412609,0.01121656090708055,0.00968455067564296,0.8221212743281081,0.0022518434969779236,0.005749598657764157,0.007026614503572972,0.0060008930352269995,0.7800221614954423,0.0053902298053042415,0.0067607110081521855,0.0012878228427772509,0.0031439775146064625
JAM,0.37845923779901597,0.23395004469824315,0.09723539371371372,0.0024710653944640696,0.006451580947959996,0.006043590378067655,0.001306173743195717,0.1707440526860834,0.007593849123389388,0.023800205473336857,0.06999760271696914,0.25270254977028045,0.0019281397719293294,0.004033379787367323,0.00559547441756308,0.003610857196526615,0.0015136177184471556,0.5991752898881418,0.00419184162135721,0.008342482391743667,0.019873250410784287,0.015331998556897538,0.7417503925410878,0.0011570463249088725,0.0028016511734675104,0.0030965247269154022,0.002671883456305604,0.6346538344087463,0.004781957561415455,0.0018465001405884643,0.0028166314128140264,0.005535190759554701
JOR,0.3783460874477664,0.2119235080394171,0.13676449027765605,0.015666608778066776,0.0222284808786125,0.046287062669150864,0.027486529684735587,0.5525242305519045,0.02697683866517159,0.04680147034971872,0.13065736936158096,0.38336595798637524,0.004885682928448406,0.009427969668810947,0.013199969782533892,0.008340674453089073,0.0053753181553303254,0.5241702965411648,0.0040801127520228315,0.009459868105992038,0.02120434281975222,0.015095644914589097,0.6656452621149412,0.0027904741769706233,0.007222951102577809,0.012471305850848827,0.00923616348526352,0.5704658293507829,0.003579729151570108,0.024410685817949664,0.002349895329173698,0.004723966029751
JPN,0.6410376433555791,0.34672660767532576,0.21573908338820943,0.016204820723915197,0.03823266987344569,0.030044332046402302,0.02102063973408138,0.5809932390250762,0.25757837851587195,0.3061721629677465,0.4278346748335113,0.7322819873162697,0.008007036598941544,0.01929090239467384,0.017734150930356612,0.013388710246544248,0.007486083344022836,0.6404212680794814,0.008206388365065612,0.015919233754316003,0.03982131057053376,0.032946083677164575,0.7899626858997528,0.0055190001988236264,0.014143529723238991,0.01742858731894803,0.013370123319268474,0.6518100777292549,0.0141806353412898,0.019527573215334798,0.003352506449357921,0.01387404366653225
KAZ,0.43391706238949146,0.3610803845384473,0.22638739564308688,0.001397246669294403,0.0030135021086235628,0.003599540504999713,0.003190577016895962,0.6530939180360782,0.031140735695509954,0.05350383917012313,0.10707269426338963,0.3652708481565787,0.0027259745001192723,0.006330488415516065,0.005456424098973703,0.0037041080141652564,0.0014458618620689244,0.5500148295213538,0.008379015617222981,0.01607177209721629,0.04253024066385382,0.035576047972932845,0.7667978378086128,0.010607036857563614,0.0302534392896297,0.023265899516065586,0.019219364021398472,0.5946443933170443,4.2617019854958115e-4,0.011794434042977853,0.004757014404816106,0.010740935962339045
KEN,0.3363497702765854,0.20738028375406597,0.16492916888909073,0.008989866116667078,0.013464033565129272,0.023988777175050706,0.018061266752382163,0.7220754625796645,0.015273177364176917,0.06236770707749993,0.12851840661348024,0.3380518900454949,0.002920419259095289,0.00537679839679437,0.0072744856710804965,0.0062327063706692195,0.003613530976441855,0.6680591873122638,0.005825826057798328,0.01277665597841395,0.028612615654708677,0.02007072674615038,0.6656060519743529,0.004352915057623422,0.009105183657205832,0.024143637344577605,0.014037481309093944,0.6242232674037875,0.005174991305986807,0.009011463134360638,0.003028841970263186,0.010648007567518256
KGZ,0.3051328936746806,0.314930814651091,0.25150249951819076,0.015053802353703172,0.03137790025203829,0.03418985538213271,0.013138783574018084,0.3365590134603377,0.037314720031799795,0.09124545253071412,0.16981342103344313,0.17862991624901262,0.023122204489574485,0.04654414401008615,0.04035720751944826,0.013405104784335192,0.01572119814728824,0.2868462691067698,0.015652473651956985,0.02879544404463276,0.08265025707957592,0.061576831520829066,0.6834804547256015,0.006400825274949891,0.01636374364913201,0.020243961505324787,0.0071342629611918645,0.25896693391327946,0.008430437434205672,0.022849201383914157,0.010343395145076777,0.01830824665654886
KHM,0.23072776868692582,0.18637486415978285,0.20230230208293065,0.03033263054894959,0.07212050588672969,0.08736361634684564,0.07881303724206798,0.49347861931102355,0.07128751426390588,0.08977951223066027,0.12717706040901636,0.5653797959078436,0.0156490986032521,0.02384233244617702,0.03977430268405965,0.036305060400910735,0.01712505507441169,0.8804054970429868,0.005629721464948674,0.015538962314120828,0.029685147413494217,0.022625566923131668,0.7017679032530693,0.00697652680146898,0.018374091537455353,0.02247975731295638,0.022344555251280578,0.8230027496811373,0.015266641865710102,0.040884660285172354,0.004213066252314876,0.00866058898191411
KIR,0.1911408837758228,0.16482400518722165,0.09922407444476489,0.0012346846437089067,0.0031884079329204717,0.0052014499460623555,4.171278956890404e-4,4.5164670707843404e-4,0.0021842177406933777,9.173446843389959e-4,0.0120226405326911,0.17043090331950386,2.8902005840652573e-4,0.0014876140662395208,0.0010333612703065519,0.0010658708413217885,2.4059218656658225e-4,0.9742620634842952,0.004358886081032506,0.009436573064640736,0.019593765759987416,0.01714340932997733,0.7861003716522995,0.016047481959123932,0.038747660696727165,0.0324197500466034,0.033598350078533505,0.9266025316106938,0.0010288006821560743,6.413086486334373e-4,0.0031931746951340237,0.0035843438069093478
KNA,0.16439750067203898,0.20022668209952987,0.04935312579754318,0.008919805406492304,0.019115035287176334,0.007603099239795651,0.004342907155887788,0.18648235988979356,0.005534322912103317,0.003925643960045389,0.03476879322476168,0.14520009818695506,0.004264499188599779,0.01093645919724405,0.0075065376072105455,0.0019738355964959474,0.006560526458654639,0.23180184306109405,0.002291859894926501,0.005416905850908602,0.0108520037767975,0.006731611835635553,0.5741233844243904,0.007104630710398398,0.017538376461020206,0.011555431130448292,0.01129983454734297,0.8557371725635721,0.013393390834746928,5.838735295585812e-4,0.002941182667235812,0.0017236178024364847
KOR,0.4563686589347813,0.2814698466685094,0.20041905961909642,0.01569476381768698,0.036882864151623423,0.03027781150902973,0.022188288150230596,0.6975240601174317,0.26551944986645004,0.31763316868281083,0.44167521750700933,0.7269962503971922,0.009118495367391165,0.02210037575527601,0.018537230588805815,0.013944346747175554,0.00936256750753063,0.6512643483295392,0.006691392358940081,0.013303618928422443,0.026669849263517585,0.022219960496176795,0.7883785965780941,0.005993268601686507,0.016952214579280533,0.017301504349805465,0.010821209095596546,0.4840193462970182,0.0100241920131332,0.020720759779102295,0.002892947471007646,0.010993385081250058
KWT,0.4806760779547591,0.27838943995693377,0.1425097019753882,0.0058575901976282785,0.010920865083277888,0.011780929050779756,7.404158591933415e-4,0.040718933417171255,0.018139677755976243,0.01940924494182882,0.04654782652726272,0.4590805411527377,3.740027983111329e-4,8.188043412779832e-4,9.675804399517622e-4,6.343582741045159e-4,4.2932303552255474e-4,0.4832868479425156,0.005127118922381779,0.010473413475355554,0.027478990469798337,0.021612113323980137,0.7371494366044522,0.009653398358493354,0.029578078577546445,0.02632188462858523,0.016673245226760388,0.4962372642740136,0.0019900305907308287,0.006126809128089664,0.0027518268103291087,0.005255381766930029
LAO,0.20814799949995566,0.19784061977879117,0.17294319630062888,NA,NA,NA,0.013239052332218145,0,0.032579987395724735,0.04151231589162966,0.09078679274117236,0.33979170946739345,0.0039022327277431915,0.009813938408627008,0.009819188579235449,0.007571001237017908,0.004122433785277141,0.6601723945200721,0.005476894233189151,0.014218108988150872,0.025460744130899132,0.02063166669016527,0.7000735842158617,0.003638441670839369,0.017102335097240826,0.021976983167290593,0.016619528153215022,0.6324429438008167,NA,NA,0.00538978298034119,0.006118201019019669
LBN,0.4864267905199465,0.2010639174012674,0.09896618643808934,0.005901643991438637,0.014089109211644675,0.015137816380676763,0.008177287726764655,0.5020964631730434,0.032140937880967044,0.073446620757943,0.1993165307613044,0.2977743741076432,0.005072122535793939,0.011855678859926878,0.012175411483869133,0.00788091964407539,0.005449044642327062,0.4810415704312536,0.0048170622707693015,0.010021442927911331,0.023288112649164337,0.012386638687727264,0.5123853613307665,0.004468115588974132,0.012512203075522524,0.013118680248104102,0.009093384246869946,0.538625973176153,0.006512630980508795,0.005421856069905288,0.0023983825198500962,0.005060473204215666
LBR,0.054054029898270184,0.056188167196992454,0.051444622826064997,NA,NA,NA,7.211786230576719e-4,0,0.002663610252546087,0.00808925677654334,0.031503679829727384,0.33158635913610324,0.0010479039306498343,0.0013980990115971324,0.0018681884491979744,4.7950503074090393e-4,0.0010840273506280984,0.2160406755053085,0.003081700415829426,0.006724140424976029,0.017512079117888317,0.005002521666799261,0.23744033504528758,0.010264907051038212,0.03037654367928758,0.017853060090713486,0.007915068805777865,0.26243869119615765,NA,NA,0.004103568425657005,0.002508575983635628
LBY,0.3941236028844002,0.2685035274005602,0.14154648061124628,NA,NA,NA,1.0495476183329208e-5,0,0.005127569928021638,0.005399246977723894,0.019300740638602196,0.29231557654537976,2.669426710344576e-6,7.207814055548386e-6,7.627305410555919e-6,1.5011581882643742e-5,3.76395022908509e-6,0.8849119565343307,0.006638594165990053,0.013374093384888713,0.03231884907910133,0.022063582152654266,0.6575069443606703,0.01097671307716487,0.03910419625870025,0.01889801334193572,0.017756083368587694,0.8834547543327491,NA,NA,0.005601305777974761,0.0069624509276231305
LCA,0.2707071534460664,0.1530932454275364,0.04160819200822589,0.0017957859540313381,0.0036434388726649058,0.005343735034492045,0.002860831403905856,0.38149123557565034,0.0028368499315138775,0.02505316896953643,0.08433730786730857,0.17367550041532498,0.0017866712153735051,0.00441265421210168,0.004719178902193972,0.003971757144213412,0.003151790191904585,0.6758821339133999,0.002392229666588135,0.00508266894168641,0.012253102828287595,0.006273697487299052,0.49305563601262636,0.003563468074579933,0.008553942658153346,0.010156750573165133,0.007104857966162762,0.810820319219463,0.0024425445090847033,0.0012547868685863878,0.001653415121776639,0.0032541321267242442
LKA,0.3050444311381343,0.17948840270659278,0.13933246320532217,0.01157975974164881,0.022070536429306464,0.02819747534604125,0.026263501589842083,0.7783899159176284,0.06796427914730274,0.08250260904769312,0.17124607152243834,0.609050507411846,0.009996426369688375,0.017165439522489938,0.027478229429883955,0.02301493520314136,0.012745633222627986,0.7608669571731986,0.0038637393030303458,0.00869699667319189,0.01923800452043521,0.014264770228517557,0.6907893883076078,0.004258254200104049,0.010854276956119954,0.014790223691786786,0.011940105614854176,0.7065853364665483,0.010579290619883386,0.011942670062161341,0.0022973656022954357,0.005690976276599333
LSO,0.12248310317918011,0.1805397579215886,0.046211534029988864,NA,NA,NA,0.0013267249916398243,5.004052962349023e-6,0.00490970165464331,0.04626586618697869,0.06851702830423342,0.14230115647299085,0.012857947559569937,0.018396086824491117,0.03418140055136038,0.014748711040811355,0.011902494948891073,0.42178962247034446,0.0015112594122259962,0.003514355428131028,0.006762009914718779,0.005560542877438157,0.6613783657266351,0.0010168703398415182,0.0031299543852425274,0.0038832293966865722,0.001838606033754165,0.41480969217150854,NA,NA,8.24166226645832e-4,0.001957811780871553
LTU,0.4236149020532813,0.28387747531729823,0.03950294063720032,0.002293143238097042,0.005373180322097144,0.005947717816796217,0.005028844377156453,0.7250230176994104,0.09060822835428341,0.1636712151480509,0.29849258217706615,0.4152193540005651,0.005673760266573393,0.012876443350764172,0.014146664195264646,0.011388357299210781,0.008538760058487324,0.701320285420862,0.0010440019129424774,0.0023663779288043067,0.005056708851592937,0.004498875872691556,0.8294893621612143,0.0015497451222356204,0.0035454400238597154,0.005170119700707303,0.0030526332178122074,0.5998275230122235,0.0019037417874962605,0.0028549179572200994,6.155177372106877e-4,0.0015118261900216076
LUX,0.5018457812397769,0.24601718447288481,0.03027828187312957,0.0019556982183172125,0.004280369839261847,0.004749174925681098,0.003852976547644721,0.7792738849689782,0.06880064121303595,0.11206117749704278,0.2336450350183465,0.4110608334767872,0.004809801453892586,0.01125673530359569,0.010815667722956359,0.00898772349765445,0.00894032264860051,0.7670882374652266,0.0010745352059989232,0.0021612426290759526,0.005485860282162135,0.004091101057747686,0.7105737216605394,5.801181510796022e-4,0.0015160053765684706,0.001607594440760625,0.0014730585109043748,0.8240359819498106,0.0020308812126545385,0.0014013390006493885,4.806603602600664e-4,0.0013421489608030335
LVA,0.3746004461077654,0.2977993047590905,0.03856378367754023,0.0024665014166833886,0.00808720284988338,0.005711922191881896,0.004709510033408444,0.7402703712053247,0.07116518407406792,0.15335641585576387,0.31879534645621904,0.39288713618453414,0.00482430339134549,0.01189787858560399,0.01149811149357458,0.009433467202587574,0.008649346251295221,0.7222166473945845,0.0010248142910054127,0.0027161764428356027,0.005126244541786351,0.004304472559988396,0.7487896560325908,0.0014660778152050678,0.003939178145617955,0.004709469391565369,0.0028771880298887687,0.613403167971752,0.0012387845003244094,0.002618670603721932,6.809463464740446e-4,0.0012053768810735205
MAC,0.2862567573975498,0.2518064108203072,0.16482118983212668,0.021963907505121037,0.048137926243626505,0.05131543944877848,0.0320988773152946,0.5761361603650739,0.0657429766097272,0.21250443021792198,0.23085662692847422,0.22351426923957277,0.01892388760468465,0.049817557913865475,0.046339585390488505,0.03897348052359808,0.012452164334281488,0.8098339506457288,0.00561991579504725,0.01278751283992793,0.030001544473796025,0.025793211364961707,0.7941455127312812,0.010167129705043068,0.03777158280610612,0.021922731269543198,0.014819643211189754,0.6912948570218429,0.03872289001369899,0.016451499203419904,0.005527136979236048,0.00536402423379657
MAR,0.42221065709383254,0.2517664494181507,0.09592372839430315,0.005151473375711286,0.009695651621533309,0.011513407258535842,0.010016095482899503,0.6063261365425613,0.06183180912149707,0.1066297756469984,0.19056057876345064,0.4407046392809911,0.0046693072466313535,0.008991685584568202,0.010627396297770406,0.008190573348363138,0.01015474314517894,0.7154640719788395,0.003024900172389316,0.006564999624254434,0.013966566103890176,0.010873736378086418,0.7386843011626073,0.0023856357471682445,0.006298151174508491,0.007837158023104267,0.007230059148947653,0.7919184635272685,0.002781045321526989,0.009907176563839416,0.001443704677291403,0.005665470817034803
MDA,0.537622966442595,0.2640693396486431,0.10697273436932091,0.0043338306101316565,0.008360135602283937,0.011503438844632495,0.009560213612927491,0.7069440274934506,0.03127278679087212,0.056935554148750254,0.15595593824316933,0.33406907093484683,0.004212785494746717,0.007686277470518155,0.011497750979889684,0.008945823199972891,0.00741469996930076,0.7520015227232144,0.0038652458803810465,0.008032657086227756,0.01934706595146822,0.014730155753692908,0.7253462278821534,0.0018577021631692565,0.005192926782838351,0.0062883630691481125,0.004865113799363463,0.7174756260179809,0.002237910105326518,0.007694844427480853,0.0017972296486930923,0.005042789040064763
MDG,0.2304753502218181,0.18971035383587573,0.11719920029847246,0.02156414821282699,0.02865569901889499,0.057231681703602086,0.023501433851811537,0.3242631663270196,0.020267087239335464,0.0341248845327033,0.07184782315189162,0.5386606533094055,0.008190808431602978,0.012412514086394414,0.021903356219466902,0.011506495506019633,0.009588258408679206,0.445701493760293,0.0040441209270133715,0.008579581361763296,0.019767701176643344,0.013942227845627542,0.655680204920459,0.004116635020491954,0.010020245209699066,0.012517036866256428,0.004974492296237394,0.311322123888443,0.0017908788561569993,0.0342826172840501,0.0024871301429065474,0.006796648869228803
MDV,0.3010796392642134,0.24028137141605202,0.09076440066542973,6.337090805927113e-4,0.0024831497850952788,0.0015310406405886845,3.0256147831341575e-4,0.15714574032325668,0.007172414008225703,0.015967545679460207,0.026062542416464086,0.34080968236723325,2.1996486596183933e-4,8.81228885888652e-4,5.448843225622713e-4,5.215127394531089e-4,2.8991094223642055e-4,0.7125087378937117,0.003498454354774163,0.008674482608523729,0.017823744174238,0.013315103274131984,0.6607890165723543,0.010433709958015045,0.021625526841556254,0.02787649096624187,0.016136362797307176,0.5664777020904002,6.506709038250058e-4,4.48684956113223e-4,0.003498032172348694,0.003539398119753528
MEX,0.5275438360384311,0.3686103976925218,0.1734293608460272,0.009845536343912012,0.027920075117448147,0.02023846540990655,0.0200685274033304,0.47658483072253566,0.14853484964054783,0.2160428249416245,0.32787742767401196,0.5327737251940263,0.009218030619318493,0.025733364414266623,0.016453118896107257,0.013356238087588899,0.01005281876134116,0.6986013090771134,0.005542686502292229,0.01268806263073969,0.02471677313758154,0.021272999815564294,0.8237655005940964,0.004402785613144885,0.012232596679838559,0.011965700762397143,0.009066085881554912,0.7039949860177922,0.00902185301978353,0.008984575455575903,0.0035491031991243573,0.007377094883896668
MHL,0.02413702789842922,0.02200265179063865,0.031238812013290294,NA,NA,NA,0.0010101245536261578,0,0.0025287311821325822,0.012005556873248495,0.02817018839208182,0.23448065707011656,4.444871467430864e-4,0.001193465450072759,0.0013050042669310918,3.1168661270178984e-4,3.5121478205965643e-4,0.14368009576077684,0.0014254625863334355,0.00392139046220668,0.007610203826066979,0.003230328305051008,0.3228013823001233,0.009508853230376403,0.023868852559260478,0.02546182221091372,0.01954315883447746,0.5416772107867086,NA,NA,0.0076596945369413385,6.284539229411721e-4
MKD,0.399945157587567,0.23291270580627,0.07684851962806853,0.003265305509343683,0.006899933998118189,0.006730506582680864,0.0062487599514186145,0.8701216640418439,0.033633335643497485,0.07071830419245453,0.16406110798859913,0.24387777530314445,0.0033131830985538234,0.006854916674232205,0.006852124238340592,0.00636224354392567,0.006977257279563493,0.9013488255773214,0.0019828947975365848,0.004976255401861195,0.0096319327432303,0.00792940411149274,0.7521148711024513,0.0015044404340494022,0.004138356955233762,0.004988320651488204,0.004358385729570248,0.8405919692455337,0.0015176920144216273,0.00616531452393792,8.928876476391727e-4,0.00329656465650493
MLI,0.25549532912882067,0.1527631576558689,0.09044323559887164,0.008731986160173866,0.01507201344697196,0.015660143034452033,5.876236775107979e-4,0.029568875551815973,0.00404745304881486,0.006423050537026047,0.03261044976640845,0.12169417172585008,0.0035125126051747807,0.008274915577432327,0.007562890313484947,3.937771121898449e-4,0.006869447745769618,0.044638541724995554,0.0029641786194686643,0.0071223364220211706,0.015438926987698406,0.010173421276705884,0.6330279928559108,0.0017571220946962375,0.004553480634394446,0.004746491562501602,3.952896592491941e-4,0.06946171385798777,0.001910718106296244,0.016344987084642108,0.001413890315080936,0.00388942676499672
MLT,0.20884237381042792,0.20057999090865555,0.03893388370463416,0.0022664127614291916,0.004432160456397173,0.006770909972394577,0.0034779184323560173,0.48087372047188165,0.05302936432396368,0.053136135469686846,0.1567721738991868,0.4361264241189215,0.004596879545210153,0.010865536222344747,0.013627382285177748,0.0068060917659975755,0.006470607501084213,0.46093585526927106,0.001836434376057857,0.0033167903958438074,0.009100549312594061,0.0050934510193896415,0.5266333230640774,0.0020542804059976117,0.005176799067799597,0.005333236885708483,0.0018854761087596344,0.3118541145808826,0.0038652560622627614,0.0018423955680133255,0.0022681515106424237,0.0019348028593803687
MMR,0.23565090272631972,0.1796706452360128,0.20205380985088306,0.013376222116844689,0.03965666660768726,0.031643281222268546,0.05823481911761733,0.012821749744155802,0.054728593532103374,0.06766279928849735,0.10246496733475274,0.5508742925917971,0.011247528265850647,0.016818315339174068,0.030134018215694797,0.02910358309118199,0.012425410332255863,0.9305524959448683,0.0060008964661386445,0.014541191956258609,0.030350832465999747,0.021895195690787083,0.664445618196244,0.005826738604175373,0.015837701030339744,0.023880443469781593,0.020817065787108135,0.8856663393831102,0.005485359355569268,0.007097155371851862,0.0036761286103959216,0.008499375279890963
MNE,0.5208665815127317,0.2672374274574603,0.0864600573556773,0.0017140343970104314,0.003873031060550204,0.004571090820546557,0.002403999436801214,0.4218925137137444,0.010405633672215442,0.02497624716844943,0.09084060241406916,0.28107592834228096,0.0014690600918610519,0.0031100572483048618,0.003198271898857813,0.0021997008528195595,0.002348526986851807,0.597389872686738,0.003289146365839896,0.0067732911326613505,0.016950484875882053,0.013421329054841316,0.7623624410333927,0.003285801608067383,0.011559971231284556,0.007505851717402443,0.005404932587324651,0.6036969766831014,5.587501928449385e-4,0.0027667207581803265,0.0015014744558990735,0.0038997152170033226
MNG,0.24031770866256885,0.21779865589816916,0.18411004462630443,0.0023054937739235126,0.005900930068481376,0.005233807860705563,0.0026153463719249446,0.04598912343862228,0.013744605893762009,0.017358639825698602,0.05016029674762033,0.23337492938146726,0.015165841571181407,0.03534463494142425,0.031578441256309535,0.004039480985426381,0.009344988829529036,0.1059974080206337,0.009502886887697301,0.02461723640802205,0.04056772838570572,0.027468922217001833,0.6328658676982205,0.0010793343540607535,0.0026814531878989654,0.004018434379512926,0.023825804825538748,0.7873008072044531,6.180155739285748e-4,0.014455487233238208,0.00922208402444797,0.008261213713289873
MNP,0,0.07149367577788929,0,0,0,0,0,0,0.010745474553451513,0.017014476166475688,0.0982313647297818,0.30553825891261643,0.009594725936598074,0.015571032853991931,0.01935865179271125,0.018913951170070113,0.010528951900042277,0.9154946431216685,0,0,0,0,0.29354843993120927,0,0,0,0,0.21989999980761793,0,0,0,0
MOZ,0.24938909206909046,0.1601473224449617,0.10405004980610166,2.4257389055192194e-4,6.775958253988368e-4,6.10169146260093e-4,0.0012045042116071176,0.4095628237102941,0.004402048904745469,0.007542350142828647,0.03738140157647873,0.435250504541744,2.324313217773564e-4,5.174049538814908e-4,5.730600884917159e-4,4.752325493310932e-4,2.690571160612916e-4,0.5155942302100115,0.004136561668960572,0.009314759246434455,0.019826982619197436,0.01213962439593047,0.5775203213257694,0.0036857345328734263,0.010095886283070486,0.014903001913626847,0.009821784155058933,0.40319547682373574,1.11111334782274e-4,0.0014759843247118974,0.002303632160607897,0.007613933467905964
MRT,0.2906415301633053,0.19170331119572087,0.11059846588815657,0.006698385253647369,0.015520152223405881,0.01269681261312417,0.0010717780720632725,0.018473681701884844,0.002752025285888448,0.0045640363465730025,0.020085583667167686,0.2934676217312536,6.095990451620084e-4,0.0017405894421819537,0.0022554574577351304,7.183614307127951e-4,0.0011298515917034745,0.27746514611195167,0.005696316150845616,0.010622982880096065,0.027983089670775996,0.01886765528348429,0.6568511776312685,0.0029339169464914806,0.0075065568918386795,0.01095616767747487,0.0011644290303524597,0.09383742118487816,0.009331082856367932,0.004654258169626628,0.003747227233284865,0.008329543502404642
MSR,0.09822506066772721,0.22507525519569158,0.010424253326935567,0.0012677643479786752,0.006832925797101544,0.0018252494051899406,0.0015478650487225152,0.028592131789297086,0.006643481274192249,0.009432771140990804,0.07843633768180251,0.20320020577510908,0.006525767304046546,0.011387905577893577,0.012585411704383837,0.007994902621194594,0.006597087867196015,0.607945244294276,3.867991446095215e-4,9.902074297604233e-4,0.0013837705344118757,0.0011298470509662273,0.7674855802761898,0.004087549045107892,0.004676767400276177,0.008216483383178515,0.0033169311337068433,0.5934017289587222,3.601268201559505e-5,8.89020309069697e-6,5.535731672110358e-4,2.5578068736989553e-4
MUS,0.45168217383560666,0.23821061841034544,0.12741385456311616,0.007220232478465855,0.013085317892466234,0.018998019963407466,0.014607573336090768,0.7061495364854478,0.029891856074272218,0.08848183154463046,0.1919780289476374,0.35606909244893,0.006297870213962425,0.011154627857547292,0.015808806243322742,0.013460314237820268,0.006810937104804675,0.7586342647402831,0.005597760612830827,0.012057537687720644,0.027946524603708122,0.01776296048552165,0.6028242053418195,0.0026293433735179736,0.007874244606375893,0.009338748215933201,0.007631501954727668,0.6864349084890495,0.0029272022820504844,0.010576479437556949,0.003273972199348406,0.007094658860974258
MWI,0.21848309772401214,0.15695705212587266,0.08720851055555577,8.962734147706582e-4,0.0017290127208484474,0.0014547040630151207,0.0012163829418456653,0.7411314314397593,0.0030712719453876635,0.010012565631374502,0.03287997381356382,0.38908577691799423,7.015265438050277e-4,0.0016285569499249627,0.0020042165414443144,0.001967467065756439,9.430758908670901e-4,0.816527251125764,0.003038427360233957,0.006948780971389252,0.015336851155534834,0.010758943169151568,0.6620098605131136,0.0028427266889755267,0.004609717448088397,0.01036568116150082,0.00642400312879625,0.7205614616734609,6.736766081914386e-4,9.587485447834555e-4,0.001530358280356233,0.004840717675873203
MYS,0.41003947658665696,0.27119504654775667,0.21520110684441127,0.008329456050162859,0.025027070562344236,0.019942431266096308,0.01745114314510262,0.7834193622207887,0.20270729276574642,0.26719053396790576,0.34839877408591235,0.6735690422436985,0.006652014295954429,0.01945589919893235,0.015651530424028316,0.013282167525350472,0.0060500403214079415,0.7191167035794765,0.005217454620319036,0.01262593460368425,0.025234539910185403,0.02066281533853666,0.7649296398279034,0.007462943336992634,0.02276058294064753,0.02148120851223123,0.011788187019273663,0.49659670046152404,0.005426318714967124,0.016934533717333174,0.0035116852299457335,0.0102288121093745
NAM,0.3290099437645679,0.2239847331206159,0.07099426317853129,0.0013718249740174101,0.004379521655576313,0.00277610242487961,7.116430548521282e-4,0.1454603453834808,0.009273961624222303,0.033851296196848533,0.07239909464480843,0.28406840996666244,8.987192688759133e-4,0.002652285528728526,0.002265716664313705,0.001357480613407117,0.0013002237715869914,0.3391861761605892,0.0025526373923624402,0.006340235261848301,0.011930557729439226,0.00767137078362925,0.6002615510275398,0.0018750899116991083,0.004651220245969955,0.005033036514296405,0.0022359460895415443,0.1832166503654652,0.0018476681782434979,0.0023693237154878773,0.0014736990055483465,0.00300740862913245
NCL,0.31500040241189176,0.24031501948841077,0.047429388978851024,0.003010048505645751,0.006409130211013607,0.005590044009784986,8.07224544175961e-5,0.006824881384274474,0.005000675276930312,0.00453577498476567,0.01859940125179318,0.31035496451781164,5.038666134982147e-4,0.0019929064824570175,0.001130784106126658,6.514662016182519e-4,5.578671752558947e-4,0.4847390874945566,0.0021820885004465,0.004431862794331112,0.00881560646073014,0.0056091230929649705,0.584100453623252,0.002835275396456009,0.006587804555512188,0.0073859362697585,5.968266136757525e-4,0.021665224880570096,0.0016119191003290052,0.0034380832144810967,0.0015698936877496493,0.0015846582415447626
NER,0.17583857856444365,0.1620348001179223,0.1146851289554292,0.008870049734517335,0.020079594276841552,0.027247187515903337,0.0011408545840271792,0.03120064207058211,0.00423235210812128,0.004851255751961476,0.039368404512925684,0.20465245992618233,0.002236164162049248,0.004470833406800689,0.010207908466831919,0.0010748471632536876,0.0026529352086233303,0.09071963936681536,0.004425233709001194,0.011698922184073729,0.023260066931759693,0.020255484798996953,0.8391221890981666,0.004202120586910355,0.010779862563693829,0.012637889690172332,0.0030240380380733766,0.12718951324723304,0.009177722242577993,0.00678222358892886,0.0030876374538808685,0.006345529029645332
NFK,0.028224167046536207,0.12818835897099068,0.006042947410261904,NA,NA,NA,5.936432040938716e-4,0,0.001708701567328157,0.0024555044527994362,0.0467926564692724,0.2931359462129833,0.00608876838370618,0.013378036376211884,0.014985984032085804,0.013220617712903015,0.00587087726753426,0.7897029700240359,3.6989714263674616e-4,0.0010348124762499574,0.0015181126859944453,0.0010500800364091976,0.6878370774599044,0.0017295556397874327,0.0035986838793617614,0.003384623296319445,0.0021436947475530622,0.5892671891166439,NA,NA,3.2201067683462796e-5,7.167667663634923e-4
NGA,0.34445911175956606,0.2172791239085457,0.20174624918774584,7.453383361048433e-4,0.0018456217302122028,0.0025119802997405094,5.815706021429814e-4,0.17810329616756626,0.005518527239360341,0.007381198685904635,0.029048446215269044,0.45231570326081144,5.619878553008987e-5,1.5664844705700397e-4,2.1529092135290674e-4,2.4946886382477867e-4,7.125333810715685e-5,0.8684951020050579,0.008139920348232087,0.018318074638448496,0.03854608808308282,0.02679320485833335,0.6637788721777773,0.015590232047420109,0.05379244461909539,0.04297025394719142,0.05530597946568656,0.8605896142521714,3.0044773214328287e-4,0.007240213512668431,0.008095166538116465,0.008595582707736735
NIC,0.3364279423825441,0.20857301571330933,0.0976260546564924,0.003974902119049259,0.005932158872306705,0.009115937926721416,0.007291262463998117,0.734039985915084,0.008962151261667991,0.022086996358783865,0.057899508720541136,0.26060985722600816,0.0016497671765091915,0.002877918708362463,0.003699393450227161,0.0027463720548704476,0.003744235301116307,0.6955367768605422,0.0030547449897315926,0.006119341937809566,0.015357928360986477,0.012917679872901726,0.7923037473528133,0.0025298654723596254,0.005392461616387287,0.011769494667010872,0.010394539859058206,0.7481437470559352,0.0024158026318648012,0.004783738726442252,0.0018347417679246156,0.004180727968339222
NIU,0,0.12220654490717003,0,0,0,0,0,0,0.006333136429379513,0.024135150637264978,0.13581879782540376,0.31041763634017794,0.012410588575478972,0.0266707023581942,0.031426784422728796,0.025135830029747796,0.015086492853406542,0.7221564158330588,0,0,0,0,0.6006047666261667,0,0,0,0,0.4651077074813206,0,0,0,0
NLD,0.5783700207183627,0.34945220475543454,0.09403336925316916,0.0055771874579118655,0.01225528778454803,0.014635479322950465,0.011013808125594946,0.7108124309436501,0.15657824983034535,0.2536080039873128,0.401291771521853,0.38992695550624135,0.004921874377122887,0.01113930399605167,0.011940544821702762,0.009197124990060429,0.009117381651891259,0.6960213927371738,0.00390661987620932,0.00765214825268887,0.017452886490684168,0.014274322743965064,0.7804191483269444,0.0021081139525838746,0.005079902485922661,0.007563854724334697,0.0051931177332093575,0.6402026228401124,0.002797555953620456,0.0052394564637777054,0.0015788861543400779,0.004485208539088045
NOR,0.5957250503548793,0.34750203888603604,0.10057440487204516,6.481699695582092e-4,0.0020700492679380867,0.0014356544926812994,0.0014177765046289833,0.9116079256487807,0.037619051066484166,0.05459336409432749,0.10842151381352648,0.3161927533752181,7.233120631966072e-4,0.0016423317031198676,0.0017817776956549783,0.0018250318604588788,0.0010599703733423095,0.885097624480024,0.004041320089443559,0.007435714492690681,0.020347328443408745,0.015812728234484246,0.7398296837408466,0.0010522908404248337,0.002707362603312382,0.007467091064161168,0.005792436171556246,0.809954224037614,2.2786791186429287e-4,0.004416622397718744,0.0015580584190103112,0.005571229228309669
NPL,0.3408908280935408,0.21711163747057124,0.1268996300068193,0.012557644521198967,0.02420277554083853,0.03770146251603923,0.03379126255544536,0.73826997740578,0.023822025034829917,0.03001138030787202,0.07930451598061485,0.2578527199405376,0.0055283715385313174,0.008963266867540927,0.017630079012040074,0.014650208081076393,0.006164269087161906,0.6772765142040336,0.004306980474868736,0.008614284297870844,0.022302529277395032,0.015839349035368256,0.6704856894054969,0.006089216618822442,0.021229591875696393,0.008296705472301182,0.006779207239065948,0.5968810864934332,0.002258937174577903,0.02850622638703002,0.002051068533327636,0.006749720775709239
NRU,0.12255493458485013,0.18114063506037328,0.0556956149994407,NA,NA,NA,5.648307369597999e-4,0,0.005311193143963787,0.00270830289876636,0.02505532138542842,0.13921817405548476,6.175872308682405e-4,0.0011438960295756743,0.0016037349197996792,0.0014265492284752112,6.534052893438882e-4,0.8444505474571511,0.0024128673938104885,0.005380230739459469,0.012109607453275557,0.009187588937533058,0.7122292620623143,0.002968342776809375,0.009677767581531218,0.008273092448078745,0.006474962507846909,0.8443672883515959,NA,NA,0.004463277467496747,0.0013424660158708958
NZL,0.5883208852648628,0.35380790385933913,0.19640144792873523,0.003256136401460307,0.007691518769465433,0.008325145310145679,0.0077587038801885866,0.6190683679909627,0.048860020735514584,0.07816356789282827,0.13498328314199193,0.5956076362116293,0.003099333524890129,0.006750514300537527,0.007263817814476372,0.007073157318591615,0.002721369621446886,0.7110157365153293,0.008724628741751618,0.017263588683166933,0.04423133056402338,0.03009680092152311,0.647886180662299,0.0051362184581930734,0.011741730443637346,0.019782026510739976,0.01503402946608549,0.7312284615851989,0.01270710154614739,0.0011504186258280821,0.005531587800346848,0.010098945030394716
OMN,0.2467846260781917,0.20482006932640973,0.054968359979172515,3.122365634219429e-4,9.098136441533994e-4,7.759696553903429e-4,6.984490480433135e-4,0.7073358219440293,0.026827902725700667,0.03649423948339081,0.08950433482995544,0.4587937522600149,0.0012935566593695964,0.003292601952928508,0.002970282801702821,0.0018932195877057766,0.0014452888732179334,0.5579277274237646,0.0014074851934940706,0.0035102687443835027,0.007166436547658622,0.004896519634614871,0.6037151906258182,0.0027059457948060486,0.007489065766861698,0.00942952099166394,0.005879458266554321,0.6264985349861144,1.5626295366855952e-4,0.0025392006501603706,9.504299155114805e-4,0.0019463397227457173
PAK,0.3142261202260996,0.17715794818899658,0.1935198950814346,0.0233084141969032,0.034756447067636406,0.06889656636917033,0.056374457647692555,0.7976906475906366,0.05259747170715267,0.06718240539439288,0.12714560112868512,0.5249875884023133,0.00748617464493633,0.011065187249996954,0.022255942919099984,0.01875357442244918,0.011267229160103516,0.7937930829274147,0.004005194466555091,0.010588735643635655,0.02037702378881678,0.01695438521821617,0.7837825239591252,0.004892765223858289,0.013448114495465471,0.018643366849907857,0.015848105864329134,0.7445264956292627,0.0022780085583285043,0.03512615597673568,0.002158722914416559,0.008610353133032414
PAN,0.40626878400354927,0.19732705947418422,0.11524589235522999,0.010687426349009264,0.020971272806342534,0.027241381646910815,0.006361196419395264,0.2240473417613392,0.01816985112425281,0.05493239747209633,0.15102381731298162,0.4233635177670733,0.007193542822642091,0.013716444188768539,0.017433697218403103,0.005873838495740751,0.007448462790548822,0.30180144445175344,0.003714773973262641,0.007635156197833943,0.01856150275394001,0.013608565962275818,0.703706480958622,0.00485272854124945,0.013812434447177224,0.015372167867406491,0.00764978459525802,0.3973032657761807,0.007662394717248444,0.01258657538136664,0.0014329165232998512,0.007506011220083169
PCN,0,0.0437042528430745,0,0,0,0,0,0,0.0070323922140793785,0.0128643125198098,0.07738819917774821,0.19790864524040694,0.005298223920830002,0.011827905398806642,0.016327164005230228,0.01850379261132599,0.005941350596309342,0.7032125967379441,0,0,0,0,0.7812508077982905,0,0,0,0,0.5749572683646363,0,0,0,0
PER,0.4840552618118261,0.30463297956017754,0.23368361723177153,0.004461357499688689,0.00942634599514704,0.012093675134474536,0.004131994089303067,0.3259488495992443,0.020336661548738696,0.03943655209053533,0.0889700905987755,0.5056740332324384,0.002066706811488036,0.0044310505384584755,0.0058490435055940275,0.003046995233358571,0.002180948786478647,0.4405427774383156,0.007462450141940923,0.014725671450506498,0.03840717007658588,0.03059056258786424,0.7589345648870393,0.003730316286510166,0.008158107106706695,0.01467496206016605,0.005538582050638754,0.3620197563151337,0.002195880385758789,0.006221732697120648,0.0034551266507058358,0.010142773489003085
PHL,0.3637715960271507,0.25604117408149435,0.2102801530779056,0.009257421464886555,0.025368001819281154,0.023214627732515265,0.020365355551218777,0.8146285039066148,0.16981150004488743,0.2144195922105255,0.2699276631328816,0.6524215111324406,0.007898719214296555,0.02103081823588513,0.018077004378442316,0.01606809631984525,0.006979555070609746,0.775225479738864,0.005093853762208563,0.011294806600651415,0.02538145120843341,0.020324082944519505,0.7423952813715582,0.00529497341684121,0.016497414768250392,0.01870023071342801,0.010013035851852682,0.46474562318896645,0.008773953963201766,0.017567976337266988,0.003615948807556022,0.008533004938836469
PLW,0.13135988666094484,0.13792499829821542,0.08272097548132734,NA,NA,NA,0.0020346390907154217,0,0.006402774334461994,0.013517258116653127,0.05894307983131143,0.23500572828087624,0.006787004730323694,0.025183727511778116,0.01583174407030514,0.004278313014776045,0.004917731020864191,0.224962991763661,0.006759534101458762,0.01607639222482961,0.03547786487797206,0.015597377726460152,0.41641352339399845,0.006861147022581771,0.017895216923405007,0.020173183682260006,0.02198642920319681,0.16876487017689054,NA,NA,0.006098684519683258,0.007510323657315332
PNG,0.29492256528680494,0.23308840052733,0.12813146912710446,8.212265740963638e-5,4.12303972940137e-4,1.880779471477736e-4,4.472112299421281e-4,0.4951299277972178,0.008193752968183156,0.009869575711869633,0.023164048179026838,0.3637863376934917,1.7996162335105702e-4,6.038067732422467e-4,4.087658271741253e-4,2.8158308887368116e-4,1.37791645970417e-4,0.55350254822107,0.0050431829476125295,0.010868938534584186,0.0244100529988229,0.01837691556957896,0.7150377538038427,0.006651449779583082,0.018585944001360283,0.018185478890786037,0.009575702092232397,0.5516331623516618,3.316609872342492e-5,0.0011631398698473579,0.0048273709256960095,0.00504778084482775
POL,0.6372507125270932,0.39465297498422447,0.12160272713957371,0.010858113854227467,0.022091881654861964,0.02243012576655929,0.019825147945484217,0.8368484722934654,0.15865350711805998,0.29288639903019065,0.4265248557053562,0.35283315588094316,0.009180013051589966,0.01741778810369763,0.01699752922307708,0.015134608794396397,0.015188371392783704,0.8254354011686303,0.004409439650647041,0.008731127226871811,0.020469644006331122,0.01800315962325146,0.8342269432507076,0.0024607707502100253,0.00613165418686154,0.007305525352070429,0.005692488966711749,0.7421305995032694,0.005419362387484656,0.01069320075321768,0.0021542964149345967,0.005164455955752534
PRK,0.13860427726257477,0.12265306502452082,0.16383325427567297,NA,NA,NA,0.13021658956459992,0,0.007394568117877897,0.06941394094116621,0.15186792162318205,0.09259029811186986,0.007645918928850809,0.022011708210339518,0.014295481870386923,0.006586591913996697,0.010719750316584847,0.3499699422903025,0.010769763202488382,0.023202369846983276,0.06579457718746613,0.05569547945166017,0.8037616653599617,0.021539271108826117,0.05742201645075652,0.05898588357878241,0.02951907144899203,0.3527725879999715,NA,NA,0.005699071172694024,0.025824163337086894
PRT,0.40179215834935683,0.3142611624829665,0.04966799582217837,0.0023922150427189794,0.006097293826962703,0.005575449540454054,0.004776139387480471,0.7930355079926226,0.109790379340476,0.20862074769484898,0.33960857344295337,0.3913641353708098,0.005565941207902909,0.012737540412654253,0.013294987533488217,0.011400607560855461,0.00934690219933582,0.7586591136914106,0.0011094867911316097,0.0028309660141163416,0.00562737653330939,0.004836514855765635,0.8088496825347248,0.0012422363338105936,0.0034145803399282153,0.0033692464408310203,0.00296564808357633,0.7766368923652325,0.0018236954830227357,0.002736376675714399,7.094758712835931e-4,0.0014296369202766704
PRY,0.4206293587305523,0.38389627091870837,0.2560285565953874,0.0012353582120847146,0.002693519561842473,0.0033002429199235155,0.002678652283298742,0.7302531725477514,0.006624256783576666,0.022421786145305364,0.04828999886838809,0.26894293369010264,0.0011480868903417396,0.002114067304672392,0.0032257889499059094,0.003336530921109566,0.0013562976007041273,0.6393466591331055,0.010923516738591096,0.023698316634429797,0.05949777939301322,0.04639462663180151,0.7489302752698879,0.005494250132222836,0.011315097496150388,0.015094266056415808,0.008651126484594106,0.4147415029604199,0.0011729007936792134,0.002610409062780381,0.0038122234665223824,0.010954944785198314
PSE,0.29722558014790873,0.14890401390552876,0.06936197550011956,0.0034744874091108186,0.007600452538360506,0.010716459352649537,0.0022171423158252644,0.1585785364374833,0.0017855256588469289,0.008469584688083205,0.03176336408449672,0.23463358579292776,8.458046560341445e-4,0.0017799921235595157,0.0024859052201112856,0.0023927481085729853,0.0011810013948220233,0.9416264105209631,0.002567106609871679,0.005290516287068152,0.01264199354262208,0.0100119933250661,0.7226269330676945,0.005844337888646669,0.014073575500057509,0.016148116662662648,0.00964004646423406,0.6031050104396593,8.853651071996471e-4,0.004715885172076626,0.0018086400247107814,0.0029407947055976854
PYF,0.39783320828915447,0.2618423960527047,0.0851964943069271,0.0034184576043063764,0.011821954999550443,0.007883917599333155,0.0016490524216792033,0.17469363003020982,0.012442631091084753,0.01849349997925058,0.06029490720368962,0.24302657317946602,0.005879853750695089,0.014455758940050542,0.014122835644901965,0.006101382930465131,0.0081209620622964,0.17346490367024772,0.002874288871539448,0.006213209830044341,0.014815215822366634,0.01163665140612689,0.7300746197414097,0.0018300162219249438,0.00488055987695555,0.004827679840320039,0.0014270994151228459,0.18505546384221305,9.041306301231413e-4,0.007679681017094905,0.0015102603069508743,0.002940020137087877
QAT,0.4916224403527625,0.2866952625503679,0.10800181869784084,0.0021893634099891366,0.0068329238084718765,0.004556882123140113,3.769897766376597e-4,0.05703380638510932,0.018104918131115533,0.021256103685798937,0.037270701755144894,0.47803798569647726,1.1314438362898444e-4,3.9480380777014943e-4,2.8854710442258793e-4,3.024253988872474e-4,2.0566455260441805e-4,0.6343763441477744,0.003800288612569621,0.00831519506173661,0.019935580439162996,0.014760757783117561,0.6960874112691575,0.003868880508368433,0.012257763597156055,0.011733004563179597,0.00935040143074401,0.6379360285186544,9.586934436692916e-4,0.006002189184666798,0.0022311954438467402,0.004111037154236676
ROU,0.4760776625374311,0.3326504796763109,0.05422219972356701,0.003760100127802055,0.009055966180830726,0.007689848669211987,0.006822142710851609,0.8070112247207034,0.11804264263259633,0.20738812651275018,0.3435369466268683,0.3806045775752779,0.006601768108621165,0.01523870920456259,0.013264816205412946,0.011324418704174773,0.01117925245731576,0.7774478232199011,0.0015691976867242723,0.003507654137706587,0.007607739448615199,0.006875451515704887,0.8478816461100689,0.0015053569927191539,0.004076961343915051,0.004186712538682517,0.003346574785269541,0.7587846099949168,0.0028035961068539695,0.004643665808789574,0.001077220553207891,0.0019791585511439594
RUS,0.4492519445492383,0.40955860445071435,0.37013841866176783,0.0033581709865714835,0.00912613757864262,0.008161349481899938,0.0031153527010756477,0.2685373776149173,0.02786961192317835,0.048630165246661805,0.10411252182102514,0.4541191940328135,7.782779469921395e-4,0.0019371823062378048,0.00220652249519708,0.0018709360469609541,8.333986369847942e-4,0.5568376050661988,0.012049062699846213,0.025847083325251787,0.058377803610727044,0.053130829601542424,0.8160621518581079,0.0072229782107384585,0.021406302112658468,0.054268499914813875,0.03419842543523348,0.5704047537595345,0.0020579016924546973,0.016113900532249432,0.010045312793396455,0.012921077541971826
RWA,0.2788967472765318,0.26137406720462403,0.11163410375167343,0.007438695552753503,0.009420196744395952,0.006994008646660824,9.75319658419873e-4,0.07915713470893447,0.0035880179846393885,0.003863227977763723,0.02584344182043495,0.20338422744737353,0.004338451154215486,0.006465483274994451,0.006480054442551986,0.0016288678445212155,0.004049775353798058,0.21577421702921284,0.0036275572067159235,0.00846008854305841,0.018134657619525745,0.016294498293475138,0.8660932199922233,0.0027165939091307323,0.005691233942790824,0.006491025673479778,0.0025441918917486154,0.18241009492382437,0.002327065244970933,4.380905019505292e-4,0.002815988023201822,0.003380181410268151
SAU,0.4946963551648073,0.3043922738969929,0.19409149661550998,0.002499231976221213,0.007728587274728916,0.007172049879940655,0.0014611631552892224,0.18509994544585992,0.027044347827792366,0.0362958467839091,0.07892552477752672,0.5365612008477431,4.991029408672779e-4,0.0013127722262901375,0.001346238051464482,0.001227431044750972,5.40357658863051e-4,0.7544642116902224,0.006683214894673803,0.01456824873117639,0.034288336339612514,0.02463968453886903,0.6803344296848668,0.004981032270665309,0.013451607937958748,0.019956067519881274,0.015079871776692502,0.7656453484818911,0.0014099624516633474,0.0042572296273562125,0.004225849427710024,0.007084977521488971
SDN,0.3241897811237023,0.23346668535938095,0.14902172123240284,4.337131742926432e-4,0.001059477072471628,0.0012917369153145597,9.148009880666047e-5,0.06436205861807891,0.003757407730282823,0.00756381308963022,0.019911102951438272,0.21942905782553823,6.064806265370681e-5,1.464147226739772e-4,2.7865051564150895e-4,2.0793835274035495e-4,1.0275668340503715e-4,0.6055884101726686,0.005541792291870962,0.01103236621533758,0.027995400843081053,0.023952400661583537,0.8261734941883372,0.019217021412540138,0.06798313368842934,0.024090425443694836,0.007273679049055516,0.3031744697884134,4.679482447899425e-4,5.258833898695031e-4,0.0038155370354043786,0.006812911657494467
SEN,0.3157506490249061,0.2305366518481767,0.16236418709047343,0.004116267461097306,0.008305003562449308,0.02512935083822735,0.010633618573312485,0.3510867512710024,0.009145553679176861,0.029362767207774507,0.08014313280325083,0.2974898977573653,0.0014764482230768179,0.003494585830870029,0.005028199732364222,0.002675554363181174,0.0019803273856139835,0.3599395689439431,0.0056942174502898546,0.011910704808726481,0.02871571598961378,0.02234910885787919,0.7458615452947381,0.0017655308840291704,0.004411773632923366,0.008385127335387885,0.00649654199289539,0.3738858619872873,0.0014053579564598819,0.005500543693910566,0.0034057057126452767,0.00944512053444781
SGP,0.39652881217974456,0.24282682234653058,0.12840259188018158,0.0057684652256528544,0.014156404485286265,0.013612327201125877,0.00929179057128699,0.60708915413913,0.1660702063571549,0.24303148252165366,0.2834598299150473,0.5751207717552317,0.0052597276892028125,0.017315387445206564,0.013716598864122556,0.00896608648592288,0.004619453544588932,0.5606681094052123,0.0034953164879642745,0.008124097202925283,0.01806655107749783,0.013405478935519145,0.6893455481379608,0.0035290331070386475,0.010611576389589069,0.013662610466446444,0.006402223715624139,0.37240860902970224,0.005125745316714958,0.008536894985982355,0.0025252592207573076,0.006244748798597582
SHN,0,0.12697467366009685,0,0,0,0,0,0,0.007294575507876209,0.008846206169973227,0.058752767092219306,0.29464585772715335,0.0011922066508899703,0.003166871436826614,0.002515816566054165,0.0024198768493682845,0.00205660981908322,0.9216739874207319,0,0,0,0,0.47243003340929945,0,0,0,0,0.47682406229529867,0,0,0,0
SLB,0.2536182331170496,0.23103230113516557,0.18101802838073128,NA,NA,NA,4.083131978341165e-4,0,0.0022299909540455685,0.0019621111042054974,0.010082494716736529,0.27702987905980253,2.0069939075673164e-4,0.0032654126548615314,0.0010063105911203693,8.237894139611672e-4,1.7486733184972198e-4,0.7143767361386699,0.010493318575469663,0.023787261332224866,0.04873813344348079,0.03965310773120516,0.7836389447874422,0.008953498905516756,0.025230475919859798,0.02181174197280636,0.021820150519517835,0.7500268806931883,NA,NA,0.009107883855593815,0.012148832724705806
SLE,0.247273055087903,0.2449733569124232,0.16092796088352762,NA,NA,NA,0.0024672982554094862,0,0.01601255190788178,0.016294482989729155,0.07789690040961857,0.3809473875622201,0.004093860616053649,0.010010633422361673,0.00825885153315207,0.00307181746227124,0.005383241831599744,0.34500281185203496,0.006231236719485249,0.012368912327408752,0.0314794640068035,0.027777506481520425,0.8232105406381172,0.009263757623916876,0.020460160047791654,0.018456900880179386,0.004765093061524351,0.24533527526561272,NA,NA,0.005869866886814856,0.007170613502436106
SLV,0.4872939363225109,0.24856977883642273,0.13238256414519498,0.009081046943032176,0.013901978255713019,0.024595818257941444,0.023985753872742425,0.8952932454350374,0.017280684731484953,0.11152222202551956,0.15370767844325595,0.18609695381710897,0.004439969824719125,0.008421243074658068,0.011731082009829686,0.010629426649500076,0.007231019338094211,0.8634887130032479,0.004850454555798662,0.009641798111654182,0.024242426341312687,0.018642964930989436,0.7453852349864112,0.0026380774393316674,0.0062476831234669844,0.01098539802222113,0.00893099611002684,0.7874976474420564,0.004597014045610476,0.011072873171792326,0.00226342670264452,0.006260462300327517
SMR,0.12402099975851356,0.1809373835864733,0.02122802322589447,NA,NA,NA,0.009386971000623249,0,0.014384521858269645,0.03461019651317056,0.11330987540522583,0.37635234298944154,0.003494939009838656,0.008453775863927572,0.009915988572842588,0.008951137009142119,0.0051371376836808185,0.8229533850448985,8.405351411005536e-4,0.001690455179323608,0.0049882304226832735,0.0046391162649537035,0.8523403192639887,0.0018804625652825253,0.004884945917920229,0.004758629266474317,0.004229091096683727,0.901942009317419,NA,NA,4.937002343671468e-4,0.0011736163626663684
SOM,0.2763017369353825,0.23341512004124115,0.11406313223360365,NA,NA,NA,2.3749605008728143e-4,0,0.001269113719910503,0.0012040138968946819,0.006197068122819522,0.1337327661587608,1.5076037343589495e-4,3.991330065666486e-4,6.656159032749241e-4,4.5418756800914503e-4,2.7455449357751386e-4,0.611056037997563,0.00464823578975826,0.00873691919975093,0.02347549868594595,0.021387757042594328,0.8606609689187182,0.0029188975151578835,0.005410016712242818,0.011643331854447702,0.0019415803817085687,0.15843275359542,NA,NA,0.003746047495910125,0.0055546877786853376
SPM,0,0.24763981016626566,0,0,0,0,0,0,0.002384627474327389,0.00630250453140892,0.024520198604556905,0.09759205938362982,0.0060911375092080645,0.008537115017624575,0.006095716868195627,0.004689374660883204,0.007414189579982459,0.6408486768905132,0,0,0,0,0.6798616674770331,0,0,0,0,0.126066387222171,0,0,0,0
SRB,0.4732214911777107,0.2956631344156886,0.09150425042436315,0.005251737733945951,0.01368382528126679,0.010571295180704756,0.009609756057711886,0.8414615115129374,0.06450286709243121,0.13689355056183133,0.29027907237631817,0.35141325539638485,0.0048465214264854445,0.011323990690464865,0.01075470766848751,0.009907127462601688,0.008545797387986241,0.8620455769082502,0.0024919197593393817,0.005880941572547205,0.012109414391343184,0.010762311271860848,0.8364710915356576,0.0023274362609920253,0.006281922501535859,0.006978904832440075,0.006037003831747177,0.8130189449900286,0.0038263656211067615,0.007295316356459179,0.0014371436598638189,0.0034449821933522098
SSD,0.19020883165332444,0.14471486624696328,0.06196186861428227,NA,NA,NA,5.921522754532187e-5,0,0.0033135634568078045,0.0780057574249611,0.022233746942163346,0.11353579539929538,1.62280109715712e-4,3.1051288975930127e-4,5.733372553105387e-4,4.915773061348874e-4,1.5886968228910188e-4,0.6642581590843263,0.0020060255690992025,0.004901697320573487,0.008773038638909474,0.007337060619696672,0.8151019306433763,0.01126938899726419,0.04494026996297231,0.022219577839783473,0.014764474904914676,0.6589519000683525,NA,NA,0.0023886139177969994,0.0014670067257267995
STP,0.20466419055368204,0.171204873020236,0.04302392901014337,0.0024287792472482326,0.005436193838185908,0.007051700741232548,5.585154171760801e-4,0.021305690695534986,0.004381134864708213,0.0033210974412540488,0.02776554623531916,0.21170438527731766,6.486518353306953e-4,0.002977631989955902,0.0013386464927828017,0.0013930789924758477,7.510899521171717e-4,0.9335614131174462,0.0019279640964587326,0.0038577388817798253,0.009305662698195941,0.006329389316572235,0.6357245048460196,0.00456772043663526,0.012704983415457963,0.008449374416655404,0.00815261920039786,0.936106726572042,0.0027480691691847948,0.0012972469343708157,0.0013471481070919998,0.002222400578791524
SUR,0.3015218057008604,0.24866181022461825,0.139779392613418,0.0034485245464984144,0.008499003232566648,0.00794115964488865,3.341303735856852e-4,0.03502848766697562,0.003863794285239608,0.009020794123900078,0.03003857133658896,0.11912705105498107,0.001484491675746097,0.004374240724993665,0.004208995905981627,3.8139957461100725e-4,0.002051164218318245,0.07963833497512458,0.006579532638500828,0.01378875894296348,0.030093967679470795,0.022193346207425024,0.6993059698019545,0.009662370553165042,0.02657389214245566,0.03164272420087907,0.0016526574992778377,0.05936169286655631,0.0020823348709894255,0.007078130215649812,0.006193997804594053,0.007033184813636917
SVK,0.5416782784293582,0.37262400282649644,0.06888330779045941,0.00508119177181642,0.01092987441184173,0.010317626207850943,0.006768736469697928,0.6031091544548596,0.11401029220589938,0.2120697293053855,0.3609032526758264,0.3505626493309917,0.008199983393928406,0.018064092353031885,0.015566978405331063,0.011111700172917467,0.015293241314649026,0.6553071096757696,0.0030859968248428305,0.00549363982802796,0.011581819529266167,0.010572229299570267,0.8779225620880667,0.0015200447436370097,0.0038747252576072032,0.003352173634205075,0.002450475720525313,0.7001112171788307,0.00303848996075091,0.005859624125848805,0.0011964198639251914,0.0027545858582669835
SVN,0.45299733909936263,0.2734198649803981,0.07163283920749393,0.00447953975232948,0.010416635579276594,0.009235404242098002,0.00843556572706094,0.8426033904085,0.0880419879314694,0.16250081667483404,0.32043336512500653,0.317366099300397,0.003699886920501698,0.008358728123013545,0.008746141235527496,0.008015265889648413,0.00716297207684099,0.8195409283352101,0.002365391328426765,0.004979604933802156,0.010923075012093542,0.009468939910493836,0.8200863381736329,0.0027510805952907324,0.006925293448592567,0.009740010495944302,0.007865298151175362,0.8051223892335374,0.005598883088842011,0.0025674561992728587,0.0015181746025776008,0.0024158809120281978
SWE,0.5532864259668335,0.3881779909532101,0.05944601354482091,0.002877703153976281,0.00611225703507957,0.00688165340009629,0.005294817526351074,0.7048469425998454,0.12308517590135482,0.2001105664484954,0.33617959182783264,0.45634287833023734,0.004966975384917381,0.011307355810808956,0.011128756667430675,0.00872038350367186,0.008457833212955023,0.6900257941837425,0.0024346833432384294,0.0047059609344784845,0.010709309022965558,0.008977797032257871,0.7921544804481746,0.0014745373125850602,0.003785105056318548,0.003763907625769689,0.002803800612461346,0.680398674946774,0.001717364839898024,0.004142223206268142,0.001422874194118699,0.0029180217159441297
SWZ,0.2244710919178624,0.21023722638604478,0.04026776385038866,8.124887923348341e-4,0.002105798807064016,0.002304730116627426,0.0048758006374222005,0.02835955061798675,0.009409901969461523,0.04004830167417915,0.07346982661719689,0.11912660696801092,0.0033598915546951672,0.006024031026831663,0.009138383448742238,0.008333800448952097,0.002951381177989089,0.8848238964792119,0.0014358811653930332,0.002824156679248762,0.007872896633882388,0.006408849122117788,0.7360664997097486,6.774444766777648e-4,0.001680071685873464,0.005035481128448408,0.002675178712241281,0.5537084137836056,0.0014152601261007546,6.342916133373488e-4,6.085819181105475e-4,0.0019693569148858552
SXM,0,0.14317137974311842,0,0,0,0,0,0,0.01466270137394921,0.04979176083638125,0.14319996987712513,0.16665170383397745,0.006664131117792893,0.012548231746743627,0.018099200829547725,0.012833235702034092,0.011172217118757391,0.6498086897880097,0,0,0,0,0.5338138715204233,0,0,0,0,0.6108876148018457,0,0,0,0
SYC,0.31548145339991085,0.22841095208240136,0.03919384301257935,2.649633292591347e-4,6.314044036428685e-4,6.483563109479334e-4,4.6007230663732703e-4,0.4551728332090096,0.009523047369652033,0.013254680812102031,0.05854788841904451,0.3941518917810039,5.196539367064614e-4,0.001310305654861024,0.0013940156020167886,0.0016749676505668416,8.524877350993302e-4,0.9471667877479667,0.001510851120394777,0.003674145238562161,0.007632059703391906,0.0053645539175444885,0.6180856892229335,0.0017815679561681342,0.003355788013827187,0.007185803617098293,0.006005864686393724,0.865675094438306,5.886947983433024e-5,0.003360281305070518,0.0010604359650192479,0.0016579855017254473
SYR,0.21820268980953503,0.1291907517987899,0.06992407276039964,0.0010375870054244371,0.0023431649082423303,0.0040741373584566604,0.002156946523519614,0.49556414671316945,0.00529957318142596,0.019159885289237035,0.04732457416458081,0.19764107898311184,0.0018343753702942428,0.003787036481171867,0.006391799650538158,0.004014996953607552,0.0024185179958685315,0.6086299205989056,0.0015042290721831151,0.003914957482551887,0.006888102494293311,0.005939973578261427,0.8170781448535458,0.0048257860608613,0.015267320266274196,0.009539744213497011,0.011794347808153353,0.5935054967231176,0.002634856881172341,8.601311339257981e-4,0.0014329382920444463,0.0014981311439594123
TCA,0.1785784336721818,0.21162677820637027,0.019638538259291207,NA,NA,NA,0.0015496621968331024,0,0.006218234545991372,0.045054215436953295,0.11660342072464837,0.1775403993606817,0.004795655129816845,0.010776461462453441,0.0110183878163266,0.010920976313400912,0.005240099117021651,0.8357644629093992,9.103026923890845e-4,0.001789987039219831,0.003281504238986385,0.0026030273069162415,0.6762710920806838,0.001317598385955584,0.0038439160737597016,0.0034693083222549644,0.00225291974241959,0.6706651083386009,NA,NA,7.540900963747248e-4,5.424595541187343e-4
TCD,0.2258502889712921,0.20525718492426848,0.12704778730600316,NA,NA,NA,2.2036466115896467e-5,0,4.013043228184658e-4,4.7261584229471126e-4,0.0059211223785362276,0.2160581026242151,1.4409421843720115e-5,3.881216301241252e-5,4.2688777919910016e-5,3.275429067929747e-5,1.9025849593064437e-5,0.6815108585143457,0.005693757065586968,0.012701281257010318,0.027403224234996002,0.023343074699847508,0.8392092179177074,0.027913619893298304,0.09587515156651172,0.04713862972591254,0.029628478093153884,0.6284431430528161,NA,NA,0.005207826340896283,0.004719308817245507
TGO,0.2759783166313027,0.17780821837452304,0.13688866034267771,0.004813012610207803,0.01083832983894958,0.016955853827832247,0.0028871526569798855,0.10535568666255712,0.0037640899085745715,0.011402870701407499,0.043939066541951885,0.21421238291122088,0.0013641434571258697,0.002791195292337601,0.004432229112112611,9.687945882610033e-4,0.0021395145523696963,0.19430887773381297,0.008676114452267358,0.016127209055320998,0.044497011653174906,0.02240839736277758,0.4903254081094647,0.005230593500998289,0.012866811428924752,0.015777082437027138,0.0034323881327537045,0.17172495066910606,0.003605284896668062,0.00840697495472026,0.004418349777546312,0.015073326272224467
THA,0.4476176225204803,0.29954539798468793,0.24454374385434077,0.013680098141662007,0.04418502870614933,0.031481826889495336,0.02883417445181725,0.8222161425706938,0.2355215143297506,0.2705569706958258,0.4041765524839932,0.6903827963213254,0.009341698851985741,0.025292186999323615,0.019851252824568393,0.01726448133666752,0.007876648386084368,0.7271336896009386,0.006517484331491106,0.01459849369452568,0.02948663312199422,0.026233871707678696,0.8395567539590972,0.005982962004753007,0.016877279231508006,0.018962357844370645,0.014978942218088681,0.6652143569737168,0.011372665415758834,0.014338663383107726,0.0036247308071135002,0.01346077616364692
TJK,0.298649961245164,0.2857392082228901,0.26227434042760633,NA,NA,NA,0.00431483393139833,0,0.002373003292480975,0.00806201505153913,0.01660818756273808,0.12814783471016142,0.0010670708676905768,0.001830489190691356,0.0037404001480894193,0.0015821722102274571,0.0021509621462623167,0.2879781329432111,0.015809123437696124,0.031247028033266847,0.07863210056839832,0.06603644630593548,0.8056969421834942,0.00379526184967937,0.009992488478790244,0.013447056308041857,0.0062578089356328795,0.20521681952018958,NA,NA,0.010747614407744684,0.02043113744404847
TKL,0,0.05228853341508678,0,0,0,0,0,0,0.006365472723790572,0.007864638229301871,0.05613032564308903,0.10535796645725702,0.013447073697734182,0.021308770671417555,0.024861946971037333,0.002631786161113101,0.014883445013913912,0.09659710652149474,0,0,0,0,0.5842742468862485,0,0,0,0,0.21269656988377608,0,0,0,0
TKM,0.3028946594725514,0.32538825398919113,0.14133422454141792,NA,NA,NA,2.271847895129417e-4,0,0.005038379133682691,0.007511039993750261,0.02938096291588888,0.15380554450395234,5.920791996603649e-4,0.0012865375915129909,0.0021937001312360583,6.231266229968173e-4,5.462948040955576e-4,0.24006671193466178,0.004859139511608458,0.011591494100721696,0.02202890540200351,0.019161723035269133,0.810454368439007,0.001435261812646455,0.004054679088148974,0.0155668875959146,0.00833799695920814,0.27714237162230926,NA,NA,0.004097728876764068,0.006513791253133158
TLS,0.2948548748517261,0.19888581836067432,0.10853875731459532,NA,NA,NA,0.0020959640923526313,0,0.009336827470328306,0.014618237352655532,0.07036254870963822,0.2248425217277535,0.0018689652569535398,0.004068434048632819,0.004575074970635272,0.005246315878231608,0.0015169699444579298,0.9053933880181307,0.004509149596301836,0.009734853636641595,0.02285630549662961,0.016746979716463467,0.7014186148354273,0.009704375754209887,0.02983409954311255,0.0188858305937117,0.015720684454770976,0.8847112481946823,NA,NA,0.003068824092724141,0.0052873991712542295
TON,0.25490829231599477,0.1707339213846786,0.08635674482491651,0.006003046651635664,0.013599921797759509,0.010409493124084665,0.01047159455543858,0.09602317525058379,0.005319724947537263,0.017948586089172474,0.06659494156840992,0.22475865791919142,0.010975584990604264,0.02119985429639558,0.016110242582703303,0.007631144613521007,0.01042965579998354,0.35704515162343914,0.004923780868422161,0.010433135978509684,0.025520648300038192,0.01619365138388216,0.5734823009214273,0.011997736806745379,0.028168143463199836,0.026297482636621648,0.014761777681658338,0.284444223845025,0.015831439042740945,0.0048014152380010415,0.005006680323910439,0.0049428365246108425
TTO,0.37793136380617165,0.20741326961846046,0.07220008955469971,0.001582574737659618,0.003880027587399034,0.00432342832355716,9.985770319332228e-4,0.19780840876179984,0.002398541011790467,0.020141255210196163,0.047703000266074186,0.3482820862162993,3.2036829786147596e-4,8.230614032317663e-4,8.952959882430137e-4,6.767274800935346e-4,7.615743948369782e-4,0.640609257761396,0.002814866241680306,0.005690835898192138,0.01396198916288747,0.010629469903950538,0.7286539667610227,0.0026050224122165255,0.007090175196624239,0.008993072648040487,0.007421260408060933,0.6904195979773071,0.001447503087502349,0.002159690450351891,0.002988291054844586,0.002563179617415195
TUN,0.3425384379830954,0.227597758627209,0.08978890661282085,0.006493029386727749,0.01753836647636243,0.015930058356764202,0.013569625747958707,0.7383949999309428,0.07522337359918797,0.1598236066674577,0.25678205415104816,0.3872598576453659,0.0076484895921838545,0.01824538645728007,0.017751119260110148,0.015018921934938706,0.013449314108768791,0.7876280635551349,0.002250449508019531,0.005175189968669198,0.010327118311029932,0.008365407553396037,0.7692940336036214,0.0029247955125459688,0.009577173204706142,0.007039191010249868,0.005643514230059335,0.7321376260703699,0.004810233150152334,0.007023949529690809,0.0012971239211794913,0.0046171119062505895
TUR,0.4465896193730852,0.2546082924560908,0.12639581445935572,0.0076757516351462236,0.016286917053276246,0.01890635863711239,0.014104204274347096,0.7064045791224813,0.15124052674804692,0.22468144091905598,0.3740696451430575,0.4864100616755324,0.00791432149923201,0.016082157569777548,0.017392586673042075,0.01367917105286151,0.010679492064817381,0.6533719828848747,0.003941590309653558,0.008831486067531319,0.01747858055779947,0.012755798334381644,0.6741772472246801,0.0034682983442164313,0.009164506043648473,0.010520375333833282,0.008718122472240252,0.6709328005047913,0.00564038191453376,0.00920008288939181,0.0020269696474677747,0.006424948906909657
TUV,0.05940487405239243,0.11440252091000412,0.05170058734014866,NA,NA,NA,1.1557004475926119e-4,0,0.001211094612738164,0.001270316658649719,0.019257988613576256,0.1620727738950487,2.8795742629650887e-4,0.0015133736780320603,5.610826149755057e-4,6.066445613541863e-4,4.2336960839009356e-4,0.9930036567621551,0.005264854984324743,0.010103555535607845,0.021195048148328417,0.011671108436734657,0.49954636010834885,0.008083438547219601,0.019786609193902613,0.022688412586689764,0.018550706807104238,0.9611734290151899,NA,NA,0.004821387259931361,0.003267207753958879
TWN,0.37254858264738705,0.23421701558927593,0.17926230020060038,0.012597070500908733,0.038573021745791775,0.02777202418428395,0.02638004968463439,0.8973011377157553,0.26592179070637845,0.3113612871416216,0.3654870740468374,0.6504944237577813,0.0066974427080408305,0.020248972207779718,0.016035851824233862,0.015724511659304722,0.006405688458649906,0.8624212654296459,0.004394346976836704,0.010970995739069405,0.02109679332834635,0.017272120004665235,0.7669090642414561,0.005721814455890108,0.01746882323260832,0.0175359217311172,0.007243184124094563,0.3596399189648671,0.013993624752500905,0.028317364409368398,0.0029972967809572966,0.008455913537728755
TZA,0.29734353762343596,0.21800836859345427,0.1927009464882886,0.003964592162069888,0.008191398304919254,0.012411987658673261,0.00352540186632684,0.24571822251168934,0.0056288322614041555,0.01685422401301235,0.059011233341685274,0.2835774632716436,6.931825526105451e-4,0.0017267895545107733,0.00220351746552276,0.001187884621201203,0.001053043028642857,0.3188772457636122,0.0071204150035998615,0.01661130939713972,0.03366058749243735,0.024495382687252067,0.6864700687683489,0.0034808073271889763,0.006988640273152504,0.013770701216151274,0.01306433695013825,0.3076955485806347,0.0022224418193457223,0.005890958697185305,0.004490331352546427,0.010873956557797007
UGA,0.2563025632413533,0.1604842470224856,0.12662761611896955,0.0022289114744371763,0.006461369891758765,0.0064185108909395935,0.002599944406269045,0.33174550228759575,0.006524827993405783,0.023328606348960113,0.06548770089546894,0.3195881521608197,7.916252450487808e-4,0.002124937066646416,0.0021705944253646277,0.0013065908142990792,9.965787545350511e-4,0.2668475850826788,0.004441153707931917,0.010575174072932132,0.022256207079563578,0.013454712157761733,0.5732650289281935,0.012225007836628865,0.0812021988094219,0.015164172207353808,0.008067263822095242,0.2765140647114163,0.0028421346754868536,0.0018077406358576432,0.0026227768961891414,0.006577728297176918
UKR,0.5152524904514568,0.2798350301648788,0.135409345851604,0.002956123280270864,0.006584188601408853,0.008265696893257431,0.0060860961441741145,0.6654228926165591,0.03948325024056598,0.06606011189894141,0.14724592026835343,0.3550889526522545,0.0022972599807613266,0.004936499028962917,0.006137547796629176,0.004445447344405446,0.003950380050135807,0.6495113536983185,0.00532357406395689,0.010340250309329642,0.024419872477603292,0.018301120688669556,0.6768287095094274,0.002253813475620089,0.005993712208866224,0.00834239188488341,0.005775754016138226,0.6364295979362039,0.0016568984358843752,0.00849868269879386,0.002778353845417818,0.006136698435858936
URY,0.499728863808743,0.2911957089140564,0.16014161188340154,9.25169044672986e-4,0.002082133223216524,0.002465820468803509,0.0024125752445222485,0.8103521616509608,0.011220792213196674,0.021690925018429813,0.060470089649488225,0.4226312029515509,8.955584162811906e-4,0.0021408710414403983,0.0027032474200949304,0.002587241898360726,0.001095826154353497,0.7938943723363528,0.005401002163701715,0.01091045496797998,0.027308332971103938,0.022508089478897677,0.7855153507571205,0.004083300991831018,0.007668939897054512,0.012961850142248108,0.009899962500572615,0.767864427213551,8.839607219591794e-4,5.143873484376814e-4,0.0025250477585941895,0.00756168068613906
UZB,0.26293273455638255,0.2365851654724435,0.21677304961700491,NA,NA,NA,0.004920615854070071,0,0.017805825947225386,0.04169887254005989,0.11199354523934037,0.23062507715473274,0.008333203663118885,0.017458933665487206,0.01783478128540104,0.006375537818985868,0.006323313532597146,0.30227751490438326,0.005574531111805653,0.014797013062292922,0.0239290756152822,0.01963248920023424,0.7303557037886144,0.0028921438002613093,0.0081283189494245,0.012326836778964421,0.00665588902402579,0.3414375123331445,NA,NA,0.004693875868741616,0.006714508512572896
VCT,0.29572516827860645,0.22141674531519182,0.04862532797687434,0.0035130750884771935,0.005298303925296319,0.004570176304165765,0.0021277603433942993,0.31565628558921327,0.003565623672847341,0.016528689373842012,0.067236637677737,0.10853824518102052,0.005119046403908363,0.007684279764038137,0.006273578765318928,0.0030848414592723828,0.008120809900042027,0.420046590935379,0.0020648455719555372,0.0044859831801308024,0.010423971885017537,0.0074024239635738275,0.6556250883397053,0.002134368079184068,0.006117090083039194,0.006881686435123249,0.0058783293901354,0.8052798595697108,0.004288528507223513,0.0022543907465142634,0.0014315246632158032,0.0025449763657472936
VEN,0.36575354011393474,0.29234310982688794,0.2232491618996467,8.443701121428962e-4,0.002198816612981472,0.002701871732550479,0.0010607696926491475,0.36702520768723074,0.0038953097733351746,0.008049585815239495,0.03710725920571084,0.30871485200860693,6.322809342420185e-4,0.0012217622917854098,0.0018784113366564384,0.0016662024808381968,7.036317782781273e-4,0.7819407136243488,0.010429073056406087,0.02229916135161419,0.04944957372086904,0.04034237186138146,0.7663041245752231,0.009244920089320206,0.02643919486708856,0.02714123311307673,0.014245423682870116,0.5455635503366352,8.616514358546349e-4,0.005202783800917866,0.008189603469272754,0.012528168984129824
VGB,0.05349894230033432,0.12687885713539995,0.016819438856840275,NA,NA,NA,0.0016105234186796487,0,0.005759586883077509,0.008400489541623164,0.07477326684317738,0.20259658361386138,0.007156329803028807,0.013231174428588644,0.021386839044537243,0.003137847579409031,0.009588585970056436,0.10860714065612272,0.002954498834242887,0.004730171469311877,0.026241406442573906,0.010110367963439313,0.3783405906759675,0.001057206459260513,0.0026977445169187476,0.0022088769016708194,0.0017665081558610061,0.6811223384875006,NA,NA,0.0010468227787203271,0.003754050618202373
VNM,0.3810383100591023,0.3113493320927986,0.3114703451169689,0.03443895116366727,0.07401206362281461,0.08014438759039197,0.07733962263747428,0.9233496773541767,0.3138397267158531,0.35728109317203693,0.49682505948341754,0.7755654728749307,0.0226149144026264,0.04685774701643925,0.051408735654583766,0.04837313459085553,0.022129269321282525,0.8895280178006517,0.00725406345416335,0.01570243537912777,0.033000030093350424,0.0293572255300727,0.836882113526904,0.0074603632527879505,0.021704302500088143,0.02335001964640592,0.014422908049224475,0.5641496197806183,0.0190081392695147,0.04918782654792284,0.005068695608887313,0.011217943976680671
VUT,0.27293848830470535,0.23284591124809553,0.15799448676783034,0.03530028701222852,0.09169026469817161,0.025763526879690607,3.429080941285684e-4,0.005591428618494553,0.0012945660134772142,0.0041737760113063635,0.01846654723409377,0.20343811681425286,3.5826480725429066e-4,0.001284739711333082,0.0014287475023215688,0.0013339745097531253,3.4062525474109573e-4,0.8069780670350051,0.007146873717690053,0.01456616119723281,0.035878744418211206,0.027823505291845938,0.7299569699702603,0.02544509074639342,0.05360672571163942,0.05862236218027781,0.0398957309847468,0.7016511903774312,0.049436360578040496,0.006958403629171549,0.007747930566589326,0.006466754806533673
WLF,0.11181917075066437,0.12633035953738206,0.02465923386485947,NA,NA,NA,0.011385835006859935,0,0.0024978908717891092,0.004801344418137523,0.03744080678443018,0.134615632656533,0.01001117914957899,0.021790105932933124,0.024487868297659785,0.02095862669552682,0.03061621357745313,0.8419344932905798,0.0010347977786743332,0.0026676556326064712,0.004709630805467116,0.0035954947603666033,0.6230680383558871,0.005537014155068255,0.014481119822496915,0.012445148051112364,0.004568676076134527,0.37094252495838403,NA,NA,8.402200961942009e-4,0.0011129919455293653
WSM,0.2350454099101637,0.18242676014216677,0.09426825763552282,0.005006542256949611,0.014316581870201512,0.010941310496951875,0.006791505204891575,0.3583910829558252,0.013946257688962647,0.05066566534862928,0.14790206163330671,0.2334210904419365,0.0063517283542018094,0.021562167703483827,0.016839280538745525,0.010279938998695651,0.0054033353140634415,0.47401494136520234,0.004546926380214635,0.0100265016967818,0.025594737900004976,0.018084580936929353,0.6700291235092873,0.004888137129327488,0.014709427524799144,0.014717148440102346,0.007388842523998767,0.30225850947267524,0.0047108236034782425,0.007716925414569026,0.004470195271096318,0.004550488955925587
YEM,0.3418791693464763,0.20462843499617273,0.16268341488255914,0.0011276500148749461,0.0020779647287916744,0.0037003192240588297,6.31536506915359e-4,0.16265359215917424,0.0018092799314746164,0.005997465462970772,0.030905332602950395,0.265878996169332,5.327978087352638e-4,0.0012490233956098707,0.0022726783696581155,0.0014916809487598545,7.953003838334215e-4,0.6141118016166416,0.005746003935994657,0.010820408779956504,0.030795557184815785,0.027434989421265207,0.8617600483953097,0.0037590501911025824,0.008335692860733388,0.011375955987919564,0.004009289011385036,0.24451146627527923,0.0021681973007437916,7.191501973070359e-4,0.0037409240402767273,0.008019750575046893
ZAF,0.5115243389725951,0.3154768164824688,0.19932676432585644,0.005418966222900864,0.012012545943931087,0.013731771441450484,0.005679940077373379,0.34131239439467037,0.040241152835310705,0.09298069767345564,0.1931392910805101,0.5374612316190537,0.0024334587586142807,0.0056082306629780185,0.005602558176953724,0.0036086523060689163,0.00312865480922521,0.435912697963179,0.009079482696753715,0.017540030111953386,0.03522671729464762,0.024730361015594976,0.6710571378810427,0.003567660824467226,0.009219610734180825,0.010833730068294637,0.008565050838194933,0.5288519291513376,0.004191859988228971,0.005606691451592061,0.0038313918696023085,0.009631567539766493
ZMB,0.20992641371068949,0.17067969376687586,0.08806670666522214,5.775208554461705e-4,0.0016481131356214356,0.0018377932051015203,7.854834323700317e-4,0.29867462748118206,0.0047283467755644066,0.02042039267193491,0.04050032383035946,0.20285240263878287,3.2267145369888604e-4,8.504233993166771e-4,8.607352017841536e-4,8.902299376745333e-4,3.8323669730762604e-4,0.2501257762470918,0.002486814732267338,0.006900860070161484,0.011404371717784313,0.008424229053536637,0.6668251361638001,4.950870381782244e-4,0.00145576405037665,0.003525698547768591,0.008598834134354527,0.2753075312414422,3.535340144658869e-4,0.00170357454128163,0.0015157068854033196,0.0034343329504264906
ZWE,0.21323596753528315,0.17136070820762137,0.09460924834839438,9.11409850894237e-4,0.0014788217142823518,0.0027079882452472263,0.010067634473639698,0.23303861671338066,0.00387280443499731,0.008660159660947438,0.024119479720113208,0.19155104051556054,0.0011307374396855008,0.001942655587373405,0.002722845128356541,5.975567706221536e-4,0.0015755666420613607,0.20152282042575165,0.002850993428462886,0.006955320484770763,0.011480360908093595,0.00868591452335985,0.6898179165520384,0.0011894051156161186,0.0058079379973048125,0.003725301646956606,0.003914456705426099,0.1834490312504034,0.0016674936713617044,5.941012091803401e-4,0.002252811969032122,0.0033697650266376914
