commodity,price_shock,price_shock_q,phi_cup,phi_cup_q,epsilon_cup,sigma_up,eta_cp,epsilon_bar_cp,tariff_delta,price_shock_long
010121,NA,NA,0.11652542372881357,0.05798192771084338,2.7409982568892373,2.741076250654633,NA,2.1144994775651123,0.2461330695389085,0
010129,NA,NA,5.348560382636265e-5,5.729331801555827e-5,2.7409381616540225,2.741076250654633,NA,2.2378685138735586,0.2461330695389085,NA
010619,NA,NA,0.459839849736664,0.6800217217099136,2.2969377769888366,2.557583070206207,NA,2.124038935357952,0.24292818804586552,NA
010620,NA,NA,0.0010595723354139804,2.728411444445822e-4,2.556483591352812,2.557583070206207,NA,1.2260377967678733,0.2461330695389085,NA
010641,NA,0,1.9457776624724348e-4,0,2.5575794887019474,2.557583070206207,NA,2.083618388432121,0.2461330695389085,0
010649,NA,NA,0.01874365172476241,0.006206386468148052,2.5572867566852286,2.557583070206207,NA,1.5144335194575327,0.2539882266653081,NA
010690,NA,NA,0.0025547065185143702,0.002422488883022779,2.5569908189149335,2.557583070206207,NA,1.5421170902206105,0.2513144282809061,NA
020810,NA,NA,0.13199094391604338,0.13850848919828898,1.89853961158455,2.371878252461416,NA,2.5969145925276655,0.20563966217691187,NA
020890,NA,NA,0.1698786322571,0.3224159184155561,2.193368770731367,2.371878252461416,NA,1.588815303887106,0.22678560338912243,NA
030111,0.02114930701340539,0.015320025152989877,0.0943415508833391,0.06833864256586389,3.329659175708753,3.34540229819919,0.4926953272104614,2.7022985972190336,0.21511137961694554,0.15556341150238484
030199,7.377639184902299e-7,2.294630754941745e-7,2.2654805259929163e-6,7.04621242565387e-7,3.3453370829433746,3.34540229819919,0.4926953272104614,1.7170701893867766,0.21511137961694554,0
030223,5.360739251214223e-4,3.9858689366479053e-4,0.00250066305459781,0.0018593172924959646,2.886083631181553,2.887793871319226,1.8453804578907604,1.050647776351001,0.21511137961694554,0.013776627955014064
030242,0.1274386774346674,0.12908878643713756,0.9735838179691076,0.9861900334056548,2.827994019559654,2.887793871319226,1.8453804578907604,2.802061381533521,0.21511137961694554,0
030245,0.05756445176726362,0.030840109870800006,0.45865767564243165,0.24572548987502918,2.8278289141412603,2.887793871319226,1.8453804578907604,2.9496018587712403,0.21281370181263287,0.1517583235194547
030251,0.013140063008313153,0.0035030313682447283,0.07106794880874304,0.01894612330217408,2.8769933645835963,2.887793871319226,1.8453804578907604,1.5017957742284613,0.21511137961694554,0
030289,0.0016373406597646988,0.0014951050678096616,0.009124342277023393,0.008331711728680875,2.878004840251442,2.887793871319226,1.8453804578907604,1.5975254725229817,0.21466988076810326,0.0016223162412717475
030312,0.0026094543500145414,0.0020178130851717093,0.026134792986757287,0.020209254577164302,2.321325869674071,2.336331267880427,1.850130656907916,3.1510075642321347,0.21511137961694554,0.11153503093123456
030323,0.025296217977729154,0.01831583634975665,0.23661590063613652,0.1713227691830162,1.551021344690406,2.336331267880427,1.850130656907916,1.270694880721938,0.21511137961694554,0.03244714126028909
030324,0.04029024409824822,0.02461130034296301,0.4118778825085638,0.2515956529407732,1.6183362895200506,2.336331267880427,1.850130656907916,1.708645983655689,0.21511137961694554,7.311802870386447e-4
030325,0.01610583262419812,0.03261726628177274,0.13085941646439417,0.26501432939789105,2.1659984293032544,2.336331267880427,1.850130656907916,1.9355442887551548,0.21511137961694554,0.030657218551213856
030326,0.008530261019623259,0.006392688617669826,0.10361024241450432,0.07764686400961575,1.3045747938391457,2.336331267880427,1.850130656907916,1.5584434305043096,0.21511137961694554,0.019930152579342435
030329,0.01772892481050015,0.007173383042562787,0.1840139808682855,0.07445475594624025,1.7168980277822485,2.336331267880427,1.850130656907916,1.9832002432871711,0.21511137961694554,0.07627388863043064
030331,3.6455095391744286e-4,3.7106607497949226e-4,0.0032853428208961173,0.0033440572639073414,2.330760950502808,2.336331267880427,1.850130656907916,2.6682578904323164,0.21511137961694554,0.004614936898901962
030333,1.6674257964158508e-4,9.42207429313501e-5,0.0015913015651321991,8.991921320688445e-4,2.3361158626431004,2.336331267880427,1.850130656907916,2.9456988766560133,0.21511137961694554,0.011679201798906776
030339,0.0014183034471565044,9.572395765252819e-4,0.01323865889773288,0.008935018992187576,2.3083916260596347,2.336331267880427,1.850130656907916,2.7848476923076517,0.21511137961694554,0.0038042124024092235
030351,1.6215748574449003e-5,2.1316816585631085e-5,1.2656674286240277e-4,1.6638146743899225e-4,2.334839051607716,2.336331267880427,1.850130656907916,2.0700216081580862,0.21511137961694554,0
030353,3.681422355071669e-4,3.9111281722312787e-4,0.002950602539745519,0.0031347081658146766,2.3213084170301705,2.336331267880427,1.850130656907916,2.152000328107292,0.21511137961694554,4.737967920757569e-4
030354,1.266202400170999e-4,7.005619279791768e-5,9.425750655863602e-4,5.215060444705385e-4,2.3194679350506218,2.336331267880427,1.850130656907916,1.8640632504960526,0.21511137961694554,2.3032942955920663e-4
030355,0.004981173562872131,0.0014040144666227568,0.04609234207888361,0.012991780804755442,2.0337717896037915,2.336331267880427,1.850130656907916,2.1980762965418785,0.21511137961694554,0.017825989290383717
030356,0.11675192210377112,0.11675192210377112,1,1,2.1960909077622723,2.336331267880427,1.850130656907916,2.1960909077622723,0.21511137961694554,0
030359,8.352967849293726e-4,0.0012019919580408725,0.007055701517092807,0.010153153507707359,2.2518004614301885,2.336331267880427,1.850130656907916,2.241464725634799,0.21511137961694554,0.0019933801226309847
030363,0.0012128686565518246,3.859160526159895e-4,0.011696445828801383,0.0037216282072294717,2.3279996800759357,2.336331267880427,1.850130656907916,2.979194448936591,0.21511137961694554,0.13904090958041035
030364,0.005144073465632486,0.004020096153835068,0.04704487392833961,0.036765594037588264,2.3316685351412385,2.336331267880427,1.850130656907916,2.7369390977613457,0.21511137961694554,0.0718639308627274
030367,0.001326888094494056,3.305844604096682e-4,0.011474195871842506,0.0028587119491596956,2.200449238146422,2.336331267880427,1.850130656907916,2.2430668587118263,0.21511137961694554,0.002284941894319868
030369,0.05018234013088912,0.03254090079289768,0.4413035701263685,0.28616472762286244,1.5750750792528265,2.336331267880427,1.850130656907916,1.783932516317224,0.26236426446749106,0.04605608699776936
030384,0.011613218555318489,0.008654737050228851,0.09504137597888689,0.0708294702343733,2.2709938816676773,2.336331267880427,1.850130656907916,2.147838742898369,0.21511137961694554,0
030389,0.012619892828895585,0.009870162049534491,0.12084582014389089,0.09451489358911506,1.949479122796619,2.336331267880427,1.850130656907916,2.165538648032996,0.21511137961694554,0.021850480633885058
030399,0.002857595738467584,0.0018555994981502167,0.02461702367476483,0.015985234077001264,2.306090132322392,2.336331267880427,1.850130656907916,2.42327791552942,0.21511137961694554,0.0020020702016654425
030439,0.007889093356571885,0.008582262096953194,0.048135831774289754,0.052365247293931924,2.756818959732903,2.870993167188247,1.6760623742427798,1.9423079914322514,0.21511137961694554,0.026270789830819655
030444,0.052745566436409354,0.0307794290219071,0.32763751494727683,0.19119134208922975,2.861052304433776,2.870993167188247,1.6760623742427798,2.1468720254874367,0.21511137961694554,0.1785424441577708
030459,0.0022211725766739204,0.007845937789952373,0.010184606870000555,0.035975499047806225,2.8647259341189604,2.870993167188247,1.6760623742427798,1.149522988586773,0.21511137961694554,0.08014038531978437
030461,0.006534163703973344,0.00687273133127932,0.034237679507432915,0.03601170453044315,2.728821507998884,2.870993167188247,1.6760623742427798,1.3997003294459396,0.21511137961694554,0.11277466694213788
030462,0.11443643194114303,0.10133749772860302,0.869160280143117,0.7696720914900217,2.7744944323145475,2.870993167188247,1.6760623742427798,2.8569072224084353,0.21511137961694554,0.24228029648870725
030469,0.024041171221911108,0.023614609721629428,0.21859270605170408,0.21471422476710403,1.747632120078853,2.870993167188247,1.6760623742427798,1.742105976161284,0.21511137961694554,0.014937744896345322
030471,0.04459849918962333,0.03976692908483783,0.39941129553541416,0.3561411472100742,1.7479869345868189,2.870993167188247,1.6760623742427798,2.4311103005970818,0.26236426446749106,0.03813338817803233
030472,0.04355167521199941,0.04284566173751074,0.39219984722396667,0.38584192010670565,1.822399977895391,2.870993167188247,1.6760623742427798,2.2034140105216995,0.23638877806423045,0.0856714639209166
030473,5.656482597227809e-4,7.656468500493528e-4,0.004749401516998602,0.006428667018071877,2.6040501667972777,2.870993167188247,1.6760623742427798,3.027264510272482,0.21511137961694554,0.012770753719322053
030474,0.009274208702937638,0.008411264206305752,0.07681177202211874,0.06966460744278005,2.802582361052711,2.870993167188247,1.6760623742427798,3.3170655096635424,0.21511137961694554,0.025039122242549106
030475,0.008703932035549065,0.00861059110768613,0.0969319046649336,0.0958924073568212,1.269184866547552,2.870993167188247,1.6760623742427798,2.0322885209552193,0.26236426446749106,0.007452585144794793
030479,0.02768927378885934,0.034883350512525446,0.24305807973957277,0.3062081098662919,2.5927972593821718,2.870993167188247,1.6760623742427798,3.2198139839990003,0.21511137961694554,0.09877932675289146
030481,0.05836961437622564,0.059881564419583706,0.47239847054981676,0.48463502368903005,2.6054473401723364,2.870993167188247,1.6760623742427798,2.8598780752548145,0.21511137961694554,0.09634070412665442
030483,0.02837628915182142,0.02970383885322282,0.31402399994520586,0.3287152256065208,1.6551059120925566,2.870993167188247,1.6760623742427798,2.2639393866673276,0.21511137961694554,0.06260106309651924
030487,1.900973620477357e-4,1.3694974894963729e-4,0.0018700933171344565,0.001347250732651652,2.869892795878289,2.870993167188247,1.6760623742427798,4.397118947685488,0.21511137961694554,0.01704078238639295
030489,0.006873661422212933,0.0068856096274024885,0.057361797214914745,0.05746150688652451,2.828090141989515,2.870993167188247,1.6760623742427798,3.400751565972321,0.21511137961694554,0.027372828653570318
030493,0.012809605007089938,0.009783886832799836,0.2617728857469973,0.1999403017209741,1.0858055914995353,2.870993167188247,1.6760623742427798,3.046096367599045,0.21281370181263287,0.009861802220570159
030494,0.004155172278289109,0.0038733682203523586,0.04284419792687118,0.039938501598003454,1.8334620791196865,2.870993167188247,1.6760623742427798,3.219330646026743,0.2589480531359773,0.006519588511177819
030495,0.0037685353233671125,0.008240901149483356,0.03221574691542402,0.07044826782984097,2.642316638530043,2.870993167188247,1.6760623742427798,3.2836374907560586,0.2195709708273272,0.030530945762833425
030499,9.583454545215574e-5,6.319042456211394e-5,7.578374084743956e-4,4.996952546141806e-4,2.868205527732616,2.870993167188247,1.6760623742427798,3.1680343448789845,0.2135741002980591,0.0037027284135345276
030520,0.0025403541213364126,0.004000878336069847,0.015703576586445937,0.024732024104762617,2.752722855523407,2.844091939645914,1.3303754971113777,2.281296348274154,0.2122469600899966,0.009226223237418806
030531,0.005909841161012364,0.0038342877797485357,0.028068159214975574,0.018210540172890432,2.836053638690583,2.844091939645914,1.3303754971113777,1.567074494200036,0.21511137961694554,0.16420180591683717
030532,0.03790700857979114,0.04997803883184317,0.265803290257564,0.3504451461571228,1.8789984565072788,2.844091939645914,1.3303754971113777,1.5038255098023932,0.21511137961694554,0.11328730629592751
030539,0.01514284308284598,0.028939402674609413,0.0959501407046563,0.18336977695311446,2.6530040161770954,2.844091939645914,1.3303754971113777,2.228088496904355,0.2116832401499178,0.040648412603978105
030541,9.181711426596697e-8,6.544625626452086e-7,5.438454747923272e-7,3.876472332647844e-6,2.8440919010184045,2.844091939645914,1.3303754971113777,2.167506846843837,0.20763936477824457,0.04017413672855118
030549,0.001465627450551734,0.0024316620830860214,0.007164306074562476,0.011886493683356054,2.8045976427891306,2.844091939645914,1.3303754971113777,1.618690497309219,0.21511137961694554,0.007463000775231911
030551,0.005410792068013567,0.002578727814451039,0.027565942624970537,0.01313764456017436,2.822966878266967,2.844091939645914,1.3303754971113777,1.7633456891159056,0.21511137961694554,0.03672816720969301
030553,0.0069556725445145545,0.008121029205483592,0.04282341101815502,0.0499980655114546,2.7400462354820414,2.844091939645914,1.3303754971113777,2.2984276181057832,0.21511137961694554,0
030554,0.0011455070371531927,0.002307869011889446,0.005065393749444978,0.01020531946832482,2.8011700782027296,2.844091939645914,1.3303754971113777,1.3341403825783167,0.21511137961694554,0.0019442282419806602
030559,0.008787899224426049,0.008887281239564641,0.05786691330071928,0.05852132800289188,2.6677985547244356,2.844091939645914,1.3303754971113777,2.4484920321941868,0.21511137961694554,0.015573906684544187
030563,0.13398643689680084,0.13334065131331935,0.9491624634842831,0.9445877061469264,2.6485748197922137,2.844091939645914,1.3303754971113777,2.657820363284031,0.2125614557574689,0
030564,0.021919175409327866,0.026314847374157915,0.13587804011498336,0.16312702555424902,1.874013854864766,2.844091939645914,1.3303754971113777,1.1641068331898607,0.214724980848614,0.1777381417657696
030569,0.0466987086367929,0.04819854666406148,0.3233677031758624,0.3337534117355106,2.5471442506134285,2.844091939645914,1.3303754971113777,2.4427376585451235,0.2139215409740535,0.01204669302326956
030572,0.0018797507947243086,0.011715768353246147,0.012412546449030053,0.07736265853903912,2.604546176179821,2.844091939645914,1.3303754971113777,2.3692354570209315,0.21511137961694554,0.008676852901593616
030579,0.0011826313404953686,0.0035520399153300035,0.006894502621257939,0.020707677590209642,2.824210706595151,2.844091939645914,1.3303754971113777,2.211342985762521,0.21511137961694554,0.003315140219751033
030614,0.025949056648454524,0.03411718623112907,0.10345191894088758,0.13601605762744134,5.569444049950489,5.627997293566982,2.1377022956222396,2.610125429285272,0.21382876618549929,0.08282629801004324
030615,0.13170578880317133,0.10962274208775316,0.843357745891068,0.7019523553644994,4.915143885862969,5.627997293566982,2.1377022956222396,4.632577168367772,0.21511137961694554,0.016399896508544263
030617,0.026711338975189302,0.016101231038601973,0.1198843230029695,0.07226463579269213,5.5697122027310915,5.627997293566982,2.1377022956222396,3.2395805003713427,0.21511137961694554,0.05784571062482839
030619,0.06907832701477631,0.10567939255088758,0.38625003659681956,0.590904137437761,4.373067365156969,5.627997293566982,2.1377022956222396,3.1221830279022798,0.21511137961694554,0.14115789963639605
030633,4.6825120294503923e-4,1.4693486021300685e-4,0.0018147680812453336,5.694650492293728e-4,5.6213449014916135,5.627997293566982,2.1377022956222396,2.425603987007562,0.2094580982289554,5.41251865276945e-4
030636,6.162410515956316e-6,4.382764017197241e-6,1.811847906330227e-5,1.2886031834355918e-5,5.626556031929137,5.627997293566982,2.1377022956222396,1.420881085906269,0.21511137961694554,0.04055102245805339
030693,0.058476530639860205,0.06317349482031323,0.2742779523517408,0.2963085636685822,5.505836944762336,5.627997293566982,2.1377022956222396,3.2714573802234477,0.2094580982289554,0.06538687782940684
030695,0.007539289120387705,0.00392050371638609,0.02712735892695163,0.014106490650591216,5.378164164438564,5.627997293566982,2.1377022956222396,2.0249923626787636,0.21511137961694554,0.018900318013471872
030699,0.0017250708360649944,0.011098033901330897,0.007280451609148576,0.04683790200733866,5.618890277436631,5.627997293566982,2.1377022956222396,2.9634151621491043,0.21511137961694554,0.005416709918547588
030711,0.0014779068602596942,3.2413492536544753e-4,0.010613184924396385,0.002327686538212854,2.6005565064546388,2.602448307520757,1.879312360249631,2.137932898178798,0.21511137961694554,0
030719,0.004862118765041678,0.003275638113920573,0.03472526802603124,0.02339461805828602,2.577534811548169,2.602448307520757,1.879312360249631,2.0806218313204567,0.21511137961694554,0.023285319249632033
030722,0.04302367927198236,0.025929299426985672,0.34913095912225267,0.21041252936744642,2.127225219152721,2.602448307520757,1.879312360249631,1.8339674210069647,0.21511137961694554,0.07509285267424438
030729,0.01864659513003293,0.035174945669887686,0.13465396756924933,0.2540113066462445,2.50049952434145,2.602448307520757,1.879312360249631,2.004960900060894,0.21511137961694554,0.08577537076321982
030731,7.013706594688972e-4,5.525715655821752e-4,0.005238062817221258,0.004126783081746642,2.6023500295125275,2.602448307520757,1.879312360249631,2.301418449731914,0.21511137961694554,0
030732,1.1885726633313684e-4,1.6507153158043262e-4,7.503372153863575e-4,0.001042084486433217,2.602085211444813,2.602448307520757,1.879312360249631,1.6542735117485876,0.21511137961694554,0.0017334875224997732
030739,0.006112110441469609,0.007949644653158231,0.04227299689735467,0.05498187687806705,2.543930114898225,2.602448307520757,1.879312360249631,1.905465607040463,0.21511137961694554,0.057356078903807825
030742,8.758859212712765e-4,0.00231450634815966,0.005687645797349725,0.015029459869548938,2.2058047990699245,2.602448307520757,1.879312360249631,1.2018562141964373,0.21511137961694554,0.011237647232258457
030743,0.004755061904279795,0.0051947320270699275,0.037917714033496495,0.04142372222447789,2.2355311790665415,2.602448307520757,1.879312360249631,1.9553761189073409,0.21511137961694554,0.016335326801806497
030749,0.012408030642658847,0.012377101329187441,0.08800073478468526,0.08778137666168771,2.448520275411092,2.602448307520757,1.879312360249631,1.856203041196237,0.21511137961694554,0.0029993395598271124
030751,8.122315705222577e-6,1.185487828810864e-5,4.237181393470371e-5,6.184353271559188e-5,2.5898213907767276,2.602448307520757,1.879312360249631,1.026920371534512,0.21511137961694554,0
030752,0.0021743458562150896,0.0021651647752716587,0.015885917429509722,0.015818839833107983,2.5730246643518875,2.602448307520757,1.879312360249631,2.1645001425543846,0.21511137961694554,0.01084644307486847
030759,0.030401209774352737,0.01876855268378918,0.23190324745605945,0.1431682603990557,2.5640968197212017,2.602448307520757,1.879312360249631,2.3280873224773697,0.21511137961694554,0.03829248515022024
030760,0.029545662993338214,0.0201257380959728,0.2253052725214297,0.15347209867757816,2.5727616477641138,2.602448307520757,1.879312360249631,2.1943671618967415,0.20763936477824457,0.044966018868667065
030771,1.1606002583770811e-4,9.379126807734309e-6,6.623213178349467e-4,5.3523989699314516e-5,2.5977306347658353,2.602448307520757,1.879312360249631,1.3096072587698566,0.21511137961694554,0
030772,0.00237307171444322,0.0037575510495554396,0.014818179763918424,0.023463288776958323,2.5238016963250014,2.602448307520757,1.879312360249631,1.5107103666844626,0.21511137961694554,0.003406552573963631
030779,0.04433680096336252,0.05492716910632427,0.32034090511023955,0.39685811074197674,2.1599989489382696,2.602448307520757,1.879312360249631,1.477792985144604,0.21511137961694554,0.037678192482675954
030783,0.006831055435905655,0.003494371253647266,0.04725938182708384,0.024175155196908077,2.312636829498145,2.602448307520757,1.879312360249631,1.562372093277814,0.21511137961694554,7.330969406019699e-4
030787,0.006273659696993741,0.0053743411980581675,0.04898684807739622,0.041964666319329325,2.442414793607765,2.602448307520757,1.879312360249631,2.2231192211709856,0.21511137961694554,0.029941536181147914
030791,0.0017771032689714481,4.610310638533973e-4,0.012091432296723492,0.0031368609762876544,2.584930859445053,2.602448307520757,1.879312360249631,1.9040453026186632,0.21511137961694554,0
030792,8.392364248048029e-4,0.001362684648814439,0.0061642176709900375,0.01000896117463269,2.5962975748217123,2.602448307520757,1.879312360249631,2.222837239586811,0.21511137961694554,0.0038068114386068555
030799,3.9404213314914275e-4,3.3689317523597016e-4,0.0024804939593968322,0.00212074145334745,2.5980245065527283,2.602448307520757,1.879312360249631,1.638738723145745,0.21511137961694554,0.033655333498393204
030819,NA,NA,0.00761983160160986,2.6070820617418386e-4,NA,NA,NA,NA,0.21511137961694554,NA
030830,NA,NA,0.17696944433231931,0.1296138138107642,NA,NA,NA,NA,0.21511137961694554,NA
030890,NA,NA,0.003788442913648437,0.008012620357435886,NA,NA,NA,NA,0.21511137961694554,NA
040110,NA,NA,0.05037622370236912,0.017744691949471,NA,NA,1.624133969799775,4.4779167535338225,0.2461330695389085,0
040120,NA,NA,0.004090413314576988,0.0014285908063682593,NA,NA,1.624133969799775,3.533246009484735,0.2461330695389085,0
040299,NA,NA,0.05415663984069457,0.05153387822964168,NA,NA,2.9325950626358233,2.932072232410556,0.23537432619915977,NA
040310,0.0023210461031834204,0.001437658279427968,0.015397316134387268,0.009537113024687897,2.633111744998517,2.635396779900678,1.2568544394096792,2.473749422814121,0.2135741002980591,0
040390,0.00975133986010609,0.007068915627996695,0.04798266000445923,0.03478346361057747,2.5654037805966317,2.635396779900678,1.2568544394096792,1.7885979984167952,0.24125485606210123,0
040490,0.061388713452339844,0.07349631129508036,0.4353444525018129,0.521206743101081,2.5225557134790777,2.524093801714394,1.0701396704868833,3.022554321072929,0.22878314410407805,0
040510,NA,NA,0.001121575570808525,9.688590557714452e-4,2.23920064130759,2.239222118736103,NA,4.230105638093353,0.21511137961694554,NA
040630,NA,NA,0.047322019723316025,0.030497828265953892,3.022628092768393,3.024421085496088,NA,3.2138413710406075,0.2333456616788099,0
040790,NA,NA,0.1122429841271955,0.12095426556600349,NA,NA,8.21411627932277,1.5341489175676108,0.21511137961694554,NA
040811,NA,NA,0.08816486419528023,0.04196897781280863,NA,NA,NA,2.0606228991988154,0.21511137961694554,NA
040819,NA,NA,0.1647131170802127,0.1386366513058276,NA,NA,NA,1.89754182840797,0.21511137961694554,NA
040891,NA,NA,0.010570812534970912,0.009151086518208004,NA,NA,NA,2.368504086616962,0.2461330695389085,NA
040899,NA,NA,0.06422420293166771,0.08514083213764988,NA,NA,NA,2.108567218580627,0.21511137961694554,NA
040900,1.1073024334113394e-5,2.494878466913868e-6,1.8967469434724276e-4,4.273586839211939e-5,2.6837815726025895,2.683913745084749,6.755942056464746,3.1330878617326237,0.21511137961694554,3.718490107960125e-5
041000,NA,NA,0.14862667796854853,0.09509616022670939,1.4491592861952804,1.552228116879981,NA,2.822499266218913,0.21342157173821255,NA
050100,NA,NA,0.009501706558495792,0.0030787274593168166,NA,NA,NA,NA,0.24332423789332588,NA
050210,NA,NA,0.05429071152820295,0.03330274333878147,NA,NA,19.67915434528003,1.1875296793487484,0.26236426446749106,NA
050290,NA,NA,0.011693555924636478,0.001411549490754474,NA,NA,19.67915434528003,1.1334123042957558,0.2461330695389085,NA
050400,0.0036513420459399703,0.008473004762682347,0.018962158168274127,0.044002028418337905,2.456586329041384,2.665698127621623,0.5556683645331908,2.5843865637611545,0.2461330695389085,0.02034715541943307
050510,0.01310117697019718,0.03378321182920719,0.09541024209721527,0.24602861458772068,1.677656055014493,2.651783526355072,1.5882117075191742,1.4189555302797223,0.2461330695389085,0.028744508618786333
050590,3.687733865405802e-4,1.2157692742708853e-4,0.002350393898127018,7.748760588671587e-4,2.3540215464292564,2.651783526355072,1.5882117075191742,1.6039731363344905,0.21276320228299395,0.004526244125220896
050610,NA,NA,1,1,NA,NA,NA,NA,0.21511137961694554,NA
050790,NA,NA,0.01479640837673416,0.0017186346402580175,NA,NA,NA,3.13435296120301,0.21511137961694554,NA
050800,NA,NA,0.19748623417801042,0.14419940138180687,NA,NA,NA,1.3948559601522121,0.14842000511827325,NA
051000,NA,NA,0.018088170932000165,0.0016013537217028835,2.738969265233627,2.751300260959414,NA,1.8569701380221877,0.2231019057896838,NA
051191,NA,NA,0.07146971604777674,0.03585919845749721,2.533492029283106,2.600986367540612,NA,1.8062550460185156,0.21511137961694554,NA
051199,NA,NA,0.5516059791128667,0.4604713779921974,2.395205900622029,2.600986367540612,NA,2.305190849392817,0.21380327179916916,NA
060110,NA,NA,0.04809721921939186,0.03625091994439448,NA,NA,0.41299226140395423,2.5382657904216073,0.24787048115500188,NA
060120,NA,NA,0.003031598078622298,0.0028948570093557196,NA,NA,0.41299226140395423,1.7432201500808884,0.24472055400550735,NA
060210,0.02823860323535755,0.009640204885881687,0.22691142575926568,0.07746391055659292,2.503473427556675,2.55289342295886,2.6170576760440394,2.1458387858204637,0.23676363632400235,0.03274761164312092
060220,1.3541387745152732e-4,5.786494948832993e-5,9.184788290342705e-4,3.92483636451465e-4,2.552701699022366,2.55289342295886,2.6170576760440394,1.6445749793994833,0.2461330695389085,0.004058719776598069
060290,0.03120110321234428,0.031050603275413535,0.24131339910393013,0.24014941297502568,2.412540130980983,2.55289342295886,2.6170576760440394,1.9506563663927798,0.24480082339288162,0.03180994434562888
060311,NA,NA,3.9084873319472917e-4,2.4130826757408946e-4,NA,NA,3.806052037544709,2.1765506634590475,0.24253347659469016,NA
060312,NA,NA,1.6349645498040277e-6,9.905103604632283e-7,NA,NA,3.806052037544709,1.6985174393955675,0.23676367333834902,NA
060314,NA,NA,1.6791656902081668e-6,1.0501669109034019e-6,NA,NA,3.806052037544709,1.964890955245554,0.23379775733872618,NA
060315,NA,NA,9.813677518631266e-7,3.5867787032862415e-7,NA,NA,3.806052037544709,1.0930528666277393,0.23379775733872618,NA
060319,NA,NA,0.022887489027113683,0.013756901049224623,NA,NA,3.806052037544709,2.171716754762736,0.24532392611164605,NA
060390,NA,NA,0.14083453614873137,0.13410808548314673,NA,NA,3.806052037544709,2.437066939155676,0.23827512618311886,NA
060420,NA,NA,0.025613237501066543,0.011655701374643126,9.791059178041735,9.85559082919564,NA,2.1070621683512307,0.255620139992118,NA
060490,NA,NA,0.32547600771771923,0.3354562390655867,8.393205189605593,9.85559082919564,NA,4.549981532969146,0.24148716546443932,NA
070310,0.0011707025230079382,0.0010806156178892897,0.004635351205201867,0.0042786556006329845,4.307037246686512,4.321593293558116,1.589977679401716,2.0784343051216907,0.21511137961694554,0.0037661127739546142
070320,0.010510961078139543,0.006533944000273001,0.04821151346316654,0.029969793132608148,2.9352349061828056,4.321593293558116,1.589977679401716,1.3061292071578154,0.21511137961694554,0.020892963911741922
070390,1.7700277010784864e-4,1.0922475762433868e-4,6.08625867464527e-4,3.7557046602836264e-4,4.319597147951253,4.321593293558116,1.589977679401716,1.2031583082897281,0.18805223150293965,0.0013962335095446992
070410,0.0022513678439431972,0.00201792267041698,0.008360338491049677,0.0074934518669773085,1.9127419563021628,1.923910586228179,0.1703333371775796,1.2662531678973592,0.20225440802469302,4.6527170271659575e-4
070690,NA,NA,0.001452888343754438,0.001649572423659875,NA,NA,3.988833644535245,1.1682568125880408,0.20599391435936143,NA
070820,NA,NA,3.131561767091334e-5,7.688748511477513e-5,NA,NA,3.0901311169305976,1.3446046709291304,0.2206713621688207,NA
070951,4.930761889803968e-4,3.8120109024684977e-4,0.04691421791168461,0.036269751847058794,2.655371905993229,2.667097692284344,46.144817409904,1.3661963831353634,0.18805223150293965,0.0023974226544545905
070959,5.045832959421548e-4,7.508143881011544e-4,0.0522410422853378,0.07773409566401696,2.3558803773292527,2.667097692284344,46.144817409904,1.4326937018471542,0.19506058420721717,0.0011663689899166683
070993,1.7506965252217377e-5,1.2221102407073083e-5,0.0013530606562483318,9.445322250181534e-4,2.667018500818602,2.667097692284344,46.144817409904,1.6087128169024283,0.2316717387567566,0
070999,3.140822088106771e-5,5.724955541104865e-5,0.0029021104999198263,0.005289842315592445,2.6615803781200142,2.667097692284344,46.144817409904,1.2211560183747927,0.19259999560011115,3.2859990095690603e-4
071010,2.1014365613254452e-4,3.0432719512861955e-4,0.004082158955426773,0.005911727281410952,2.6723274857987627,2.712099821921959,8.385077267386581,1.7597099434907513,0.19542478179238165,7.435527837345024e-4
071021,0.004596141764282043,0.005035295609359165,0.08462570212730859,0.09271154986385335,2.6314999640142136,2.712099821921959,8.385077267386581,2.037511997216659,0.21511137961694554,0.014218203669004333
071022,0.004281215460852996,0.003867871395332882,0.0797146093904405,0.07201829953916579,2.6438162543884323,2.712099821921959,8.385077267386581,1.9657805130332417,0.2102685093677844,0.012919545279032222
071029,0.009816879199861343,0.011007550335572684,0.22666205895421043,0.25415348119372344,2.0488818268223334,2.712099821921959,8.385077267386581,2.0541479885064824,0.2206713621688207,0.013916609498820627
071030,0.005607721962891969,0.010009581656836745,0.12232776623261184,0.2183506552404573,2.2747490670952306,2.712099821921959,8.385077267386581,1.312242217489734,0.19542478179238165,0.015437852777326384
071040,0.002437891352682058,0.00233761026397349,0.05065042045545547,0.04856694807214692,2.5971657865871163,2.712099821921959,8.385077267386581,2.1599575194873983,0.19542478179238165,0.010485847440593419
071080,0.001948494438182227,0.002597839254675781,0.03700017542498565,0.04933065564128056,2.6360167967915715,2.712099821921959,8.385077267386581,1.7838318814101384,0.2031522241028741,0.0052432652758528184
071090,0.0057238784944324385,0.008820861521673728,0.11128657389387671,0.1714997022550762,2.647658507733672,2.712099821921959,8.385077267386581,1.8794288019032819,0.19939934165412398,0.01697633128828072
071140,0.001704244384607868,0.001450373750198918,0.007574932790627985,0.006446542396310001,2.7845722667217276,2.802075565423983,0.910050170046346,1.612535723603673,0.20381707149731698,0.0025407558425726328
071159,3.9405797994493597e-4,3.9323789973736843e-4,0.0019267723460761976,0.0019227625100979326,2.638791308327465,2.802075565423983,0.910050170046346,1.8835315532374797,0.21651403713692308,1.8507540191003765e-4
071190,9.714809902833332e-4,5.521447058209625e-4,0.0038914413933370646,0.0022117146756695234,2.7776395528330564,2.802075565423983,0.910050170046346,1.4692220020961353,0.21384152850239993,0.004029012642971232
071220,0.003123031178813411,0.0026238155101277177,0.07497932547494757,0.06299390107108363,1.9156458877032767,2.258300492515214,6.465365158017581,1.8919199639887494,0.18171248948468538,0.00897816980146319
071231,7.341942296238915e-4,3.4982062183729605e-4,0.01277017977499439,0.006084591855415516,2.1521100028434708,2.258300492515214,6.465365158017581,1.461304354434252,0.2117582021434796,9.430444491321885e-4
071232,6.939426218575186e-4,8.697282914272703e-4,0.023580964840103007,0.029554363162896013,1.0864142566939587,2.258300492515214,6.465365158017581,1.0284194498498846,0.20298677416993322,4.139051346577106e-4
071233,3.264598766776842e-4,4.0241519429596255e-4,0.010556163234035102,0.0130121977686041,1.1397610208445834,2.258300492515214,6.465365158017581,1.015603361457452,0.20298677416993322,0.0010788173815736378
071239,0.0015555167246848324,0.0033176375781258367,0.03653824972150168,0.07792951910533828,1.5361581112214822,2.258300492515214,6.465365158017581,1.1995128658818348,0.21242042575035383,0.0012823009301912082
071290,0.004203962173753799,0.006175053152180925,0.08999543977450424,0.13219115707819082,1.8342552441757922,2.258300492515214,6.465365158017581,1.5285079295298292,0.20358031207608324,0.020881810384360388
071310,0.032226104815814886,0.0054506925252088495,0.2286355890671062,0.03867120470958119,2.9937376081448868,3.021963960655127,1.058346287491357,3.510569320954716,0.21511137961694554,0.07801623873937111
071320,0.0015840221868564206,0.0010191315128749634,0.012887599113406305,0.008291650515222434,3.0217774802211856,3.021963960655127,1.058346287491357,4.230203824644507,0.21511137961694554,0.0040854324783599245
071331,0.014290492040245253,0.011243224715592718,0.09834311999550673,0.07737268907383303,2.5021098032734845,3.021963960655127,1.058346287491357,2.645615948554031,0.21511137961694554,0.025045514181167416
071332,0.005782000254262028,0.0047968029904446674,0.03537444743616644,0.029346981630112037,2.3978412888629728,3.021963960655127,1.058346287491357,2.0973513016163126,0.21511137961694554,0.01877438779012803
071333,4.392498682196704e-4,5.976854440737372e-4,0.0026665278991233,0.0036283332718622056,3.0157187638684704,3.021963960655127,1.058346287491357,2.879771629884438,0.21511137961694554,0.00893971351639071
071335,3.329364426671088e-4,2.9873559597283305e-4,0.0020774868409100694,0.0018640773132952671,3.0199049595503324,3.021963960655127,1.058346287491357,2.995185729381826,0.21511137961694554,0.02076648479452738
071339,0.0240700730200077,0.02496626035940215,0.1642509538463579,0.17036641619656395,3.0020664446979715,3.021963960655127,1.058346287491357,3.3483607427242474,0.21511137961694554,0.07426090797419617
071340,9.58367393755436e-4,6.083719854726654e-4,0.00551841117535736,0.0035030895095993133,3.020909790106001,3.021963960655127,1.058346287491357,2.683476102515466,0.21511137961694554,6.902277973529037e-4
071350,8.006356871332169e-4,8.191526282279926e-4,0.004902932297114206,0.005016326328877158,3.0124560494824695,3.021963960655127,1.058346287491357,2.909958830447592,0.21511137961694554,0.007996779197590252
071390,0.0026535364948534453,0.0014393170345686982,0.012881375757539235,0.006987046755326602,3.010965791808542,3.021963960655127,1.058346287491357,2.0858264024196784,0.21511137961694554,0.0038608750684201282
071420,0.030773342670033958,0.04313549351697663,0.24494620000052073,0.3433450611921731,2.0678729157198292,2.697899901639891,1.4726721669584355,1.9390688218811285,0.20727941516730314,0.01198457019699671
071430,0.033634500088663526,0.049227584827533734,0.20875571018301844,0.3055356673706081,2.630839488777251,2.697899901639891,1.4726721669584355,2.0196756397365063,0.213879790700948,0.048196231976143394
071440,0.002231194900963744,0.006646628035394196,0.01234571654763221,0.03677732755981038,2.6794198850875226,2.697899901639891,1.4726721669584355,1.6240421280185544,0.2088726467530131,0.012622918463705377
071490,0.012922203686210103,0.01840089064547767,0.08071652459519148,0.11493828594762939,2.2476667567905606,2.697899901639891,1.4726721669584355,1.3647860649948715,0.20210249873510283,0.04700765520564438
080111,NA,NA,0.003824698411231438,9.905155711805432e-4,3.5804116774168278,3.580816789027578,NA,2.5501810580258093,0.21511137961694554,NA
080211,1.0042207475853268e-4,2.57083251573013e-5,3.5331434702087614e-4,9.044943691706085e-5,6.985848332158903,6.98766033993184,3.062542505553865,2.2245221512667275,0.21511137961694554,0.004230677672388128
080212,0.0012166816760876412,6.490398194326195e-4,0.004628113972431718,0.0024688711238257284,6.981803343506246,6.98766033993184,3.062542505553865,2.65037661293406,0.21511137961694554,0.0014326345872112877
080221,0.0026399784564270787,6.888578964697199e-4,0.008925648401576072,0.0023289975596465042,5.244207901149778,6.98766033993184,3.062542505553865,1.301502901401134,0.2461330695389085,0
080222,0.001280576767592013,0.0022447222156891716,0.005071675979066063,0.008890137654452422,6.979033663009588,6.98766033993184,3.062542505553865,2.883178950928751,0.21511137961694554,0
080231,4.586051855078389e-6,2.2272056441971674e-6,1.4045953696024166e-5,6.821385439694809e-6,6.987401846178325,6.98766033993184,3.062542505553865,1.5409917299872407,0.21511137961694554,2.4401152242538104e-4
080232,7.933680485308632e-5,4.6736532971550514e-5,2.556740706942996e-4,1.5061508535795065e-4,6.953990487395456,6.98766033993184,3.062542505553865,1.758150306437312,0.21511137961694554,0.00982764165564111
080241,0.0077657972345636355,0.007173143078483516,0.025765584628827123,0.023799259684603096,6.075790086158765,6.98766033993184,3.062542505553865,1.273765285279255,0.21511137961694554,0.024455249293502946
080242,0.007062741815897998,0.004643893165440588,0.034445739917865016,0.022648758846464907,4.752590942560264,6.98766033993184,3.062542505553865,1.9235003752883797,0.21511137961694554,0.02920041056066706
080252,0.0025103479812383905,0.0012553948391079085,0.008832040173062952,0.004416797087464834,6.805537307846353,6.98766033993184,3.062542505553865,2.087999264197026,0.21511137961694554,0.11435728772211018
080261,3.776382644563147e-4,1.3143699910447504e-4,9.974161749281786e-4,3.471507027487393e-4,6.960276281235921,6.98766033993184,3.062542505553865,1.4622311630087192,0.2461330695389085,0
080262,0.022047158078814653,0.011919834702765404,0.07795414039298162,0.042146042794213336,6.8175988764478,6.98766033993184,3.062542505553865,2.122847207719339,0.21511137961694554,0.05013380348167225
080280,2.0179569737039093e-5,5.379230661041856e-5,5.496120395927274e-5,1.4650906702080903e-4,6.984049222914948,6.98766033993184,3.062542505553865,1.3043767698190893,0.22957444164450003,0.01813147457122831
080290,0.02455135221205657,0.017388963418220053,0.19932447541619105,0.14117536099156114,2.9266544084809256,6.98766033993184,3.062542505553865,2.6292894480337026,0.23954958024138293,0.07726553204916074
080390,NA,NA,0.03520278684075647,0.002615994049348238,3.114370251690168,3.114791672864771,NA,3.3938086921579833,0.21511137961694554,NA
080410,0.002323955982164522,0.0039152661931719755,0.0286443391016017,0.048258320454847466,2.751977675818547,2.765105925838582,4.020557768423105,2.975914617609068,0.20626393999985188,0.024476023896251885
080420,2.03118852291349e-4,7.088431328938363e-5,0.0023410208619286414,8.169682642550077e-4,2.764481531092005,2.765105925838582,4.020557768423105,2.833253299082373,0.21511137961694554,0.0021614842890100624
080430,0.013083168508654456,0.003085561649187399,0.15238871124987263,0.035939670339846276,2.760588855668591,2.765105925838582,4.020557768423105,2.896238394207055,0.21511137961694554,0.011930383898865509
080450,0.0026812377531008082,1.5242586655419857e-4,0.030320904579388165,0.0017237151572535854,2.7617700006774397,2.765105925838582,4.020557768423105,2.6977163717906643,0.21511137961694554,0.00241840356751166
080510,7.142592971090943e-6,2.385561435576024e-7,2.7469979104207948e-5,9.174724508635776e-7,5.085166688392907,5.08521330600785,0.3281659380122184,3.8788194733636643,0.21511137961694554,1.4630322058930677e-5
080521,2.366442673682553e-4,1.9736616077922837e-4,5.323480351674934e-4,4.43989153288351e-4,5.0809510540702725,5.08521330600785,0.3281659380122184,2.1305483449055727,0.21511137961694554,7.994880537795513e-4
080540,0.008034668717953884,0.007558162968571422,0.025844162888085484,0.024311443539416965,4.504527227427043,5.08521330600785,0.3281659380122184,3.2380996172141425,0.2461330695389085,0
080550,0.0013296218784600747,0.0013146327810211618,0.002621505303214034,0.002591952541588292,5.084464363888452,5.08521330600785,0.3281659380122184,2.132730352789902,0.24548531405059584,0
080590,1.825844632611471e-4,1.5941640394779146e-5,5.511568837560026e-4,4.8122083801721636e-5,5.082763882919721,5.08521330600785,0.3281659380122184,3.4235147992160195,0.24452007558638766,0
080620,3.524529716504439e-4,2.9983905014287394e-4,0.003129397389643233,0.0026622432389669837,2.2195024128096144,2.223632559679583,0.8542797513705547,3.3848679290054586,0.21511137961694554,0.00594281676757508
080810,1.5037388320155358e-6,1.3236098476739964e-6,0.0031508489791237083,0.002773416931523792,3.566154559630684,3.622577841752052,1605.124585188599,2.256007506501153,0.21511137961694554,3.3396300879440027e-6
080830,1.0163693906219227e-5,1.0918726886776426e-5,0.023088378710200634,0.024803551122381327,3.2882716506779124,3.622577841752052,1605.124585188599,1.716523889761411,0.21511137961694554,2.676848010747948e-5
080930,NA,NA,0.001031526568534731,0.0010022106562852403,3.0046025738799496,3.00676656551523,NA,2.36454014971713,0.21511137961694554,0
081090,2.4166924977066755e-4,1.7716017571837905e-4,0.041099041316200444,0.030128422992765587,1.8279065855706482,1.850819065507121,64.21455195903056,1.8183862821790349,0.2124204512670673,6.585623373640346e-4
081110,6.052282790469974e-4,5.297588874808022e-4,0.01282331070107162,0.011224298411034518,2.7231010280229784,2.72849690473956,9.562915556918352,1.922454416017349,0.19906746331325031,0.0021011855485906813
081120,2.478714443852193e-4,1.5739451794043568e-4,0.005531473039937121,0.0035123994810324953,2.7265732374994247,2.72849690473956,9.562915556918352,2.9580314264217473,0.2057812052389309,0.004870190360126167
081190,0.0016695834750368836,0.0017768626063590066,0.03754808303782415,0.03996073612845187,2.71833117587299,2.72849690473956,9.562915556918352,2.933798464828481,0.20441550465463393,0.006240198997906909
081290,0.009428250426623387,0.016610990579191926,0.03216097726302093,0.05666222959300126,2.941499515029258,3.113709401120973,0.96491727270113,1.1648593822249738,0.21225950817904815,0.00497849842915599
081310,0.0019102874736841946,0.0037693893578965446,0.008493040372986335,0.016758512233961714,2.904128611662789,2.904649917205454,0.3735523109511718,2.4038813323074755,0.21511137961694554,0.016836453125800302
081320,9.98653035580466e-4,7.24869203041133e-4,0.004388689214340438,0.003185516430483872,2.9026210470425036,2.904649917205454,0.3735523109511718,2.1976847598972675,0.20157263824874605,0.018993990084384443
081330,0.0736937871360927,0.04837942140550397,0.3300660993347574,0.2166859315005455,2.402923196042307,2.904649917205454,0.3735523109511718,1.9415666967549305,0.21511137961694554,0.13645234008029072
081340,0.04372325868376944,0.012499399330937069,0.20159738063038138,0.057631709996616744,2.513376086087848,2.904649917205454,0.3735523109511718,2.0995219979221704,0.21340634347694645,0.07871610315348282
081350,0.05641250758994776,0.0183063023076542,0.31813130246448745,0.10323610924681598,2.3468200658225946,2.904649917205454,0.3735523109511718,2.212816337243442,0.19542478179238165,0.11383502634522201
081400,NA,NA,0.06987414903216017,0.057712188945891724,NA,NA,NA,2.9601838987023252,0.21511137961694554,NA
090111,2.4725363225577113e-4,3.324664303568188e-4,0.0015344158233269005,0.002063232587567403,3.822889419449667,3.822957095041082,1.3189077306380956,4.7067673514709965,0.2539882266653081,0.03514778710339167
090112,0.1589493481034124,0.12155923976814757,0.8425107387703193,0.6443245356048221,3.782613818697478,3.822957095041082,1.3189077306380956,3.773489634138518,0.2539882266653081,0.20882344415822104
090121,0.0010059728820807487,0.001299180874907784,0.00529172861351659,0.006834093376019251,3.822843028071369,3.822957095041082,1.3189077306380956,3.7083991771562608,0.24999863861738617,0.0032522001609358473
090122,0.002767695725347867,0.002137246472343325,0.01435716548242407,0.011086768317461438,3.822538351654069,3.822957095041082,1.3189077306380956,3.5616806584021794,0.2461330695389085,0.04421749301794249
090190,0.001658819272167249,0.0012716495940121259,0.009586954251284804,0.0073493518468297474,3.821298296629572,3.822957095041082,1.3189077306380956,4.116880026344905,0.2461330695389085,0
090210,0.006540854527432075,0.003916343245391092,0.03749211369372714,0.02244844088858051,2.224271079814553,2.400999508218098,1.7335525832434262,1.323855668946068,0.23980613151307267,0.00758538076731908
090220,0.006086447944068082,0.0027112272754302395,0.03529782122405385,0.01572352487778785,2.1429795874781785,2.400999508218098,1.7335525832434262,1.2725186420585568,0.24187848791017585,0.010099580706022878
090230,0.009846040154284856,0.01688485778977884,0.06218374072630063,0.10663816138746252,2.339141538073222,2.400999508218098,1.7335525832434262,1.902596744357841,0.2461330695389085,0.030519021505311293
090240,0.009285299581664255,0.013418373234188149,0.061608206127160545,0.08903125815514792,2.2778165457930837,2.400999508218098,1.7335525832434262,1.9863481791800985,0.2461330695389085,0.02028013389143235
090300,NA,NA,0.09634067810846374,0.015655883065240656,2.7433722656931376,2.745907621201459,NA,2.776078730275234,0.2461330695389085,0
090411,0.012093121300435612,0.012245053298166667,0.09823633597266071,0.09947052873425716,2.8674553543406676,2.881211317910055,2.6517377121784524,3.081505680849346,0.2461330695389085,0.03499504804722534
090412,0.02378570724693421,0.019113615453623525,0.19230912879239034,0.1545349355307852,2.842040633716193,2.881211317910055,2.6517377121784524,3.003932558214149,0.2461330695389085,0.04552770885617967
090421,0.012987243210906612,0.011674009733639626,0.10391231652674843,0.09340499556977347,2.5427206307242987,2.881211317910055,2.6517377121784524,2.3557358807095468,0.2461330695389085,0.024598082309144637
090422,0.01860059246943376,0.019345611247257397,0.14134456425855682,0.1470059083629971,2.5363792791432305,2.881211317910055,2.6517377121784524,2.092172909784065,0.2461330695389085,0.021526948522178773
090520,NA,NA,0.13868822082082347,0.2273905177893313,4.359676947922066,4.391576214436463,NA,4.291656433177903,0.2461330695389085,0
090611,0.0018257860855047368,0.0016172471458783789,0.006736421104460241,0.0059669957456223235,2.7326159939030177,2.744801223707055,0.570171257262293,1.9114066185312981,0.2461330695389085,0.0045282646987246985
090619,4.155825796714551e-4,2.061067073512076e-4,0.001583836528278508,7.854981122743942e-4,2.737001635892871,2.744801223707055,0.570171257262293,1.9972553945943217,0.2461330695389085,0.0017054515951541315
090620,0.013643033828032756,0.009239463514395928,0.07232482516627789,0.048980497426886885,2.7243964195466503,2.744801223707055,0.570171257262293,2.9846412965353,0.2461330695389085,0.009424931786138336
090710,NA,NA,0.14113746529541485,0.09006569345548936,4.245768392141405,4.313684908287741,NA,4.848142292128573,0.2461330695389085,NA
090720,NA,NA,0.3230853072998393,0.1904406671284702,4.2899338779037395,4.313684908287741,NA,3.683249769945284,0.2461330695389085,NA
090811,NA,NA,0.03120634769800921,0.014725425184906778,7.287218247413116,7.320868923382007,NA,2.738278737325455,0.2461330695389085,NA
090812,NA,NA,0.02424287334765979,0.06970372730168845,7.3187437721217465,7.320868923382007,NA,2.876878829486763,0.2461330695389085,NA
090831,NA,NA,0.10828095221307212,0.05340741458582336,7.204350210521033,7.320868923382007,NA,4.076694143819537,0.2461330695389085,NA
090832,NA,NA,0.08059658014001371,0.019192441130877685,7.247439685942993,7.320868923382007,NA,4.039945741243226,0.2461330695389085,NA
090921,0.0021574963134422323,8.305126305488725e-4,0.02800094865035858,0.010778763039631897,4.979150713462488,5.000001388462993,13.57070448734598,2.3348173694321694,0.2461330695389085,0.012121040789871081
090922,0.002136305718484738,9.769695863872311e-4,0.027721421498514684,0.012677485933370857,4.987397073529685,5.000001388462993,13.57070448734598,2.358570413204484,0.2461330695389085,0.021792344435865255
090931,9.82907572497732e-4,0.0018158796218446496,0.012516669361791645,0.02312401029700803,4.877320058841506,5.000001388462993,13.57070448734598,1.7164735243147675,0.2461330695389085,0.001656943642181114
090932,0.0036342958033995444,0.0038870332810404837,0.046511634104747325,0.049746162530748365,4.972706085672855,5.000001388462993,13.57070448734598,2.093346351194254,0.2461330695389085,0.012233145375185037
090961,0.002450229837624286,0.0017972286831882324,0.032315288541187,0.023703067597951138,4.756276376764711,5.000001388462993,13.57070448734598,1.8689744221374884,0.2461330695389085,0.006053373477690688
090962,7.322851042429227e-4,0.001079383739536983,0.009129149101569346,0.01345630962441886,4.97790395733172,5.000001388462993,13.57070448734598,1.703780684007833,0.2461330695389085,0.001754974023486146
091011,0.003797606722736127,0.005578282533035103,0.1037542642375991,0.15240403816946874,2.042988307074365,2.82079337652128,12.12494097628343,1.6133217138298412,0.2461330695389085,0.0051093056004855916
091012,0.0032387949166395617,0.004417589769463704,0.07313083977460713,0.09974760919897623,2.4597828216769217,2.82079337652128,12.12494097628343,1.545541534617431,0.2461330695389085,0.0064193734593365505
091020,0.005793393802691532,0.001561481809630369,0.12477645688444278,0.03363074811256007,2.817490578774506,2.82079337652128,12.12494097628343,2.8109811052346063,0.2461330695389085,0.0012459122240573715
091030,0.003471738503791857,0.0031100851948130644,0.0735125207479123,0.06585467256873141,2.805498177309005,2.82079337652128,12.12494097628343,2.4966377732587826,0.2461330695389085,0.0248000067402912
091091,0.008376754767414188,0.005002524416416095,0.17956214546576954,0.10723293708571283,2.7229712227890825,2.82079337652128,12.12494097628343,2.019998501659394,0.24233662634205205,0.00810297183790457
091099,0.00299537540375919,0.0016431461481626873,0.06472550247264068,0.035505886822179505,2.7851999049851255,2.82079337652128,12.12494097628343,2.4880000255605057,0.24280469927902457,0.0046405075351596
100111,NA,NA,2.0119955172739877e-6,5.217300568685762e-6,NA,NA,NA,2.8341698529649637,0.21511137961694554,0
100390,NA,NA,0.08028129821331838,0.040050287356321844,NA,NA,NA,6.107178274193073,0.21511137961694554,NA
100490,NA,NA,0.12179521660252618,0.09366805279731405,4.999808312188088,5.000039116626187,NA,4.792654371584871,0.21511137961694554,NA
100510,2.3709257240247767e-10,4.3289717194288846e-11,1.365904755034586e-5,2.493946982843723e-6,2.9514684333451147,2.951469547344059,43184.79650975979,2.3188537130205105,0.2539882266653081,0
100590,3.98169022989706e-7,8.669083443622594e-8,0.02709260556310858,0.005898702429641647,2.950585265576229,2.951469547344059,43184.79650975979,2.3847748889188884,0.21511137961694554,2.1254959322095748e-7
100620,7.792721398125119e-5,3.7169554848500406e-5,0.0023633874307945764,0.001127283451430853,2.7542093366935383,2.764712800689781,15.580047582078675,2.3882157409629095,0.21511137961694554,6.080068855194758e-4
100630,0.001518156177183264,0.0018189829146475589,0.0475685915592109,0.05699443615912493,2.7052641994052653,2.764712800689781,15.580047582078675,2.332848308101034,0.21132567984889128,0.001315301621238169
100640,3.241402494036329e-5,1.6119255691400313e-5,9.586609804830116e-4,4.7673503966894266e-4,2.762899023066754,2.764712800689781,15.580047582078675,1.9975892582266455,0.21511137961694554,2.467075349376116e-4
100790,NA,NA,0.013536541530675331,0.008089324204171,NA,NA,NA,1.6253528939454416,0.21511137961694554,NA
100810,NA,NA,0.01161320291950132,0.00831369688093785,NA,NA,4.723860865893873,2.1247933157760244,0.21511137961694554,NA
100821,NA,NA,0.17355336120337628,0.11940092891442967,NA,NA,4.723860865893873,1.9211004251219526,0.21511137961694554,NA
100829,NA,NA,0.03847881216298116,0.036778904029337776,NA,NA,4.723860865893873,2.091348076183079,0.21511137961694554,NA
100890,NA,NA,0.05040187601651779,0.044579248860381615,NA,NA,4.723860865893873,2.2407428725558702,0.21342157173821255,NA
110100,NA,NA,0.005407506274471603,0.0030994677976060978,NA,NA,2.7170153023102386,2.0985024006114394,0.21511137961694554,NA
110220,NA,NA,0.013062062894312117,0.0031029374774587336,6.0809334491206055,6.081425585081666,NA,3.570393688524996,0.21511137961694554,NA
110290,NA,NA,0.007365238859599743,0.011760134286545503,6.050613929683284,6.081425585081666,NA,4.6030711900930426,0.20856657711217214,NA
110313,NA,NA,0.001066719423655703,3.124060918513167e-4,NA,NA,NA,1.5938062758783202,0.21511137961694554,NA
110319,NA,NA,0.01207933795989693,0.010501828781232922,NA,NA,NA,1.2773664795253752,0.21056476910734967,NA
110320,NA,NA,0.03281906332194873,0.009788182349250309,NA,NA,NA,1.5643252018396618,0.21511137961694554,NA
110412,1.5275427739650917e-4,2.481160648172862e-4,0.001363009860068051,0.002213912752894035,3.0354318456353955,3.03567809212672,3.776829041995291,2.0494259653258338,0.21511137961694554,2.44614804449848e-4
110419,0.008578981724566429,0.011795595405397749,0.08355197530631836,0.11487905297815787,3.0303392313097106,3.03567809212672,3.776829041995291,2.5717365803953456,0.21511137961694554,0.028713555538843978
110422,3.8959721700265244e-4,2.618527093054374e-4,0.0036538409643208656,0.002455787962859336,3.0354954316718024,3.03567809212672,3.776829041995291,2.325091526497333,0.21433997304745045,0.02010715194128297
110429,0.002206674209471419,0.001394281652904386,0.02208474729151495,0.013954193068203323,2.9517558895873157,3.03567809212672,3.776829041995291,2.4899571880867457,0.21213397363161407,0.005877511563543061
110430,3.188529215473537e-5,6.986139041520464e-5,3.2360805954388303e-4,7.090325181776474e-4,3.035672828390379,3.03567809212672,3.776829041995291,2.6427208636514194,0.2083630410853069,8.083804320572679e-4
110510,NA,NA,0.011093736315971818,0.011265458635225005,NA,NA,13.206081312410358,2.310289949193913,0.21511137961694554,NA
110520,NA,NA,0.0023133621892561847,4.689230258889416e-4,NA,NA,13.206081312410358,2.20863869177513,0.21511137961694554,NA
110610,0.002203707652136684,0.001183680092487851,0.014605141290305365,0.007844876781430043,2.4686307153820395,2.471359102988619,1.686360600519741,1.6346912273337215,0.20298677416993322,0.0015158914490297605
110620,0.003989570708526397,0.0011646860222710156,0.026928193497138476,0.007861219379844193,2.4189623928699593,2.471359102988619,1.686360600519741,1.7239327577155192,0.2088726467530131,0.08491338522493343
110630,0.008350355427193963,0.0033110383482849045,0.06867750208167883,0.02723163643026725,2.4093729634828422,2.471359102988619,1.686360600519741,2.394185583408146,0.20592294257406857,0.025660521457567302
110710,NA,NA,4.5860214341698895e-5,1.5884670504368332e-5,NA,NA,8.860503805829412,3.4540833022871382,0.21511137961694554,NA
110720,NA,NA,3.0498632711079275e-4,9.9318860162875e-5,NA,NA,8.860503805829412,2.2276554853652875,0.21511137961694554,NA
110811,0.005888489944874564,0.005105410857203452,0.06932284294520179,0.060103965250497195,2.9101982804586473,2.929813523459519,4.879841266751891,2.490004386515114,0.21511137961694554,0.035759488169159616
110812,0.007679122917528837,0.004916368984291867,0.09314755267981754,0.059635422414245784,2.895901784423123,2.929813523459519,4.879841266751891,2.6764213574986786,0.21511137961694554,0.002086885081598774
110813,0.005987265629669315,0.005127685905472862,0.07701039981404603,0.06595417109013815,2.923482539338402,2.929813523459519,4.879841266751891,3.2089707337243114,0.21511137961694554,0.046622269698802205
110814,0.0033273545298861257,0.0021787062895984766,0.040842097737548114,0.026742847635246467,2.928345317541745,2.929813523459519,4.879841266751891,2.8522084333017528,0.21511137961694554,0.009841209037863858
110819,0.0017413753068856335,0.001111232505873788,0.0177523044800335,0.01132836655853515,2.89647726782262,2.929813523459519,4.879841266751891,1.4719448601880871,0.21511137961694554,0.012271646109322657
110820,0.046302572105660744,0.04432207277379186,0.6178839527586936,0.5914552102512878,2.7441368384317397,2.929813523459519,4.879841266751891,2.8526385079644196,0.21115979382273378,0.10453891668931545
110900,NA,NA,0.01633201941287935,0.013044773642080608,NA,NA,4.735361477327136,2.2601159800126425,0.20744722365717566,NA
120110,7.75545287996212e-5,5.868639932861304e-5,0.00478218401050599,0.0036187333589322713,4.221199752663397,4.22189581517119,53.38782176413291,2.603202096898074,0.21511137961694554,0.002414904234558895
120190,1.1203086624782882e-4,1.754657936263634e-4,0.006995737426032059,0.010956914469847343,4.2156663052142305,4.22189581517119,53.38782176413291,3.2394213674474606,0.21511137961694554,0.0023967698033462276
120242,NA,NA,9.542416105371937e-4,0.0011960603364986305,NA,NA,2.282434854701366,5.8000772350025,0.22237400378517314,NA
120400,NA,NA,0.1363209841028486,0.031556295299313336,NA,NA,NA,4.1940335088071405,0.21511137961694554,NA
120600,2.5782274667755538e-5,2.077341824716898e-5,0.0014618071699374572,0.0011778142979680223,2.4446344634534274,2.456700080845696,28.066066476360497,1.7497133356506893,0.21511137961694554,4.8091410696878505e-4
120710,0.004503601266348481,0.0019045629415138819,0.03560236178035762,0.015056159474841155,2.7798905841920685,2.794814726670676,2.642409383830166,2.766585203320049,0.2461330695389085,0
120740,0.0015760591355958636,0.0012873434155690083,0.013131761194336533,0.010726175132992337,2.766240866410388,2.794814726670676,2.642409383830166,2.315560064295208,0.21511137961694554,0.0030384068505764387
120750,0.006873997293558786,0.0015762705011075346,0.05930447849931768,0.013599059768271214,2.7944208544116353,2.794814726670676,2.642409383830166,2.543600424112369,0.21511137961694554,3.065227481444656e-4
120760,0.05560532625276864,0.03199472045544775,0.49509421484187305,0.2848720090404363,2.7651894632745155,2.794814726670676,2.642409383830166,2.653734036962491,0.21511137961694554,4.0669400960504216e-4
120770,0.007593441653978626,5.886367704431817e-4,0.06794001490734398,0.0052666488769248085,2.558912916439498,2.794814726670676,2.642409383830166,2.282586474615679,0.21511137961694554,0.024479033627638806
120799,0.004101525420804129,0.0032192444018423077,0.031728175469647804,0.024903113057216843,2.7104740828346885,2.794814726670676,2.642409383830166,1.8679207961390736,0.21511137961694554,0.01634238665430112
120810,NA,NA,0.006295859448932289,0.007834216658824986,NA,NA,NA,2.438293373077382,0.21220929776561756,NA
120890,NA,NA,7.906235660081481e-4,0.0012289566088064673,NA,NA,NA,2.554795859718614,0.2129653591861773,NA
120925,0.01213730805070913,0.0176380786690524,0.10915313892643497,0.1586226240048329,2.777743940518112,2.780323611322697,2.6329085691196106,2.7407423319096162,0.21511137961694554,5.0056553740203616e-5
120929,0.002110371337109262,9.931901016342092e-4,0.016322845761205806,0.007681912919997252,2.7774214530968586,2.780323611322697,2.6329085691196106,1.9881574010703549,0.21511137961694554,0.02371099019073458
120930,0.02704171327647857,0.005532447318639492,0.24167723815910236,0.04944459600466703,2.5785819526452847,2.780323611322697,2.6329085691196106,2.324399057589842,0.21511137961694554,0.057177794304018835
120991,0.012501470110045168,0.006353835460380833,0.10736490309072899,0.05456789661162185,2.6485130740274463,2.780323611322697,2.6329085691196106,2.259996123099375,0.21511137961694554,0.06023747807530407
120999,0.0047703738764279,0.0066882238079985406,0.038014496710902464,0.05329759648552419,2.726214478456473,2.780323611322697,2.6329085691196106,2.040354536378214,0.21511137961694554,0.011382811430193793
121010,NA,0,4.04645328369684e-5,0,NA,NA,NA,4.087207863614914,0.21511137961694554,NA
121120,0.00302196876460171,0.0028800636319967505,0.01323306938151968,0.01261167299670209,3.3365032478906476,3.716579859834198,1.5955844607232732,1.502678704155708,0.21205871888971664,0.0405389338779399
121150,0.018685086493271955,0.013478751871386585,0.07848234137935566,0.05661434888828021,3.3932164434916947,3.716579859834198,1.5955844607232732,1.4702717815650064,0.21511137961694554,0.005366140543994793
121190,0.007954513101790238,0.007218958020426333,0.03163847916029194,0.02871286400130235,3.5680730673319925,3.716579859834198,1.5955844607232732,1.4787473062380254,0.21662820230771726,0.016728095085204977
121221,0.0053533298324856815,0.004179353508329321,0.03411754911102926,0.026635627363645994,2.670885512131979,2.870553588989115,1.6221542064763803,2.039459129071994,0.21511137961694554,0.017206748157679867
121229,0.002294511060974896,0.0036146030616147217,0.014410633355909142,0.022701446218326298,2.8618157361519656,2.870553588989115,1.6221542064763803,2.2441673080919458,0.21511137961694554,0.07999471529697708
121291,0.006488499626863765,9.617037503738489e-4,0.06092070903093059,0.009029464085643861,1.307451346235523,2.870553588989115,1.6221542064763803,1.5985503163612804,0.26236426446749106,0.005492130897563185
121292,0.10762868295952457,0.1299173674535529,0.7853311381379786,0.9479643459407372,2.849797281647021,2.870553588989115,1.6221542064763803,2.850879234643309,0.21511137961694554,0
121293,3.29251076579209e-4,2.324845667648974e-5,0.001578106700302884,1.1143029700631368e-4,2.86997484522411,2.870553588989115,1.6221542064763803,1.7636139661499106,0.2461330695389085,0
121299,0.01595420048271531,0.016335174691312404,0.1544978244807863,0.15818711536535987,1.6087195138829662,2.870553588989115,1.6221542064763803,1.7289739651607738,0.21511137961694554,0.025622265360065965
121410,NA,NA,0.30120926308247775,0.08801933969119541,NA,NA,NA,3.8519713060462886,0.2129653591861773,NA
121490,NA,NA,0.023900124854362315,0.4539999521268918,NA,NA,NA,1.317807398147549,0.21511137961694554,NA
130190,NA,NA,0.1066281724642094,0.07542795020192192,2.71904603247693,2.843771994444154,NA,2.7831251381762114,0.25243812366774016,NA
130212,0.04317357836876827,0.04980354984323472,0.46305284761888765,0.5341617824553972,1.65738734775544,2.622348117603386,2.337435322324532,1.9049384991486051,0.2386560243318417,0.050841886208440254
130213,0.0027756319195044303,0.0054128755546420625,0.023336309456017598,0.04550911023266839,2.599089929943911,2.622348117603386,2.337435322324532,3.041069674577277,0.2461330695389085,0.0479436454693816
130214,0.11533022999624834,0.12103517570513292,0.9118974807048201,0.9570055639858371,2.4678488434830506,2.622348117603386,2.337435322324532,2.4260523554486824,0.24412015264687897,0.008484869778628562
130219,0.028306347014482987,0.04357437424599594,0.2326484500126052,0.3581356020052063,2.1186407700470395,2.622348117603386,2.337435322324532,1.93439081598514,0.24532392611164605,0.046674922888215245
130220,0.012295729708139974,0.012201919321082678,0.08941830665844323,0.08873608883512175,2.533566465076779,2.622348117603386,2.337435322324532,2.1975345203841075,0.2461330695389085,0.015256741306686495
130231,0.012053772252646958,0.017077326065973168,0.08899133880426091,0.12607954405925723,2.302418711757027,2.622348117603386,2.337435322324532,1.8464428766673746,0.2461330695389085,0.012051030875921237
130232,0.00897913684899097,0.00862674427596726,0.06964406165640505,0.06691083122505458,2.6040494265425447,2.622348117603386,2.337435322324532,2.6338500223996157,0.2461330695389085,0.02679617848496994
130239,0.002387256355383972,0.003068925610501186,0.017012749433271305,0.021870655961625088,2.554472209305222,2.622348117603386,2.337435322324532,2.0280940334971183,0.23980613151307267,0.007746101403562786
140110,NA,NA,0.1006295879099376,0.07093596769671405,NA,NA,4.5931144527924745,1.4570518147754628,0.21511137961694554,NA
140120,NA,NA,0.12518099823730638,0.09645552226519903,NA,NA,4.5931144527924745,2.2452315930961384,0.2499114229706112,NA
140190,NA,NA,0.008125103590836496,0.0012033520943039936,NA,NA,4.5931144527924745,1.5396492917137288,0.20938476179844479,NA
140490,0.00974687091360242,0.009201484608074394,0.09880822589748904,0.09327941016209186,2.7486784239659245,2.889799546843024,3.414101559065569,2.6750572849198107,0.21852719071988963,0.037784539512244295
150410,NA,NA,0.0413411519711054,0.04105896798538528,2.8749916586829993,2.886899482564068,NA,3.444959442562321,0.21319322046104172,NA
150420,NA,NA,0.0399913617249146,0.010586328935303231,2.790130170875984,2.886899482564068,NA,3.008467950078551,0.211309093667207,NA
150430,NA,NA,0.9348648078337887,0.693587495803335,2.3183754975832076,2.886899482564068,NA,2.2641587632623166,0.23638877806423045,0
150500,NA,NA,0.085662033331319,0.08736744811659036,1.9461264962128162,2.204220166578654,NA,1.8516441976042002,0.21326928577659127,NA
150600,NA,NA,0.45154752643447144,0.10550952684438387,NA,NA,NA,2.4178902666797897,0.2116083059990518,NA
150790,NA,NA,1.333761438714903e-4,1.0962897622833274e-4,NA,NA,0.752042276569569,2.6857027229850154,0.22275534067987673,NA
150810,NA,NA,0.3359313735335534,0.21385857875954997,NA,NA,1.4618590899602548,3.8720062971299396,0.2461330695389085,NA
150890,NA,NA,0.012409227143972582,0.013210888398165447,NA,NA,1.4618590899602548,1.8452943606793533,0.2461330695389085,NA
150910,NA,NA,0.10265955697114268,0.052881320187694425,3.1732066446869154,3.173330802313586,NA,5.061261792788028,0.24999863861738617,NA
151000,NA,NA,0.11841985497132801,0.010622817229336437,8.131481396484286,8.13197483960967,NA,5.637297465819117,0.2461330695389085,0
151190,4.371534252820535e-5,3.0376189285866375e-5,3.7621987002435915e-4,2.614213986220169e-4,3.7399740324511686,3.739996079751632,2.685450510049446,5.23676035969574,0.2461330695389085,0
151211,NA,NA,0.0076909304901830134,0.002127621353009995,3.4420685967488107,3.442565599334147,NA,2.8453390939973477,0.24684550911332886,NA
151219,NA,NA,0.02608135738465331,0.034467554236662395,3.4404402791107493,3.442565599334147,NA,2.662921269736714,0.23942153874277738,NA
151319,NA,NA,0.13171955192361687,0.04871864312353951,3.4130871963979206,3.415207653781976,NA,3.482722795539813,0.2461330695389085,NA
151329,NA,NA,0.061987202135594534,0.04114647441533322,3.4151694444848983,3.415207653781976,NA,3.631641057865858,0.2461330695389085,0
151411,NA,NA,0.008383339490325247,0.003467045730333184,NA,NA,NA,4.169029133629419,0.23379775733872618,0
151419,NA,NA,0.02140192260113154,0.009818211052642946,NA,NA,NA,4.445119652275313,0.23379775733872618,0
151491,NA,NA,0.09168796791173706,0.06670170827858082,NA,NA,NA,4.874250064373318,0.2425991804662691,NA
151499,NA,NA,0.10125027778846012,0.107610148154384,NA,NA,NA,3.1246427379967385,0.24400044111034946,NA
151511,0.006525020604337222,0.003999445295519227,0.1873142358586593,0.11481236379402804,2.1460840258628067,2.228611567776079,13.147523959354086,2.0161901332699053,0.2461330695389085,0.019370791351405858
151519,0.01875937743130681,0.01930777303551393,0.6175244983662905,0.63557668168817,1.8859418271410864,2.228611567776079,13.147523959354086,2.1328516785574805,0.2461330695389085,0.018239777358753435
151521,0.007534136118444722,0.007137790252892781,0.22326680511084054,0.21152148040081395,2.228075549323097,2.228611567776079,13.147523959354086,2.6607271486948494,0.23942153874277738,7.471497943573158e-5
151529,7.180059293502009e-5,3.6011869643777744e-5,0.002015369802904243,0.0010108166473203975,2.2278459927694425,2.228611567776079,13.147523959354086,1.824313359824502,0.23942153874277738,0
151530,0.002143217966834993,0.0012563363528254137,0.05889873238290347,0.034525941725494155,2.227373039390321,2.228611567776079,13.147523959354086,1.918634576935616,0.2461330695389085,0.007132174006495213
151550,0.004328315290940509,0.003240198635761251,0.12280961278176927,0.09193589492584996,2.171053283637799,2.228611567776079,13.147523959354086,2.014386353710307,0.2461330695389085,0.005168583953567998
151590,0.00432649154263901,0.005509504477074378,0.127119729309973,0.16187867486979532,2.199497150240925,2.228611567776079,13.147523959354086,2.452694363701561,0.24139605720700297,0.007930764738236918
151610,NA,NA,0.2196396471365384,0.14285485658244548,2.344447904322195,2.507399929272668,NA,2.744747309401485,0.2461330695389085,NA
151620,NA,NA,0.024502106054523663,0.004619053515277711,2.464535552073853,2.507399929272668,NA,2.80430317021287,0.24103224913676646,NA
151790,0.004049147024688409,0.0031927051767649192,0.01899143634448104,0.0149745259338643,2.9582306257456907,2.962406291119872,0.9125259991778644,2.365803931048834,0.23627967452940335,0.007214146819132928
151800,0.06611461106491982,0.06749487925755611,0.39192976355017906,0.40011204243925214,2.0626999892319837,3.059397786984662,0.21689769091910785,2.6966730865639605,0.23827512618311886,0.0013803918001882517
152000,NA,NA,0.1382836106130071,0.03202402057735466,NA,NA,1.5803561991930135,2.9391966154985627,0.2461330695389085,NA
152110,0.022765292034497002,0.051658684106639666,0.10083612518396813,0.22881593302307385,3.469860731088174,3.576357318924962,0.908731473935574,2.95380318655836,0.2513144282809061,0.07480452982256276
152190,0.03839045840129271,0.03192130435925278,0.17945701157236815,0.14921681387400723,2.8583088442763316,3.576357318924962,0.908731473935574,2.31609428660179,0.24135703819745769,0.06184728764577371
160100,NA,NA,5.12145980974103e-4,1.9281522197974116e-4,NA,NA,0.8550270710962468,3.6458023597222753,0.24146856686668822,0
160232,3.277640711371348e-5,2.7033709358849004e-5,4.419642183513365e-4,3.645284299913994e-4,3.587792078064742,3.590711279113158,6.954168349533286,2.9943845390515014,0.20563966217691187,3.3959993908620317e-7
160249,1.6786952249767717e-6,1.9904946391124216e-6,1.7722414312397792e-5,2.1014160376518126e-5,3.5906321436367277,3.590711279113158,6.954168349533286,2.1831870364565233,0.2410452468215092,0
160290,0.012972532226744772,0.004789386846885851,0.3026030057973156,0.11171934904165261,1.4706284840254442,3.590711279113158,6.954168349533286,1.3076600149619564,0.24083783568518402,0.008708275230310966
160300,0.002213471326002224,5.016192627893331e-4,0.027873102332773732,0.006316632557906263,2.5689495386902044,2.623186232504941,4.05824291897231,2.7614196081488336,0.21081227815596848,0.006468796148231947
160411,0.01010244089982709,0.020903899373567222,0.06860791441103797,0.14196301203832798,2.6254214075233864,2.661494536400787,1.306914662601008,2.467359079740819,0.2116832401499178,0.042556074913410846
160412,0.0012805973886318726,0.002569418530058992,0.006156594409106589,0.012352725296212074,2.6590199372714003,2.661494536400787,1.306914662601008,1.4298276485687953,0.21408408409123675,0.019094391174965652
160413,0.004129354538962449,0.005418173089896358,0.028995428816157746,0.03804523216870236,2.6098679632429804,2.661494536400787,1.306914662601008,2.4302599584166473,0.20392829623000547,0.026860342318425167
160414,5.820182220887296e-4,8.458693939740322e-4,0.0037816045935942706,0.005495950924617869,2.6581600804867427,2.661494536400787,1.306914662601008,2.0891529980861323,0.19663266608100316,0.09291171019816231
160415,0.005529476353066093,0.006351942565523063,0.03369003764660508,0.03870116634875992,2.3857865645936362,2.661494536400787,1.306914662601008,1.7538841777089134,0.21056476910734967,0.01868074162490678
160416,0.002246489687741321,0.006315866345348277,0.013438294713963477,0.03778093164012186,2.6534154654239055,2.661494536400787,1.306914662601008,2.0669643429312456,0.2125614557574689,0.01407333432030605
160417,0.011309226146864798,0.011053013240541323,0.11854851948683133,0.11586277774609462,1.0883034531965228,2.661494536400787,1.306914662601008,1.0536571953741796,0.20692071580732252,0.020308137319636294
160419,0.004176522615144465,0.0053796607527856356,0.022825502972836538,0.029400885334680067,2.407721550468663,2.661494536400787,1.306914662601008,1.4241561927038202,0.20754925980589084,0.02500742492216643
160420,0.012239786741709844,0.01538767584893719,0.08415664238585066,0.10580046539172755,2.5276722154364886,2.661494536400787,1.306914662601008,2.3547289768271575,0.21068847115022743,0.022669723440372394
160431,0.03233678690469747,0.0329992112688507,0.3054949075920657,0.31175302069743194,1.7802969084411324,2.661494536400787,1.306914662601008,1.9585906645038074,0.19415601444095748,0.05093645730408433
160432,0.004029897322649626,0.003974710185277642,0.022923185347004053,0.022609265443477387,2.5981055511982314,2.661494536400787,1.306914662601008,1.872163175055084,0.21511137961694554,0.02273051643574391
160510,0.027430573254598373,0.03070529799169401,0.14737082242323676,0.16496428914506694,3.1009737592441704,3.250358714723891,1.8530434968033076,1.6510655612423837,0.21033081254320266,0.07928729349906698
160521,0.019993789061618437,0.02450595305650653,0.13314428424082794,0.1631920577581494,3.222553384945575,3.250358714723891,1.8530434968033076,2.722060095341585,0.21319322046104172,0.13683801890415973
160529,0.008086829540157362,0.0036698832268012003,0.048112500277986504,0.02183392847504177,3.1314063335195366,3.250358714723891,1.8530434968033076,2.107033035280111,0.2125614557574689,0.029847669332413247
160530,9.015720938269439e-4,2.8710783061190173e-4,0.005746015344188707,0.0018298325906806333,3.250283450808838,3.250358714723891,1.8530434968033076,2.4986129668355193,0.2100714561309991,0.0012982622865720269
160540,0.040577339601354595,0.06296456068548813,0.2427005400575221,0.3766026317393772,2.878853708871628,3.250358714723891,1.8530434968033076,1.8509494847185393,0.21511137961694554,0.09709481403100763
160551,0.06009629293440116,0.059390557909516556,0.568436885052511,0.5617615012704238,1.758861091757733,3.250358714723891,1.8530434968033076,1.685785296955858,0.21271271100252312,0.11220948318486897
160552,0.01108662607375915,0.009185687274827483,0.0671827751334267,0.05566345960664899,2.6103618296124775,3.250358714723891,1.8530434968033076,1.549648465872433,0.21511137961694554,0.027628966482794358
160553,0.007242659231013896,0.004815068546120223,0.04330796130190628,0.028792021771291955,3.210639357077003,3.250358714723891,1.8530434968033076,2.2767144615751547,0.21511137961694554,0.014311081651958197
160554,0.0042556831885788475,0.003805457241983058,0.02241383353793379,0.02004258338272038,2.8911426478408924,3.250358714723891,1.8530434968033076,1.4224727523758882,0.21511137961694554,0.026262391804411978
160555,0.0066564012887398005,0.010328931728788097,0.03622592283198063,0.056212819436959355,2.82645490241225,3.250358714723891,1.8530434968033076,1.4558699539130642,0.21511137961694554,0.02973910527427258
160556,0.019638606024017756,0.029382875388481843,0.1384203431029032,0.20710164905031392,2.1381043629535395,3.250358714723891,1.8530434968033076,1.350293865282963,0.2125614557574689,0.04396912627744214
160557,0.006872560965317932,0.004326906181409616,0.04813340017088938,0.030304381115380787,2.209810173094738,3.250358714723891,1.8530434968033076,1.4762056312829268,0.21511137961694554,0.006319803837379109
160558,0.030457934741312157,0.025780381259792838,0.17699227591368327,0.1498108257124931,3.0840172396023746,3.250358714723891,1.8530434968033076,1.9339001838086756,0.211309093667207,0.02391098115551686
160559,0.02277063588611263,0.015228077550253124,0.15865801365844967,0.10610404329698572,2.7428049939760544,3.250358714723891,1.8530434968033076,2.2579346785432417,0.21511137961694554,0.010500285997418188
160561,0.00269913030048238,0.0023855741196181462,0.017003794568021136,0.015028475005273143,3.222806716049311,3.250358714723891,1.8530434968033076,2.514323062343771,0.21511137961694554,0
160563,0.035410805121480635,0.05270384640464658,0.2854772342366272,0.4248914491950813,1.9872931467636132,3.250358714723891,1.8530434968033076,1.5933193503069019,0.21511137961694554,0.08625459254213691
160569,0.0425425291804909,0.008883127651006874,0.3541660333465609,0.07395192868107602,2.2860841293719236,3.250358714723891,1.8530434968033076,2.240875037283423,0.21511137961694554,0.04190066419497362
170112,0.009943311841392088,0.004013560584366903,0.10880416010324344,0.043918172875526136,2.336505343575826,2.383464119082022,2.5811579045181245,2.6041628691665673,0.20281235516790996,9.68664110166589e-4
170114,1.6953017557618644e-4,3.080875368742036e-4,0.0015902707431623532,0.0028900022934490476,2.3834525412038876,2.383464119082022,2.5811579045181245,1.799232144011436,0.19592155431765984,3.158206600793963e-5
170191,0.05783487137996245,0.03410293033936068,0.5756754550462865,0.33945298870890334,2.066328522823833,2.383464119082022,2.5811579045181245,2.1543392865089332,0.23023867321749664,0.05474888511534451
170199,0.0019993556556278293,0.0010803718257026938,0.021299749330521367,0.011509532586886887,2.378940536630593,2.383464119082022,2.5811579045181245,2.2307263945388107,0.18986597888830847,0.007282658888929073
170211,8.266969519317435e-4,6.830172644785759e-5,0.0058523096217535,4.835179928257141e-4,2.583406915986583,2.586206304611577,1.3353812925017812,2.9403865558697184,0.23379775733872618,0
170219,0.008539270746712638,0.0031320506320617627,0.05450061560864039,0.019989843703048196,2.520025754014243,2.586206304611577,1.3353812925017812,2.4249485769315346,0.23379775733872618,0.001249200184863583
170220,0.002243784903994383,0.0013978237307256153,0.014740948906486178,0.009183254668581982,2.5861441074473364,2.586206304611577,1.3353812925017812,2.86867222162021,0.2474407909001873,0.012683452700906577
170230,0.012175396766625515,0.008256984012825012,0.06461113360171014,0.04381730693673998,2.296840851081431,2.586206304611577,1.3353812925017812,1.6506634029129983,0.2449859409245228,0.0029907055467549995
170240,2.0521806399282997e-5,6.189963979008218e-6,8.435149199653625e-5,2.544282344717968e-5,2.5860161469706684,2.586206304611577,1.3353812925017812,1.2426020508492488,0.24253347659469016,1.9984334694226304e-5
170250,0.014233504327975505,0.01242035396142756,0.11294920406162215,0.0985610473556792,2.224813596432823,2.586206304611577,1.3353812925017812,2.691422247229418,0.22808434340752698,0.002182312670067034
170260,9.261331260356855e-4,7.184554031904578e-4,0.0040708834689197546,0.0031580213921550367,2.579908564101399,2.586206304611577,1.3353812925017812,1.3769804815689246,0.23918175525901073,3.752325100583596e-4
170290,0.0036426729716821362,0.0014655985595162084,0.021932555939416492,0.008824377769073698,2.5221540045002264,2.586206304611577,1.3353812925017812,2.08266170703598,0.22507997495660112,0.00811061248984227
170410,0.0075378410676695,0.004857224248108835,0.060207868372062254,0.038796668112046226,2.214996026176127,2.28497817105458,1.5240940021455145,2.6914918163221815,0.23827512618311886,0.019080476976366376
170490,0.012185754507761527,0.009905927435595176,0.11483915073369902,0.09335394810463561,2.2205710895917967,2.28497817105458,1.5240940021455145,3.100654286497823,0.2209967421931555,0.02508777540249781
180400,0.0013716869308470034,0.001031485316028847,0.006561164970564783,0.0049338848180184944,6.321657426633586,6.322895656230564,1.952277994311523,5.4903597685039465,0.2461330695389085,0.1410454627052507
180500,3.3807726165181187e-4,2.018626017109549e-4,0.009789113948703495,0.0058449834824012515,1.6845336309052312,1.684834643397093,9.045535013606834,2.9598771760469047,0.2461330695389085,7.648321696429979e-4
180610,NA,NA,0.16428615916748363,0.09537271371060514,NA,NA,0.8687793512410562,2.7970892083108194,0.23853135526764607,NA
180620,NA,NA,0.009413409187403013,0.007592936898473175,NA,NA,0.8687793512410562,3.051830289316974,0.23473085884759143,NA
180631,NA,NA,0.05113954788698703,0.046649668248628436,NA,NA,0.8687793512410562,2.971046056050841,0.24492131758754682,NA
180632,NA,NA,0.03648626681577396,0.018476591266912562,NA,NA,0.8687793512410562,3.0659489963197366,0.23976034334405988,NA
180690,NA,NA,0.048913931348984044,0.07261155806338784,NA,NA,0.8687793512410562,3.1407725071462314,0.23624114771858384,NA
190120,NA,NA,0.02185673530298083,0.02284984502556657,3.5461598037034823,3.552562238970013,NA,2.5073870029740886,0.23492250213693094,NA
190190,NA,NA,0.18196383464478436,0.1756859943528643,3.4243734813396283,3.552562238970013,NA,2.774486974915497,0.22427591226682697,NA
190211,0.010396270748124036,0.013090024184919273,0.0448113401585128,0.05642230186621708,4.4240070387373605,4.465820920651995,2.118651041369098,2.7028799120965465,0.25284757847627787,0.004591526639334496
190219,0.029199021994198878,0.027433594303149053,0.1436918049344033,0.1350039286261309,4.2652020474326955,4.465820920651995,2.118651041369098,2.3552228161175384,0.21314759217939713,0.07727589802573415
190220,0.012002430325576217,0.016562235083314097,0.059463618952209744,0.08205425145376365,4.284313948658827,4.465820920651995,2.118651041369098,2.246208900999662,0.20563966217691187,0.024206650089555783
190230,0.01767243128988203,0.014742449797304092,0.09981005041043306,0.08326215184011744,4.038523799328723,4.465820920651995,2.118651041369098,2.5717232572609605,0.20563966217691187,0.04018193467445724
190300,NA,NA,0.14016927831146464,0.10647498989986803,NA,NA,NA,2.981817020489472,0.2461330695389085,NA
190410,0.005001201732459805,0.005668447665165403,0.05807185473442905,0.06581963435801967,1.9525199148132848,1.966093082552794,3.441743370978772,2.0883871907451796,0.24392066114271208,0.009107115247163481
190420,2.437798042670187e-4,2.3694635252196814e-4,0.002987594872231275,0.0029038488644168164,1.9655213794628137,1.966093082552794,3.441743370978772,2.02523181374586,0.2269579233896805,7.356380931672422e-5
190490,0.0029170184875933996,0.003073391062822917,0.036599405885583566,0.0385613897998236,1.9601098222063595,1.966093082552794,3.441743370978772,1.9852742884918786,0.2206713621688207,0.01690507195922168
190510,0.003593912060732158,0.0015580586912135705,0.023063813714738177,0.009998790956353526,2.9124455478188014,2.913072053655422,1.8532253266887255,2.747130849873133,0.2461330695389085,0.007698035400169775
190520,0.03760265483178636,0.032807955024894864,0.25692139039788897,0.2241614444196669,2.9001627712069746,2.913072053655422,1.8532253266887255,3.024014332599094,0.2461330695389085,0.04655316164104872
190531,0.01280418280045702,0.008495977637767844,0.09849974905651022,0.06535767868606072,2.9019341769175475,2.913072053655422,1.8532253266887255,3.7277288839426337,0.24999863861738617,0.018163144438891277
190532,0.0013184709768881693,6.105272739248943e-4,0.008653454966439614,0.004007043282182408,2.911825148114459,2.913072053655422,1.8532253266887255,3.00075310277357,0.2539882266653081,0.0026944954312778254
190540,0.031619809823836664,0.004408498187646771,0.23041570487588345,0.032125026146897696,2.8690608720882835,2.913072053655422,1.8532253266887255,3.2926890268999927,0.2461330695389085,0.04918168403486598
190590,0.009029028544726234,0.012444148076330245,0.07361501302608078,0.10145899065438219,2.895377377258196,2.913072053655422,1.8532253266887255,3.4465631470119504,0.22450602073841103,0.01702643077847761
200110,0.0072857436654365886,0.009565110117627089,0.03787775528537559,0.049727923044001074,3.9339074185708363,3.936975024389036,1.2133284965634084,2.901823950293843,0.20121087374051477,0.04128579191864817
200190,0.02516601469959875,0.024584017978877288,0.1073004911405196,0.1048190281547819,3.8433471412280493,3.936975024389036,1.2133284965634084,2.2583883958791167,0.21185924772515535,0.03637365269180808
200210,2.5938758089131837e-4,6.127781818962764e-5,0.007969722333418245,0.001882770156114917,2.368919752355785,2.369829592617237,11.726555985063362,2.6383322851795645,0.19735943415849522,0.0020769530126742344
200290,6.200716214958888e-6,6.3228836853596325e-6,1.8055698424605777e-4,1.8411434589007456e-4,2.3657736283777164,2.369829592617237,11.726555985063362,1.950448309897799,0.19853878523253915,1.6223153210033717e-4
200310,0.004895788290625918,0.002914463161125877,0.014864797829439006,0.008849015337210407,3.82630962384786,3.930031808859323,0.8985135526653152,1.4565080853381693,0.20271151249700387,0.008595505374502887
200390,0.0015758304309895844,0.001380856768972592,0.004229425340557469,0.003706128841988071,3.7275816406088156,3.930031808859323,0.8985135526653152,1.1692567992519074,0.20668228766093383,0.009967492442417982
200410,NA,NA,9.55333764849018e-4,7.959672628285638e-4,3.1285101594662628,3.128694843425489,NA,3.910591420080732,0.21261185918802367,NA
200490,NA,NA,0.03727957415498938,0.060268903927362207,3.0611541201390122,3.128694843425489,NA,2.908228697000653,0.20599388953776665,NA
200510,4.3032786134005363e-4,1.7395318452282583e-4,0.0026482960464515224,0.0010705314998775172,3.702660581095591,3.703785690634603,2.165991528494963,2.968565407378544,0.22533155015083678,0.0016995170460760913
200520,0.005228584534640772,0.0065577958053785945,0.030027760604792193,0.03766142083663335,3.67513147887562,3.703785690634603,2.165991528494963,2.174296723035559,0.20563966217691187,0.012894350866070098
200540,0.028614287426093968,0.02696469484161312,0.2095360628236961,0.19745646320731433,3.153352184367618,3.703785690634603,2.165991528494963,2.801209166250804,0.21511137961694554,0.05066955125063078
200551,0.005757378491707309,0.005910579456540488,0.02844740478973262,0.02920437601666591,3.61023057716006,3.703785690634603,2.165991528494963,1.671224035588679,0.21511137961694554,0.006356111720546252
200559,0.023195496594752004,0.009134550115531333,0.1451379439186852,0.05715634571455401,3.5937005919515768,3.703785690634603,2.165991528494963,2.671080654883228,0.21511137961694554,0.030722253917530595
200560,5.098765079416164e-4,5.575264182168659e-4,0.003045428758085406,0.0033300357262672975,3.6195431021227975,3.703785690634603,2.165991528494963,2.0342095580908692,0.1942821444821557,0.0020851061504466076
200570,0.0010768981340889298,1.9837165244798074e-4,0.006854947337958195,0.0012627259606360875,3.703722270254902,3.703785690634603,2.165991528494963,3.2114303104185318,0.22808997384493912,0.02797353428832683
200580,0.007844141289764177,0.005021960650258648,0.06244028634212905,0.03997539684939582,3.0559664339042167,3.703785690634603,2.165991528494963,2.8640490665307974,0.20677757221703036,0.0044233679073274485
200591,0.011073381296661055,0.01643527608762444,0.09013946378184672,0.13378632361298531,2.072420168255852,3.703785690634603,2.165991528494963,1.3223255782334822,0.20677757221703036,0.02754609096011616
200599,0.02672753304838162,0.02456255204471919,0.17295839224197734,0.15894843356191318,3.043142386864582,3.703785690634603,2.165991528494963,1.8582316891789965,0.2043511211673058,0.06523680115808882
200600,0.002866285265535749,0.003001933667048502,0.013234927166953413,0.013861276796532021,2.80444337375915,2.864828160012006,0.43490557057104906,2.2121323434329367,0.204414331979756,0.013471300394932308
200710,0.014766156854520006,0.01619194098236969,0.09979461889983945,0.10943054414931593,2.950379728879124,2.974641355711712,0.8075157494576669,3.1407921879483673,0.19801288658863014,0.003136477170616683
200791,0.0015625983605359552,0.0010404875902311152,0.011485909229790196,0.007648123995227202,2.9729295476611846,2.974641355711712,0.8075157494576669,3.874126712595585,0.2142375585659678,0.037276445630068177
200799,0.016560539376364706,0.010313240202732223,0.10386251966189829,0.06468141459588689,2.9390608784262384,2.974641355711712,0.8075157494576669,3.057667072852046,0.20968969223284178,0.07852148882494453
200811,0.002980517786770004,0.001634834865318846,0.016470992246095488,0.009034454519895528,2.3780824879573323,2.444467962546744,0.9710035718233896,1.665345853637848,0.20060789095630766,0.006006892718808093
200819,0.009965690438910949,0.008025342771819035,0.060794627539385526,0.0489577443408884,2.389481590193799,2.444467962546744,0.9710035718233896,2.045929579267859,0.2069684699093392,0.025578912623087046
200820,0.0446630659013226,0.02711507818471407,0.28839233780202916,0.17508383335464048,2.4355956039603583,2.444467962546744,0.9710035718233896,2.412010098901518,0.21511137961694554,0.16285534814796157
200830,0.08025055663620774,0.07501467786840513,0.6072152325101364,0.5675979952391402,1.539069084485456,2.444467962546744,0.9710035718233896,1.5635582025309018,0.21764573540100754,0.13380892566918862
200840,0.05075444430872079,0.054529673089159174,0.4085685530350279,0.43895879336192034,1.712185397361098,2.444467962546744,0.9710035718233896,1.6998342565391535,0.19377862530378281,0.10219821852980732
200850,0.016315722592137403,0.018187559515860704,0.13676883614909988,0.1524597720590987,2.0571331203563363,2.444467962546744,0.9710035718233896,2.2738480614846686,0.18817053033040299,0.024445671353767847
200860,0.0085410048346354,0.009445206409970555,0.053708682465807234,0.05939460306121826,2.429744450634893,2.444467962546744,0.9710035718233896,2.212584122751069,0.2083630410853069,0.006161386868762145
200870,0.039011063401550666,0.041114498459642705,0.28524344070102287,0.3006234637238631,2.0136503841725135,2.444467962546744,0.9710035718233896,1.860089046093452,0.1922835495227022,0.0928782975622298
200880,0.00708977794599682,0.0011990610950282973,0.04197251842875767,0.007098616387089894,2.411914807329489,2.444467962546744,0.9710035718233896,1.8582735965331434,0.19814409574740577,0.014313085559135876
200893,7.814228569951208e-7,0,5.085374970123422e-6,0,2.4444678378480984,2.444467962546744,0.9710035718233896,2.3436785487335117,0.2083630410853069,3.065208333730818e-5
200897,0.03368857863420381,0.039096866792515894,0.24540198895477874,0.28479826878306624,2.2256994390455365,2.444467962546744,0.9710035718233896,2.2271905408541715,0.19726176412700452,0.08033061866475315
200899,0.029821746786906366,0.034852191121446316,0.185489013864938,0.21677799789339755,2.3455814287465953,2.444467962546744,0.9710035718233896,2.1113660473454363,0.21127547513364422,0.09267527915415881
200912,0.008455015903405737,0.025373923788663856,0.0416220807280022,0.1249099370578986,3.2415820960604615,3.241775958702142,1.429548269644317,2.498134027135081,0.2461330695389085,0.0048166427992603796
200929,0.03252269900198081,0.02025207864896822,0.18878004559096628,0.11755446036109127,3.238589276182545,3.241775958702142,1.429548269644317,2.614243332239868,0.21511137961694554,0.05350526952881953
200931,0.0021309346291738256,0.002937615047936062,0.013331417320254026,0.018378119907637526,3.2416606071726712,3.241775958702142,1.429548269644317,3.0748365557610797,0.22210674458576946,0.10629239524226651
200939,1.4941931208898684e-4,2.2510609096071004e-5,9.731228971483953e-4,1.466048051880853e-4,3.241735562128143,3.241775958702142,1.429548269644317,3.353004409036773,0.22652764929845035,0.015964955443878062
200941,0.024319455932467766,0.0357409776417523,0.14856905022574896,0.21834382796720922,3.2398755160218258,3.241775958702142,1.429548269644317,3.0147053645799535,0.2245411901138007,0.0014218296350801242
200950,1.0595108713499497e-4,6.21282684213395e-5,4.385929714167879e-4,2.5718491987889103e-4,3.2412900490744714,3.241775958702142,1.429548269644317,1.4567255628686129,0.21511137961694554,0.005480138221072368
200971,8.294902427629134e-4,0.0015039141231164472,0.004427074963110145,0.008026544759513896,3.2410771740975584,3.241775958702142,1.429548269644317,2.291440437316174,0.21511137961694554,0.08702148100848173
200979,0.0360617387900254,0.045393665198274785,0.19014436545783053,0.23934923701789382,2.9575756445672168,3.241775958702142,1.429548269644317,1.9250154373853579,0.21511137961694554,0.1045970368750307
200981,1.1116534434545722e-4,4.638368160813473e-4,5.166037637256276e-4,0.0021555264939178667,3.241757455987638,3.241775958702142,1.429548269644317,2.278442416037672,0.2461330695389085,0.009228832247534492
200989,0.03502426321057492,0.11599483054541078,0.19726385993137485,0.6533067624550288,3.162055909369942,3.241775958702142,1.429548269644317,2.4458262440405574,0.2176033692099265,0.10296124807160674
200990,0.0018558113847698063,0.0026947827713609245,0.008727451499582919,0.012672939789019209,3.2356644729898574,3.241775958702142,1.429548269644317,2.0637898790058298,0.22957444164450003,0.016879511650015694
210111,0.009680920010579365,0.005662561395220389,0.06602331979640703,0.03861834427460066,2.9605754298486597,2.967515233373143,2.0562095513016407,2.965212778680892,0.24869662573882728,0.0033402815857112053
210112,0.0035958727306577834,8.767639002277041e-4,0.025905642862070973,0.006316445039894523,2.9389512620651144,2.967515233373143,2.0562095513016407,2.8327543427568163,0.23090555664969903,0.002414671311929757
210120,0.03501935053526622,0.02325559500531245,0.2579971549750064,0.1713303432791938,2.548167160041639,2.967515233373143,2.0562095513016407,2.330739960942888,0.2336834159765112,0.03572249106948337
210130,0.0033252901149497267,9.487573884103868e-4,0.016639785225348622,0.004747591526867476,2.9539631908663204,2.967515233373143,2.0562095513016407,1.5820461807247475,0.2461330695389085,3.8117236516039984e-4
210210,0.002526464209705,0.0014145687367994352,0.033440640442386864,0.018723433455593935,1.963610075605897,1.999176091689222,4.156533214333566,1.920016128061599,0.23379775733872618,0.0014122556134457717
210220,0.014566170015402558,0.008342599426691246,0.21090734315317902,0.12079465488966136,1.8406170251670226,1.999176091689222,4.156533214333566,2.234484835927952,0.23980613151307267,0.014103055447274663
210230,0.004037694353063397,0.005403624979737305,0.056881100968921,0.07612367633459534,1.8642036808625915,1.999176091689222,4.156533214333566,2.307415207270711,0.2461330695389085,4.256741843026318e-4
210310,0.01736894202946109,0.018816629918194983,0.18481809646172956,0.2002225419030619,2.1304740698931246,2.80502422075825,2.6074695333986133,2.165988276541757,0.21056476910734967,0.04768033835351867
210320,5.080257492180653e-5,1.9337365156691212e-5,3.776556374298867e-4,1.4374989802593677e-4,2.8047909105441495,2.80502422075825,2.6074695333986133,2.143304086574323,0.22785239502383386,0.0019801333080620895
210330,0.012489281670460544,0.01422505347328896,0.09216565616601811,0.1049749234548272,2.791397450141956,2.80502422075825,2.6074695333986133,2.4627096085136584,0.2461330695389085,0.03362050853051672
210390,0.013446293862177107,0.015689533673537297,0.09963621022633742,0.11625847921165802,2.6932198219912924,2.80502422075825,2.6074695333986133,2.046413092085046,0.23320025536394912,0.014990876054615188
210410,2.011330255970771e-6,1.4079201844469099e-6,0.2561296176644337,0.17928933225855398,3.0239567567130616,3.224209640045178,92341.48090509712,3.282757601865474,0.23980613151307267,5.719980002442421e-7
210420,3.3767772412026394e-8,3.9883823890235825e-08,0.004075039872344513,0.004813115020770314,3.2230021345002418,3.224209640045178,92341.48090509712,3.2251050681468736,0.23742254691895037,0
210500,NA,NA,0.044609962037356274,0.023831586655108043,NA,NA,16.49578808863847,2.5565688886928495,0.2132475622468336,0
210610,0.008909942245506858,0.006504479612400237,0.0750355554967585,0.05477782318734072,2.8287659332204895,3.066732716472901,2.619266632366782,2.27960554617373,0.20563966217691187,0.042061853798093914
210690,0.016549844711657557,0.011057135788337023,0.11755766520604093,0.07854158693268308,2.9591460825972304,3.066732716472901,2.619266632366782,2.304538063494748,0.23424880496861056,0.019404764069377727
220110,3.756333666200042e-5,8.494250673373056e-6,0.0028026195143522254,6.337603315489672e-4,3.2214996646982597,3.222057000884866,50.028742119181935,1.67493788766442,0.21511137961694554,2.1671576944727456e-5
220190,4.671434760828386e-6,4.487356864700924e-9,3.4437642511669274e-4,3.3080627139369907e-7,3.2203499348511246,3.222057000884866,50.028742119181935,1.039343431190374,0.21511137961694554,7.180638118658277e-7
220210,0.03307131199281692,0.032599552080968895,0.07028425002333756,0.06928165019897874,8.508398513631438,8.547997178671705,0.31362831312778844,3.5760868443824183,0.21511137961694554,0.12128542498364804
220291,0.00642877841897222,0.004707073446084402,0.007972279966484227,0.005837206524997624,8.54390338397718,8.547997178671705,0.31362831312778844,2.2942083153279342,0.2461330695389085,0
220299,0.024603266422051084,0.027099350573048603,0.05073645057892299,0.05588383418219989,8.467093610759303,8.547997178671705,0.31362831312778844,3.290448791123499,0.2064107919710783,0.08264216187523327
220300,0.0024336828966492114,0.0018286221443329944,0.011843667465675212,0.008899102108852775,4.982198840795758,4.985116448469038,1.58415215769897,3.6314764311169614,0.21511137961694554,0.01315088706840629
220410,NA,NA,0.21507789152710421,0.05840653052622953,3.726747230551541,3.727507442268233,NA,3.356222896170068,0.21511137961694554,NA
220421,NA,NA,0.017746264905823678,0.0358043093434967,3.727190239594372,3.727507442268233,NA,3.381485235242326,0.21511137961694554,NA
220422,NA,NA,0.0015209567042441623,0.0038487926504794257,3.7270777847254544,3.727507442268233,NA,2.246449996559932,0.2461330695389085,NA
220510,NA,NA,0.020198864129499967,0.02554523102468308,1.50591531392322,1.506006126361623,NA,2.927885988762107,0.2461330695389085,0
220600,NA,NA,0.021304629635260527,0.024313932932909243,NA,NA,1.4128329312592058,2.934200607734367,0.23717109127149122,NA
220710,3.2630295994314404e-5,1.7754184548582013e-5,6.645846915808454e-4,3.616013555177283e-4,3.6494160769774036,3.649529495701133,12.943702559720371,2.855574556466037,0.2125614557574689,3.1904085227198838e-6
220720,5.049588596987963e-6,3.358243702898549e-6,9.166479087238507e-5,6.096193795041426e-5,3.6495028831401917,3.649529495701133,12.943702559720371,3.1108913258116666,0.24233662634205205,0
220820,NA,NA,0.01881195125902035,0.0337001843903286,3.7421348833854053,3.754131246095446,NA,2.523315092803185,0.2461330695389085,NA
220830,NA,NA,0.01979444865840726,0.011510316371238595,3.752391977653912,3.754131246095446,NA,3.1065279821202867,0.25515174229012416,NA
220840,NA,NA,0.16068252514941925,0.09103900219435924,3.751055038627887,3.754131246095446,NA,2.925837494836856,0.2461330695389085,NA
220850,NA,NA,0.0086985733193031,0.003915151636834549,3.753943760927933,3.754131246095446,NA,3.042954055960737,0.2539882266653081,NA
220860,NA,NA,0.12676793880312662,0.049626527248793066,3.7520219011862466,3.754131246095446,NA,3.8338716431361473,0.2461330695389085,NA
220870,NA,NA,0.01406227956776942,0.025246385969700514,3.75338557907545,3.754131246095446,NA,3.479592769148039,0.2539882266653081,NA
220890,NA,NA,0.0641460783874042,0.03369645721364073,3.7271142406299886,3.754131246095446,NA,2.238827676084382,0.2479370968438524,NA
220900,0.010525674213986395,0.0091241371553595,0.15455653010403522,0.13397668883308358,1.846171331930382,1.875197110039848,4.0310082723859475,1.800391608009191,0.21511137961694554,0.01974179469716864
230120,3.9403964565225257e-7,5.6511589723735345e-8,0.038588453927005203,0.005534201698883585,4.21462740385257,4.227754311029188,88782.03425983488,3.0540578914185406,0.21511137961694554,0
230210,4.7415831485984606e-4,1.1896149992985999e-4,0.0032790572390015552,8.226821196266325e-4,2.3026201166190146,2.329444824304166,1.543245554917762,2.376139112516201,0.2461330695389085,2.56345350909948e-4
230240,2.469429397673182e-4,1.1312878573659667e-5,0.0022064512570239905,1.0108130717537791e-4,2.328257167706503,2.329444824304166,1.543245554917762,2.9317443315421072,0.21511137961694554,0.1980307920936482
230250,9.116439948297114e-4,4.5020227666382756e-4,0.006786561505569948,0.0033514458032462514,2.3216387326363725,2.329444824304166,1.543245554917762,2.1374349558314365,0.2129653591861773,0.09376766167074953
230310,2.4563239384603404e-4,1.897164795971167e-4,6.417077911446087e-4,4.956290217254772e-4,3.1967234745653914,3.22030148568529,0.3918482418245134,1.3867002424681114,0.2129653591861773,1.0511507798209027e-4
230320,0.007133090133740165,0.031381073064611735,0.03294532304843632,0.1449385287913253,3.2098670549508137,3.22030148568529,0.3918482418245134,2.797239656898738,0.21511137961694554,0.07410604193739195
230330,1.4777958336649832e-4,2.0347185485230688e-4,6.725623862156575e-4,9.260245096767325e-4,3.2201208130077528,3.22030148568529,0.3918482418245134,2.7606415504147233,0.21511137961694554,0.20331118570813075
230400,NA,NA,6.474100885618278e-6,3.348746056123167e-9,NA,NA,3.691092728761997,6.535278370202789,0.21511137961694554,NA
230641,NA,NA,0.23976838115939195,0.2002404970311782,NA,NA,NA,1.4820458414991886,0.21511137961694554,NA
230690,NA,NA,0.04712210277340339,0.020207341902144436,NA,NA,NA,1.5557734912012657,0.21511137961694554,NA
230800,NA,NA,0.04657498316827027,0.024537404700609725,NA,NA,NA,2.6367160397386433,0.22744179872090675,NA
230910,0.01080775784121822,0.007304980302131208,0.12887000799057693,0.08710343845014802,1.6899809678301434,1.758034038118963,2.0788918946195207,2.2558320966885037,0.21511137961694554,0.04827598316472188
230990,0.004016436116981512,0.001790390356569448,0.04714645614489436,0.02101628358318833,1.70270156085535,1.758034038118963,2.0788918946195207,2.254025387119182,0.2167872189233224,0.008359688668611037
240120,1.4918065438561775e-4,1.4762940881877463e-4,0.0010291007893633941,0.0010183997501173252,3.823170202027007,3.827936480786644,1.700145124992198,3.627011217778992,0.20198838960125992,6.775456063465607e-4
240210,2.3383224736870373e-4,1.0470333064945488e-4,0.0016779516671907406,7.513383213849669e-4,2.6514709804084884,2.651476689957948,1.4053462358795974,2.6151541561966534,0.211309093667207,0.00786558213303337
240220,0.004870618174401463,0.005750106583367235,0.03301603096114941,0.038977741672327114,2.5854932397512354,2.651476689957948,1.4053462358795974,2.307694291023653,0.21185831056433477,0.004726038797040875
240399,NA,NA,0.017539735577939822,0.018799433352011282,3.3769828707914904,3.511836023916654,NA,2.936047214248577,0.20164360335560483,0
250100,0.001415723453469318,7.902981008338864e-4,0.03487620462011956,0.019468914079250894,2.8771590046520616,2.895245348965755,11.60482746238779,3.641949224919586,0.21511137961694554,0.008382077461923517
250200,NA,NA,0.0016737840349168652,2.8227734387564405e-4,NA,NA,NA,NA,0.21511137961694554,NA
250300,NA,NA,0.018915107360902017,0.0076053096190011145,NA,NA,NA,2.2529006942964926,0.21511137961694554,NA
250410,NA,NA,0.17494006190603842,0.14581031602754405,NA,NA,1.5977079284592262,1.398705758650133,0.22314355131420976,NA
250490,NA,NA,0.08466601591081964,0.02060056300451276,NA,NA,1.5977079284592262,1.4251797249585954,0.1823215567939546,NA
250510,NA,NA,0.01108905410568349,0.012605147094511382,NA,NA,NA,1.8774113865052653,0.21511137961694554,NA
250590,NA,NA,0.00949267849545589,3.711282662791078e-4,NA,NA,NA,1.5474831955281652,0.21511137961694554,NA
250610,NA,NA,0.00996411564548558,0.004394869224001245,NA,NA,NA,1.1803865327937186,0.21511137961694554,NA
250620,NA,NA,0.12141542644378951,0.02217167187993847,NA,NA,NA,1.1407204945670781,0.21511137961694554,NA
250700,NA,NA,6.729379274067432e-4,3.7121353849386995e-4,NA,NA,36.276308145541464,2.1119756503475213,0.21511137961694554,NA
250810,NA,NA,0.00895056889372514,0.003944340009306202,NA,NA,5.499225683645889,1.751692365183071,0.21511137961694554,NA
250830,NA,NA,0.06680620429826664,0.05331580865168495,NA,NA,5.499225683645889,1.691030361332447,0.26236426446749106,NA
250840,NA,NA,0.005374198080222278,0.0016009395812647195,NA,NA,5.499225683645889,1.738497320324345,0.21511137961694554,NA
250850,NA,NA,0.004627873916838131,0.0010925409498004747,NA,NA,5.499225683645889,1.3428360014168803,0.21511137961694554,NA
250860,NA,NA,0.0403865387848717,0.013374715357801418,NA,NA,5.499225683645889,1.4755614868331903,0.21511137961694554,NA
250870,NA,NA,0.0017305010384568778,9.71634261140495e-4,NA,NA,5.499225683645889,1.9345116914537481,0.21511137961694554,0
250900,NA,NA,0.384915997692753,0.3879313893745476,NA,NA,NA,3.0120478031077824,0.21511137961694554,NA
251020,NA,NA,5.900743278602417e-4,1.0661337987789198e-4,NA,NA,1.3248889797609684,7.1466138003572555,0.14842000511827325,NA
251110,NA,NA,0.23613279605255058,0.39538612660814487,NA,NA,0.5251444501921111,2.1460509236580636,0.1823215567939546,NA
251200,NA,NA,0.008334819109186315,0.0036206673331401627,NA,NA,NA,2.380494385519365,0.21511137961694554,NA
251310,NA,NA,0.08719178527218582,0.008244040602330995,NA,NA,1.2494619565924785,1.6288497542115614,0.21511137961694554,NA
251320,NA,NA,0.07176697438919127,0.07129412286274452,NA,NA,1.2494619565924785,1.8564779990476619,0.21511137961694554,NA
251400,NA,NA,0.034301013620958824,0.06987262105104738,NA,NA,NA,2.1322394035245225,0.21511137961694554,NA
251511,NA,NA,0.008713238222041755,0.02696244658065012,NA,NA,15.7155842571811,4.149371142091976,0.21511137961694554,NA
251512,NA,NA,0.005467520208210854,0.002581792386215883,NA,NA,15.7155842571811,3.3291463348327315,0.21281370181263287,NA
251520,NA,NA,0.14650071961759598,0.1162027585162597,NA,NA,15.7155842571811,2.033781221324705,0.21056476910734967,NA
251611,NA,NA,0.009172943768209478,3.8611656066711434e-4,NA,NA,10.883304946033942,1.5460514774730374,0.21511137961694554,NA
251612,NA,NA,0.010554315252191419,0.004242508718078848,NA,NA,10.883304946033942,1.8244030621141014,0.21086186795592987,NA
251620,NA,NA,0.4213119977140407,0.3452421043525178,NA,NA,10.883304946033942,2.1551524192336546,0.21281370181263287,NA
251690,NA,NA,0.039367530961314255,0.0038462317000749727,NA,NA,10.883304946033942,1.6193443274524093,0.21056476910734967,NA
251710,7.20161377411908e-8,7.779482824466824e-9,0.012647558784614144,0.0013662419205253164,2.205109326154246,2.216195972156433,83303.28638218343,1.583822961639028,0.21511137961694554,3.202342359780976e-8
251720,6.029827557269885e-7,4.0195932778759e-7,0.12293739228973086,0.08195231305605262,1.8994402022235954,2.216195972156433,83303.28638218343,1.1472164951645587,0.21511137961694554,4.522041950783769e-10
251741,6.60789735559334e-8,2.739794200797115e-9,0.011555158173814634,4.7910482942221786e-4,2.214609275995489,2.216195972156433,83303.28638218343,2.1045563858040524,0.21511137961694554,4.166876615583732e-8
251749,1.792443586846035e-8,1.2923494647109008e-8,0.003170985663550322,0.002286276485892666,2.1890577039704353,2.216195972156433,83303.28638218343,1.3892811642335714,0.21511137961694554,5.439847335989833e-8
251810,NA,NA,9.13419429380742e-4,7.337579007792756e-5,NA,NA,NA,2.0156248534628505,0.21511137961694554,NA
251820,NA,NA,0.02936995375880057,0.022832306980980616,NA,NA,NA,1.9594714187796431,0.21056476910734967,0
251910,NA,NA,0.007724883698630504,1.5973645603349436e-4,NA,NA,1.827135298979045,1.043740608257601,0.1823215567939546,NA
251990,NA,NA,0.11313905684864947,0.10503103411050398,NA,NA,1.827135298979045,1.7610524138863943,0.20972053638747443,NA
252010,0.0032028671501203062,0.0023245779530104297,0.015591082695871578,0.011315701026508118,2.2697134104565357,2.270965010614054,0.4780613214461674,1.8986244116188367,0.21511137961694554,1.3709307181827233e-4
252020,0.003932459256337883,9.856051207249846e-4,0.016116126271700587,0.004039237419698205,2.240571009499461,2.270965010614054,0.4780613214461674,1.497172566078652,0.21511137961694554,0.0096848785180674
252100,NA,NA,0.00796544979745804,5.721567767143393e-4,1.5122852496477972,1.513296588026718,NA,1.753728819690244,0.21511137961694554,NA
252210,NA,NA,0.008108600107032541,6.996019504229376e-4,2.4096136857985617,2.4124210405976,NA,3.896111118327822,0.21511137961694554,NA
252220,NA,NA,0.012259041510616037,0.0014742205197649265,2.4014537569535888,2.4124210405976,NA,2.10019257097196,0.21511137961694554,NA
252310,3.2863843058820476e-4,6.516013783716674e-5,0.0015240884714838605,3.0218564122332895e-4,2.553837434849318,2.55440177835999,0.7826263987861137,1.7650746412202423,0.21511137961694554,0.001746372576587807
252321,1.4186377555558825e-4,1.1497922736841297e-4,7.747603007746914e-4,6.279357815617096e-4,2.5543524828506126,2.55440177835999,0.7826263987861137,2.2181943735116136,0.21511137961694554,0.10737964010673538
252329,1.106039268679836e-5,4.0094227066887954e-6,4.815178309445809e-5,1.7455153535091983e-5,2.554393375253024,2.55440177835999,0.7826263987861137,1.6095488494604306,0.21511137961694554,0.09370621942540847
252330,0.005612517854279603,0.004574931792863066,0.02952601194515986,0.024067538718182787,2.534873519510316,2.55440177835999,0.7826263987861137,2.0859520793994006,0.21511137961694554,0.027283295366625816
252390,0.004653644591010613,0.0011452793080915635,0.02638827015204871,0.00649425180424198,2.549960343241896,2.55440177835999,0.7826263987861137,2.3277612691595655,0.21511137961694554,0.014462104030833344
252510,NA,NA,0.06410668396037572,0.0024529046561670965,NA,NA,0.5048780566135922,4.285246457632578,0.21511137961694554,NA
252520,NA,NA,0.06407099268614343,0.05962149913354475,NA,NA,0.5048780566135922,2.4020767337734914,0.21511137961694554,NA
252610,NA,NA,0.2725728312592087,0.22472295941256945,NA,NA,0.3455859330424401,1.630989973614692,0.26236426446749106,NA
252620,NA,NA,0.030648132046859924,0.03158063833946934,NA,NA,0.3455859330424401,1.6090036847838955,0.26236426446749106,NA
252910,NA,NA,1.8966437120099928e-4,1.736359485880417e-6,NA,NA,6.099550441835678,1.3848670148375704,0.21511137961694554,0
252921,NA,NA,0.051232133642558374,0.04383043938273605,NA,NA,6.099550441835678,1.5957626557585118,0.1823215567939546,NA
252922,NA,NA,0.16124203841905146,0.18065562444883895,NA,NA,6.099550441835678,1.7455411280276563,0.1823215567939546,NA
252930,NA,NA,0.0010135685999670611,1.0435736663116793e-4,NA,NA,6.099550441835678,1.699852485536106,0.21511137961694554,0
253010,0.0030600778641029576,0.00156071817007301,0.014246851112825663,0.007266259352073722,2.1586318682781878,2.170098842056206,0.26224134673322536,1.8996226970431915,0.21511137961694554,0.060745545550557056
253020,0.0016892568109049676,8.385840585968084e-4,0.011507387182536122,0.005712518892971868,1.8760569023911364,2.170098842056206,0.26224134673322536,1.634549722495256,0.14842000511827325,0.020971274804481996
253090,0.01420572159301217,3.1270511553696236e-4,0.10814614478205262,0.0023805797176529144,1.9603674975571517,2.170098842056206,0.26224134673322536,2.2188262458075934,0.16624682484870068,0.0069545615055885785
260111,NA,NA,4.0754777358437945e-5,6.549940368848546e-5,1.8754458547232675,1.87567712107174,NA,4.575656162177352,0.21511137961694554,0
260112,NA,NA,7.086470436906026e-5,5.987909292302093e-5,1.8756555843268827,1.87567712107174,NA,4.106498150104159,0.21511137961694554,0
260200,NA,NA,9.044502482108271e-4,4.17474005628491e-4,3.0772076347759025,3.077901908194719,NA,2.454156954261388,0.14842000511827325,0
260300,NA,NA,5.8752812663182755e-07,1.0904301937939802e-7,NA,NA,NA,2.082742473350541,0.13452988687842815,0
260400,NA,NA,0.00471906093616549,8.079012744642603e-5,NA,NA,NA,NA,0.21511137961694554,NA
260500,NA,NA,0.8382113517351084,0.5433872767857143,NA,NA,NA,NA,0.14842000511827325,NA
260600,NA,NA,0.13570953705456307,0.19762742611022427,NA,NA,18.375888112216856,1.72034761590497,0.14842000511827325,NA
260800,NA,NA,0.009734944079164429,0.0031682605247010578,NA,NA,NA,3.823385600048424,0.14842000511827325,0
261000,NA,NA,0.0018776790746416136,3.68517248268653e-4,2.6719167045955077,2.673789035299294,NA,3.4116600435552153,0.14842000511827325,NA
261100,NA,NA,0.5303693605521784,0.3975231200727714,2.4670113597440326,2.59818578623943,NA,2.4670113597440326,0.16362942378180204,NA
261390,4.808734000574373e-10,1.3441296580564885e-10,2.6907762848215456e-5,7.52121495427215e-6,4.590626075207319,4.590639587026031,67392.08557775902,2.2564303099969414,0.26236426446749106,4.9033013050494135e-6
261400,NA,NA,9.161287518140116e-5,6.925838467976828e-6,NA,NA,NA,3.1615237978238673,0.14842000511827325,NA
261510,NA,NA,0.008950354057101793,0.008469385401267283,NA,NA,NA,3.384924619035346,0.21511137961694554,NA
261590,NA,NA,0.09956785380719939,0.07520496999408334,NA,NA,NA,5.1741173597493955,0.14842000511827325,NA
261710,NA,NA,5.936471806449743e-4,1.585328353435502e-4,NA,NA,NA,NA,0.1823215567939546,NA
261790,NA,NA,0.0031986996693492307,4.378485504908514e-5,NA,NA,NA,NA,0.21511137961694554,NA
261800,NA,NA,0.1328024779767837,0.040178095093176804,NA,NA,NA,1.2721476577101167,0.21511137961694554,NA
262030,NA,NA,0.001467089611419508,0.004264346861973753,NA,NA,NA,1.8554289442599883,0.14842000511827325,NA
262040,NA,NA,0.051236361854710394,0.0017738717929828062,NA,NA,NA,2.4999489868102462,0.26236426446749106,NA
262099,NA,NA,0.02763811796922846,0.009531273379026553,NA,NA,NA,2.0869048490593194,0.20728494441922843,NA
262190,NA,NA,0.0792497246506471,0.01774286885318872,NA,NA,NA,1.665090354238961,0.21511137961694554,NA
270111,NA,NA,0.022323421987178356,0.05386163305131829,NA,NA,6.639827929873846,1.9308971980910308,0.14842000511827325,NA
270112,NA,NA,7.769872174569508e-9,4.116835763943827e-8,NA,NA,6.639827929873846,2.792609587602967,0.14842000511827325,0
270120,NA,NA,0.003586411854401616,0.004165096745585639,NA,NA,6.639827929873846,2.3669656553514553,0.14842000511827325,NA
270210,NA,NA,0.0016358245905515683,4.519527658740952e-5,NA,NA,NA,2.7436207699392474,0.14842000511827325,NA
270300,NA,NA,0.004592044327587691,0.00696301247771836,2.211152571896478,2.211206802430203,NA,3.7041117424156957,0.14842000511827325,NA
270400,NA,NA,8.927424396277785e-5,1.4999437687813739e-5,NA,NA,0.73857081373419875,1.7837024144871791,0.1823215567939546,NA
270750,NA,NA,0.028229266085546934,0.02545049060356701,NA,NA,1.1210106301525764,2.7956534784706832,0.14842000511827325,NA
270799,NA,NA,0.05639410288084583,0.02030584028057953,NA,NA,1.1210106301525764,2.7659494155909767,0.14908968685558807,NA
270810,NA,NA,0.0013775168219822293,8.777777252357451e-4,NA,NA,NA,3.2859645130072535,0.14842000511827325,NA
270820,NA,NA,0.00640148820006289,0.010837895244689977,NA,NA,NA,NA,0.14842000511827325,NA
271000,NA,NA,0.006424273916918704,0.005765127040100215,2.3965062921055753,2.401925711205219,1.430053874943988,2.353508800162851,NA,NA
271111,2.0453997269007733e-5,1.7131923574858473e-5,1.7762991771957297e-4,1.4877982699211303e-4,3.067470090328067,3.06773227985694,1.3534587787182968,2.6003048324550457,0.14842000511827325,0
271112,6.714150922880708e-4,5.955973443314235e-4,0.005658251906429649,0.0050193089904237605,3.0672400404132234,3.06773227985694,1.3534587787182968,2.483007509846571,0.14842000511827325,0.0012162023375887005
271113,3.7302343816332647e-4,2.2440723062648057e-4,0.0026460079451259477,0.001591812348588652,3.0653754892442837,3.06773227985694,1.3534587787182968,1.8737803456139372,0.14842000511827325,0.002851241961592754
271114,0.00955038324847186,0.07095502547413365,0.08300788296366453,0.6167110048890596,3.065734132250186,3.06773227985694,1.3534587787182968,2.6013498157532755,0.14842000511827325,0.004515769038089511
271119,2.2214042573027495e-5,4.146384285276839e-6,1.6585370311070872e-4,3.095758847010659e-5,3.0661942454045756,3.06773227985694,1.3534587787182968,2.044277593875332,0.14842000511827325,0
271129,0.003539052654142973,0.014892198037487262,0.02896164681075079,0.12186950066780164,3.067114301549908,3.06773227985694,1.3534587787182968,2.3718187450519364,0.14842000511827325,0.02308918301677479
271210,0.0010523720294947257,9.82329878082073e-4,0.010020151379080449,0.009353245626740924,2.6311827085585042,2.634710855032394,0.5039257728883556,3.21440854296687,0.14842000511827325,0.007463248097448696
271220,0.012698784482135813,0.012783350294064409,0.08688964936801631,0.08746827905949064,1.9570761124883578,2.634710855032394,0.5039257728883556,1.7809236724722766,0.1706255170307633,0.047950626126150996
271290,0.002210027444339527,0.0021270619474253287,0.016030731901935765,0.015428930489220793,2.5895306505235176,2.634710855032394,0.5039257728883556,2.283922810921963,0.14842000511827325,0.022936348315771935
271311,7.600914426756384e-6,5.96910541570343e-7,6.917724163508368e-5,5.43258645609585e-6,2.9488275447053223,2.948900554648871,1.6674050636453828,2.3158600687313133,0.14842000511827325,0.01769861174952254
271312,5.3514806371024e-5,4.330139654079114e-5,4.4790242632233135e-4,3.6241933567505573e-4,2.9444490995217807,2.948900554648871,1.6674050636453828,1.9902769777756135,0.14842000511827325,9.550935817446315e-4
271410,NA,NA,0.27803436630909806,0.5017336019230626,2.564500205359459,3.584790769897581,NA,2.923833281260445,0.14842000511827325,0
271490,NA,NA,1.0156746816565202e-5,4.36953545895503e-6,3.584717971023124,3.584790769897581,NA,6.36487441619886,0.14842000511827325,NA
271500,NA,NA,0.015837515882081894,0.01121943840669539,NA,NA,NA,2.437443403923176,0.14842000511827325,NA
280110,NA,NA,4.6999445235786975e-4,8.130987499772412e-4,NA,NA,NA,1.9390875545088322,0.21511137961694554,NA
280130,NA,NA,0.14322710936462607,0.11384157695507639,NA,NA,NA,2.2640551282065786,0.20821788856620566,0
280200,NA,NA,0.11284479903578055,0.057595107409800866,NA,NA,NA,1.747736312566829,0.21511137961694554,NA
280300,3.555670016407871e-4,2.275845048574943e-4,0.016988503522451053,0.010873675410219266,2.212214648948093,2.269861958584753,20.623732416811627,2.112804922456283,0.21511137961694554,2.758680401047116e-4
280410,NA,NA,0.0037638893462265985,1.0778184953653805e-5,NA,NA,5.2906475972914775,1.5559489654617,0.20953151146147192,0
280421,NA,NA,3.211013408557498e-4,2.6614952695845943e-4,NA,NA,5.2906475972914775,1.4627138978807743,0.20953151146147192,NA
280429,NA,NA,0.06605114036245244,0.03294617427580849,NA,NA,5.2906475972914775,1.9616901338692745,0.14444673781897016,NA
280430,NA,NA,0.019513502717362737,0.029263244740361006,NA,NA,5.2906475972914775,1.8325050252144632,0.20953151146147192,NA
280440,NA,NA,0.008707447469849559,0.011607132411713293,NA,NA,5.2906475972914775,1.495822806131767,0.20953151146147192,NA
280450,NA,NA,0.008092433697616648,0.003907986897229737,NA,NA,5.2906475972914775,1.3925044483647415,0.14842000511827325,NA
280461,NA,NA,0.06530805377724128,0.0089102647013331,NA,NA,5.2906475972914775,1.891141870358402,0.14842000511827325,NA
280469,NA,NA,2.1348355687207616e-4,1.934429613922441e-4,NA,NA,5.2906475972914775,1.3246971147762034,0.25047074293702776,NA
280470,NA,NA,0.00554676926167794,0.006259551128361368,NA,NA,5.2906475972914775,1.8620871080834642,0.26236426446749106,NA
280480,NA,NA,0.14500167666263455,0.25112678435087027,NA,NA,5.2906475972914775,1.2329695983485816,0.14842000511827325,NA
280490,NA,NA,0.025780429545297343,0.018851645874041784,NA,NA,5.2906475972914775,1.5099700616120348,0.14842000511827325,NA
280511,NA,NA,0.3696611203231959,0.45427841543893255,NA,NA,1.580487431420891,1.6017133266841463,0.20720757692100178,NA
280512,NA,NA,0.13490085908294128,0.1218256208322044,NA,NA,1.580487431420891,1.3908098909318547,0.21056476910734967,NA
280519,NA,NA,0.07699340811606391,0.11210814601618858,NA,NA,1.580487431420891,1.1308280111394173,0.14447287109927615,NA
280530,NA,NA,0.07646340878588294,0.03962251310511217,NA,NA,1.580487431420891,1.1848193093279726,0.17435338714477772,NA
280540,NA,NA,0.012527040724932431,0.0708263946711074,NA,NA,1.580487431420891,1.7259835416105251,0.2125110605238429,0
280610,NA,NA,0.12582549970364998,0.09665888489583598,NA,NA,NA,1.624853791700546,0.21511137961694554,NA
280700,NA,NA,5.968068660060889e-4,3.814615016753197e-5,2.1843597701285113,2.184652585551284,NA,1.9433029795137895,0.21511137961694554,NA
280910,NA,NA,0.15256072413238575,0.15065794096687352,NA,NA,1.5682346235941602,1.5814286569927167,0.21511137961694554,NA
280920,NA,NA,0.032653237476471975,0.03542909305623721,NA,NA,1.5682346235941602,2.023861448207529,0.21511137961694554,NA
281000,NA,NA,0.03855995536550411,0.10721037114352694,NA,NA,NA,3.3133666277267055,0.21281370181263287,NA
281111,2.9809814264952626e-4,4.1051079752508183e-4,0.0042529997360155275,0.005856803729093854,2.9038895536895413,2.921599718333379,4.880664705454552,1.2683937594204333,0.14842000511827325,0.002373287589479415
281119,0.011652630235896657,0.010032352103702265,0.19021704203401074,0.1637676904851247,2.1530603106333475,2.921599718333379,4.880664705454552,2.1955153761237747,0.20133404688255754,0.029604809532682585
281121,0.0022320816159159475,0.0013054311789047668,0.025920881121494006,0.015159806953025164,2.839308764576011,2.921599718333379,4.880664705454552,2.02811999086646,0.20953151146147192,0.008694649743130872
281122,0.002935922428350683,0.002895933811422745,0.036371550575080985,0.035876153289043325,2.6362510142322746,2.921599718333379,4.880664705454552,2.052357040250196,0.21228463584036011,0.01913789367964768
281129,0.007289448057213662,0.005817400655469674,0.10949393196078397,0.08738248308502161,2.5742888116283744,2.921599718333379,4.880664705454552,2.068988122422024,0.17972580378741812,0.017864739831154917
281213,NA,NA,0.029233863630298014,0.02500364557638922,NA,NA,NA,1.7309757265671806,0.20953151146147192,0
281219,NA,NA,0.008703906678750309,0.024017066035130756,NA,NA,NA,3.669751218700333,0.14444673781897016,NA
281290,NA,NA,0.09827938084027622,0.18386696200606248,NA,NA,NA,3.30362314347577,0.20953151146147192,NA
281390,NA,NA,0.0034845050113083958,5.399351442948536e-4,NA,NA,NA,1.4208356078300062,0.19165207449459654,NA
281410,NA,NA,5.499136714374099e-5,8.020953176086656e-5,2.495095798420958,2.495104821716628,NA,4.498923468344279,0.21511137961694554,NA
281420,NA,NA,0.011337850027144264,0.004544251344287155,2.4906581260348855,2.495104821716628,NA,1.268780908619583,0.21511137961694554,0
281511,7.156767437287795e-5,5.6138200155253886e-5,0.004072101479740303,0.0031941857818534834,2.3604623628140478,2.427089572987538,27.12191087370572,1.7690611190270513,0.21511137961694554,4.166046202462565e-4
281512,1.1400478216446387e-6,6.118295420037872e-8,6.359244426342612e-5,3.4128161389287056e-6,2.426805926069376,2.427089572987538,27.12191087370572,1.9973858134077298,0.21511137961694554,0.0032851934022790305
281520,1.4866465652177196e-4,1.570002017124558e-4,0.01218742302690808,0.01287076510548676,2.3968260556289795,2.427089572987538,27.12191087370572,2.0411506096923837,0.14842000511827325,0.0017618629830878526
281530,0.002896829175087389,9.334718980434217e-4,0.22432838010657086,0.0722873963587341,1.7655661189331817,2.427089572987538,27.12191087370572,1.5261127714474005,0.20953151146147192,0.0013794966833457526
281610,0.001210377061970164,2.450745744990114e-4,0.012310360342530276,0.002492575592901876,4.139255298723938,4.186253661148331,4.317785329692698,1.7897974290987686,0.14507649886667542,8.426785554295918e-4
281640,0.0060151595908649455,0.005000762922912331,0.12561047372212744,0.10442752020628343,1.6774194278691232,4.186253661148331,4.317785329692698,1.2718165820330578,0.1595734045187555,0.016699032126046228
281700,0.001743841852128385,0.0015401288206732184,0.015669697026093898,0.013839186146180352,3.130839925186078,3.135402318497849,1.5312931111918435,2.6441907420595823,0.14842000511827325,0.0036316445405632455
281810,0.01576941830505031,0.019838509917224117,0.10054703686667978,0.12649188127556374,1.780832863724885,2.47939863906647,0.3002675964924988,1.622885253951484,0.1693702148773411,0.027219843561300885
281820,0.009251794266844436,0.0037950891994998895,0.055739841455419166,0.022864502191470355,2.3578954707706763,2.47939863906647,0.3002675964924988,2.2897477122884804,0.1823215567939546,0.01887882673735166
281830,0.008701361322077139,0.006389218570542528,0.054175660000924615,0.03977999765060635,2.3874041542509783,2.47939863906647,0.3002675964924988,1.9058842209058133,0.14842000511827325,0.06613276311271907
281910,0.0027079970927118787,0.0013873996111916094,0.01818099246748934,0.0093147448157752,3.3144502414870316,3.348067561947874,2.6230315343528794,2.039590829852604,0.20953151146147192,0.08718046657263077
281990,0.012485917961869148,0.009569634953132544,0.11714577559225928,0.08978453263453007,2.383485074131854,3.348067561947874,2.6230315343528794,2.0625978806954124,0.20953151146147192,0.02958935729139764
282010,NA,NA,8.202562897092281e-4,9.5635138516997e-4,NA,NA,NA,2.230450515234277,0.1434091990731109,NA
282090,NA,NA,0.041072428946680437,0.0425067815842661,NA,NA,NA,2.31069514304983,0.20807296245020895,NA
282110,NA,NA,0.2118742378679724,0.19884252278601164,NA,NA,2.7409122080133277,2.151060611070271,0.14444673781897016,NA
282120,NA,NA,3.8067879770582806e-4,2.1796835186718225e-4,NA,NA,2.7409122080133277,1.0752746168801162,0.1425898574261823,NA
282200,NA,NA,0.010705371214788774,0.012732111953213582,NA,NA,16.13665536410386,1.3354525397059593,0.14830972863367917,NA
282300,0.004622292374610729,0.003920890725904525,0.07627972687931195,0.06470479352159372,2.2452369444347657,2.983075424631304,3.085390522779194,2.1978761394360213,0.1425898574261823,0.016319024400493872
282510,0.002305392125078263,0.0012149321924748567,0.014939288012055449,0.007872943496709353,2.7101956713930506,2.738567653077701,1.70413314422968,1.975758982213365,0.20953151146147192,0.01296171298117931
282520,2.3713533747956055e-5,2.6011471571846102e-5,1.7851025152747582e-4,1.958086206063766e-4,2.6934374520062847,2.738567653077701,1.70413314422968,1.2246115727099898,0.14444673781897016,0.008137210440521387
282530,1.677773203426983e-4,3.537834816712769e-5,9.646777833248077e-4,2.034166859850155e-4,2.73631266332963,2.738567653077701,1.70413314422968,1.551374469792632,0.20692071580732252,0.01771659939239872
282540,0.06401580086268951,0.06476339585490451,0.7016993761618564,0.7098940239299006,1.3483022993568985,2.738567653077701,1.70413314422968,1.4750428332055057,0.21511137961694554,0.018075150974304413
282550,0.0019095964663975425,0.001090087669896672,0.014776238432288894,0.008434973360040872,2.7271660761093273,2.738567653077701,1.70413314422968,2.2499449434144254,0.18737488005022163,0.033513187104331835
282560,0.00702435105005876,0.005594573877549444,0.06963409656812769,0.05546036849105708,2.3801912377939067,2.738567653077701,1.70413314422968,1.7041473408764867,0.14444673781897016,0.04037637378389562
282570,2.557191356854907e-4,3.422493840621887e-4,0.001154294095028165,0.0015448841636000658,2.737383413251524,2.738567653077701,1.70413314422968,1.448986625174771,0.25518291256633385,0.030077054822131313
282580,0.025794861128916165,0.028808675587792064,0.2904602475459732,0.32439697972715204,1.4986958265842727,2.738567653077701,1.70413314422968,1.3727076674426903,0.1823215567939546,0.03203639946434592
282590,0.0030710613851167496,0.005121436026726266,0.021959510997377,0.036620639136779334,2.627230160603264,2.738567653077701,1.70413314422968,1.7385676320733112,0.18325970737560796,0.02420420976598203
282612,NA,NA,0.0035878861914149635,0.005832004363143802,NA,NA,1.7466031372561803,1.7992703262626106,0.14842000511827325,NA
282619,NA,NA,0.13426280116946895,0.20455867176276452,NA,NA,1.7466031372561803,1.9323863812541373,0.20972752364896874,NA
282630,NA,NA,0.007908926098087663,0.004097900151052573,NA,NA,1.7466031372561803,1.4654769527240399,0.14842000511827325,NA
282690,NA,NA,0.1836967187600983,0.11380978522473914,NA,NA,1.7466031372561803,1.3428395612245767,0.18337524529051896,NA
282710,4.8452834565642863e-4,2.744826778424349e-4,0.0236964139308744,0.013423889870049518,1.3024263778810379,2.487216038378451,12.259541082629474,1.1621864028051256,0.2107132253430439,0.001235737704743846
282720,0.0016509189411402626,7.834617267854588e-4,0.04850668792145439,0.023019381831877146,2.162965656016448,2.487216038378451,12.259541082629474,1.4110999832754483,0.21511137961694554,0.008490975816049535
282731,7.751254527937222e-4,5.3782416459091e-4,0.030466760418531212,0.0211394941435997,2.4333025261679166,2.487216038378451,12.259541082629474,1.7791462619224327,0.14678312028954704,0.002895847061388524
282732,5.961278154259103e-5,4.886087272480351e-5,0.0015328737900023564,0.0012564008794486619,2.4772580225468763,2.487216038378451,12.259541082629474,1.4430166661927266,0.21511137961694554,4.112461521497148e-4
282735,7.569819690845458e-4,1.3699861072605793e-4,0.020300407893876878,0.0036739681950374355,2.4805766419549533,2.487216038378451,12.259541082629474,1.6791253467507612,0.20953151146147192,0.003997343651968928
282739,0.0016303748531608,6.7578934852335e-4,0.05014407031874359,0.02078468552634785,2.386449882859302,2.487216038378451,12.259541082629474,1.9605924880233951,0.19373997609812466,0.007014920351054516
282741,0.0043795248760855636,0.004314115558629128,0.2270963123993361,0.22370457123763482,1.8290942853893195,2.487216038378451,12.259541082629474,1.4208653285414536,0.144238043176655,0.006973631515949363
282749,0.005702766260425093,0.005246145554294571,0.25108769243694856,0.2309830915843973,1.6245179670781638,2.487216038378451,12.259541082629474,1.484909244225094,0.19216000579424256,0.009187730601851313
282751,0.0035943694844368704,0.0018711187056070781,0.10177384885917048,0.052980349729364634,2.374253597478536,2.487216038378451,12.259541082629474,2.2016468703001393,0.21511137961694554,0.015627690947027713
282759,1.853649127559583e-4,3.13402311681082e-5,0.0059953673357328935,0.0010136556883716611,2.4796665850648325,2.487216038378451,12.259541082629474,2.172914283628915,0.17995282425722386,0.025000661880932373
282760,3.4358721172619546e-5,7.583805765184809e-7,0.0011808578128705868,2.6064405145113584e-5,2.485736681924417,2.487216038378451,12.259541082629474,2.1152217109587657,0.16826157483961138,0.004661045551893796
282810,NA,NA,3.881809490054061e-6,5.223560253303206e-6,NA,NA,1.895135218186188,1.4719200288248522,0.2114586055517202,0
282890,NA,NA,0.06452176135609199,0.050322756261607815,NA,NA,1.895135218186188,1.4797656428979384,0.20953151146147192,NA
282911,NA,NA,7.901150635788034e-4,9.082884940066312e-4,NA,NA,1.4829572809394482,1.921815376102122,0.21511137961694554,NA
282919,NA,NA,0.0065022451452243935,0.003066655967150222,NA,NA,1.4829572809394482,1.2653355451496437,0.21012069674248865,NA
282990,NA,NA,0.027640939930032082,0.020092901741469365,NA,NA,1.4829572809394482,2.291481601633236,0.22239607235970027,NA
283010,NA,NA,0.005677773280152157,0.004764379566697934,NA,NA,0.950082634224019,1.4876962144856252,0.20953151146147192,NA
283090,NA,NA,0.08486692390345851,0.043107965490010836,NA,NA,0.950082634224019,2.0496215073352944,0.21172071523404723,NA
283110,0.002359255579388292,0.002313892917222906,0.012133996895773066,0.01190069008208673,3.1588486368709106,3.401965149265771,1.077134467933786,2.349825031354624,0.21093627233750875,0.015597226772501754
283190,5.347585281024998e-4,1.4477626162832352e-4,0.0019281191868391761,5.220036206527103e-4,3.045122032408694,3.401965149265771,1.077134467933786,1.1947426152128735,0.20692071580732252,4.301177186021925e-4
283210,NA,NA,0.013480423486049987,0.01213460742152538,NA,NA,2.035687619159332,1.9119186076493455,0.21281370181263287,NA
283220,NA,NA,0.010350177388202412,8.902587318789887e-4,NA,NA,2.035687619159332,1.951960334443234,0.21041652266251623,NA
283230,NA,NA,0.05928345740392506,0.05446363003212539,NA,NA,2.035687619159332,1.4269694137357516,0.2116083059990518,NA
283311,NA,NA,7.427474246788961e-4,7.41034900305648e-4,NA,NA,3.463691033142174,1.152396987915216,0.21469927149916707,NA
283319,NA,NA,0.006369444836127142,0.0015268233902934732,NA,NA,3.463691033142174,1.5708058435658685,0.21511137961694554,NA
283321,NA,NA,0.03254451542535788,0.018736025809807037,NA,NA,3.463691033142174,1.3859845375217295,0.14444673781897016,NA
283322,NA,NA,0.009093362596312046,0.005823795702301267,NA,NA,3.463691033142174,1.6363594496539546,0.21511137961694554,NA
283324,NA,NA,2.328502456554568e-6,7.706130316571685e-7,NA,NA,3.463691033142174,2.1620192133968485,0.2102685093677844,NA
283325,NA,NA,0.002333198236407023,6.25210480097639e-4,NA,NA,3.463691033142174,2.0685712030099035,0.14689113347565627,NA
283327,NA,NA,0.04065829649178793,0.039367654458747695,NA,NA,3.463691033142174,1.5819381357722881,0.14776086799222352,NA
283329,NA,NA,0.06603319729680318,0.0608846261753854,NA,NA,3.463691033142174,1.6925179977807325,0.1739777331870222,NA
283330,NA,NA,0.0216337260320289,0.0030436264736707973,NA,NA,3.463691033142174,1.5700016069186493,0.21266226107523473,NA
283340,NA,NA,0.01233230890872807,0.008457055960889694,NA,NA,3.463691033142174,1.721341121407841,0.21019457697340668,NA
283410,0.008882108189142996,0.0053966837176848415,0.09516945360005846,0.05782404691852261,1.8253065981073704,1.979628284455428,2.073103765136306,2.0076831240625874,0.20865393259467924,0.028110823871094873
283421,1.9757721331719675e-4,5.562190189040998e-4,0.0031634800578065557,0.008905823422314137,1.9772685972169004,1.979628284455428,2.073103765136306,2.625689705098549,0.14842000511827325,0.006458936165041285
283429,0.001375588040467349,8.026251495376971e-4,0.017028199865750587,0.009935577412378837,1.9006732879775112,1.979628284455428,2.073103765136306,2.11550763981435,0.1780255155272528,0.009303547356618574
283510,NA,NA,0.1537388447391175,0.1584749101412317,NA,NA,19.480455653055053,1.3691251777027602,0.21041652266251623,NA
283522,NA,NA,0.17402981014173474,0.16696991913300852,NA,NA,19.480455653055053,1.713563076351785,0.2129653591861773,NA
283524,NA,NA,0.015735409869724812,0.014642144653043579,NA,NA,19.480455653055053,1.6086339757655703,0.21041652266251623,NA
283525,NA,NA,0.032649035249459724,0.017051626700833884,NA,NA,19.480455653055053,1.5028226400676943,0.21511137961694554,NA
283526,NA,NA,0.04983336303804876,0.027904986367418665,NA,NA,19.480455653055053,1.6925893249977273,0.21511137961694554,NA
283529,NA,NA,0.07259559274586251,0.06365214085647947,NA,NA,19.480455653055053,2.0253957888816867,0.21213397363161407,NA
283531,NA,NA,0.03353926677587521,0.030321023757904485,NA,NA,19.480455653055053,1.500552952515333,0.2129653591861773,NA
283539,NA,NA,0.03970882851492126,0.02914744953243058,NA,NA,19.480455653055053,1.844358991875716,0.20997308517440325,NA
283620,7.755273243526451e-6,7.29860140264769e-6,1.9882882653334403e-4,1.8712072504142833e-4,2.9238210504619393,2.938920327776442,13.868251202958884,2.1185416767774665,0.21326928577659127,1.6520828252469545e-4
283630,9.110950478577321e-5,3.4232608311322125e-5,0.002273681776742376,8.542913044124738e-4,2.890004913999656,2.938920327776442,13.868251202958884,1.6458979248590984,0.21511137961694554,4.110209787244622e-4
283640,0.0012203171411742909,0.001334675977467314,0.03202052350921109,0.035021243307740715,2.889598366150814,2.938920327776442,13.868251202958884,2.256152345721157,0.21266227687302325,0.015454976229681191
283650,3.6071442008996226e-4,2.220177359162837e-4,0.00918417768918991,0.005652810709087401,2.9009953660098766,2.938920327776442,13.868251202958884,2.0204059554234344,0.21511137961694554,0.004554691524470963
283691,5.073052508563918e-5,1.7612000360660456e-4,0.0019413300880463398,0.0067396712636258235,2.932358487355285,2.938920327776442,13.868251202958884,2.3406967956807434,0.14444673781897016,1.527591010648581e-4
283692,2.908612259406437e-5,5.5266186931790396e-6,0.001100034026168159,2.0901612418406672e-4,2.9369292777316502,2.938920327776442,13.868251202958884,2.1182461750077595,0.14392609538363377,0.004926393049489689
283699,0.00203534430518195,4.7748825429026173e-4,0.06754023329769068,0.01584482193482658,2.653970882139787,2.938920327776442,13.868251202958884,1.8195309077104345,0.17813149998062233,0.009548093331014796
283711,NA,NA,0.001712852857049287,0.0010543277580149569,NA,NA,4.585750587415322,1.84273861373864,0.21511137961694554,NA
283719,NA,NA,0.00794929134981069,0.0042399557974065515,NA,NA,4.585750587415322,2.7007596398915354,0.2461330695389085,NA
283720,NA,NA,0.08557366994320667,0.09268560486218658,NA,NA,4.585750587415322,1.5064934873350655,0.2129653433633925,NA
283911,0.0020219520343530573,0.001420561228706495,0.04902710028805486,0.034444930760882106,1.5863044390043308,1.868396540045242,6.690949590609064,1.518049588534459,0.21342157173821255,0.004012823428511089
283919,1.3893945941420728e-4,1.068346333821909e-4,0.0028951120243095574,0.002226136714663629,1.8628908134728444,1.868396540045242,6.690949590609064,1.593534786960737,0.21342157173821255,0.0011006761996458165
283990,6.355551438995584e-4,3.0990103444157255e-4,0.013958368474739183,0.006806195923294947,1.827585229027708,1.868396540045242,6.690949590609064,1.7548135807799885,0.21041652266251623,0.002417653353200198
284019,NA,NA,0.02411968049106329,0.010885677708975451,NA,NA,1.735669041120396,2.430842054294791,0.2149566398147211,NA
284020,NA,NA,0.08504147132457988,0.07959741405899018,NA,NA,1.735669041120396,2.154125451819401,0.20953151146147192,NA
284030,NA,NA,0.43462141278854577,0.5305332796322542,NA,NA,1.735669041120396,1.2227730353374238,0.20953151146147192,NA
284130,1.8565083525684433e-4,3.2472560398322134e-6,0.0020776437574762025,3.634048417153872e-5,2.8019271568903177,2.80765362547534,4.098510581899322,2.532143635384933,0.2114586055517202,0
284150,0.0047157408984351895,0.007833885182593568,0.04866697025219376,0.08084656586346638,2.7556725430095432,2.80765362547534,4.098510581899322,1.9193856461593803,0.2116083059990518,0.003186002182771187
284169,0.027895922996111305,0.029899067518882223,0.4253196984423174,0.4558609651528712,1.855203547218947,2.80765362547534,4.098510581899322,1.7747060416870715,0.20763936477824457,0.026585742819208624
284170,0.027184178660361276,0.015396296678203891,0.2657975168037226,0.15053967516065506,2.5669231357407165,2.80765362547534,4.098510581899322,2.262673738699268,0.2534489008095387,0.03830503108533479
284180,0.021283544824010257,0.017633078667510016,0.45477976375136187,0.37677780731210014,1.9683986241684486,2.80765362547534,4.098510581899322,1.898831992530836,0.1425898574261823,0.01993844596710417
284190,1.3354335211159682e-4,0.0017550147960025996,0.0013709840442719748,0.018017349757478904,2.8021304778018963,2.80765362547534,4.098510581899322,1.3184730421158235,0.18830378161118488,0.0018130136696212697
284210,NA,NA,0.07227321098558927,0.042733704571816945,NA,NA,4635.36002864726,2.421274534718546,0.20953151146147192,NA
284290,NA,NA,0.08048934140059018,0.19368301648696745,NA,NA,4635.36002864726,1.5774954785740318,0.21021921481335384,NA
284310,NA,0,0.03002533328658816,0,NA,NA,7.996628550042621,2.1349372410631826,0.20692071580732252,0
284321,NA,NA,0.011527452779295393,0.005354957160342718,NA,NA,7.996628550042621,1.7835063902356898,0.20953151146147192,NA
284329,NA,NA,0.004675651376223281,5.018442777206233e-4,NA,NA,7.996628550042621,2.343173880190731,0.14444673781897016,NA
284330,NA,NA,3.848290946502865e-4,0.002839900603478878,NA,NA,7.996628550042621,2.3346542935655883,0.14310084364067333,NA
284390,NA,NA,0.07200427380010833,0.12920619752917892,NA,NA,7.996628550042621,2.300063726556411,0.14444673781897016,NA
284420,NA,NA,0.7002014575618166,0.637120897382634,NA,NA,NA,1.8133494655116233,0.17924935775698442,NA
284440,NA,NA,0.0072775757556709396,5.64028517281834e-4,NA,NA,NA,1.918381073863193,0.1775482694288567,NA
284590,NA,NA,0.03890727158289822,0.08485058381159707,2.843732505016193,2.940718718156034,NA,2.6896879500320794,0.19885085874516512,NA
284610,NA,NA,0.0856080479049757,0.11770783906538858,NA,NA,0.9535743040819172,2.742005771079042,0.17359480565571736,NA
284690,NA,NA,0.2211348386127873,0.3542731945836351,NA,NA,0.9535743040819172,2.499724725093131,0.18028898576955033,NA
284700,NA,NA,0.010325120707436394,0.004472669752015193,NA,NA,NA,2.18586366263714,0.20953151146147192,NA
284910,1.0911868794121119e-5,1.1917627215644325e-5,1.3137415006292941e-4,1.4348304362545386e-4,2.651202844262843,2.65582953789343,5.581940816828085,1.196449852223757,0.21236006742206626,0.001870707555812944
284920,0.008533857649323753,0.01310862428467289,0.18586889605744197,0.2855081048624005,1.8557683017845177,2.65582953789343,5.581940816828085,1.7705031996725653,0.18190584279919214,0.007924885783416307
284990,0.010321831980973294,0.006683151769502791,0.18804360512126078,0.12175396331062306,2.127038492795034,2.65582953789343,5.581940816828085,1.8918548060800253,0.1928697354330401,0.021314347697876178
285000,NA,NA,0.05151667739084247,0.031074150374168656,NA,NA,NA,3.4724914971108767,0.20920888658410924,NA
285210,NA,NA,0.008799741184082822,1.3486782952706344e-4,NA,NA,NA,NA,0.21281370181263287,0
285290,NA,NA,0.38006778720711504,0.11108179785889837,NA,NA,NA,NA,0.21281370181263287,NA
285390,NA,NA,0.022743959513085367,0.0237595168419581,2.5106157635627993,2.601795110420595,NA,1.8034628817214864,0.163050076493974,NA
290110,1.3367753124272622e-7,1.216224245931771e-7,0.02033311255889012,0.01849946229518476,2.8245804571201596,2.827796563495888,92416.831077436,2.4921635211288407,0.21511137961694554,2.1666777321906587e-6
290121,2.1997134595385413e-9,3.91736191471139e-10,5.970405766537712e-4,1.0632403081315195e-4,1.5829220222226903,2.827796563495888,92416.831077436,2.0365023521029233,0.21511137961694554,0
290122,2.9626260137929174e-8,1.8352650666060153e-8,0.004513372692700118,0.0027959098438082625,2.8201608225430013,2.827796563495888,92416.831077436,2.2456961041024983,0.21511137961694554,1.6372514457327752e-7
290123,2.442979649290244e-7,3.90151524540536e-7,0.0451698108297505,0.07213760689146462,2.323640850517734,2.827796563495888,92416.831077436,2.0723324177749722,0.21511137961694554,1.963113542652918e-7
290124,3.1375808044137515e-7,2.519844651458905e-7,0.048423869353298774,0.03889003528489329,2.783770690544819,2.827796563495888,92416.831077436,2.2005099268335746,0.21511137961694554,8.193463162891011e-6
290129,2.264795049776222e-7,2.3932222998928015e-7,0.03462547886161728,0.03658894793340223,2.8101515178836296,2.827796563495888,92416.831077436,1.9005032701975533,0.21511137961694554,2.984042559313003e-7
290211,NA,NA,0.005210306437378204,0.002858559900802953,2.2540225093686024,2.42750520771,NA,1.7121962727027593,0.21511137961694554,NA
290219,NA,NA,0.009955839142548887,0.008590226475777974,2.398878356355182,2.42750520771,NA,1.9958271331413675,0.21511137961694554,NA
290220,NA,NA,0.005406507139622671,0.001604793376747109,2.427357100608051,2.42750520771,NA,2.2322141277499172,0.21511137961694554,NA
290230,NA,NA,0.0030339601737083173,0.002864590148733175,2.4233527633631393,2.42750520771,NA,1.9808674702727174,0.21511137961694554,NA
290242,NA,NA,8.132435731736028e-4,1.7974905164867228e-5,2.4274293342005127,2.42750520771,NA,2.5346783002042934,0.21511137961694554,NA
290243,NA,NA,3.316892699993299e-4,2.697435817511873e-6,2.4275015795061767,2.42750520771,NA,2.2701514678648484,0.21511137961694554,NA
290244,NA,NA,0.08908629320369238,0.04282756444753919,2.4162500944134755,2.42750520771,NA,2.236938713757949,0.21511137961694554,NA
290250,NA,NA,3.1850125434644316e-4,3.191802309288935e-4,2.427173377750486,2.42750520771,NA,1.9803647520338785,0.21511137961694554,NA
290260,NA,NA,0.006210864601547503,0.001467989200204943,2.426066708271324,2.42750520771,NA,2.374278584362786,0.21511137961694554,0
290290,NA,NA,0.054463783590796885,0.028947219198039678,2.263875581040311,2.42750520771,NA,1.9841474580995875,0.21511137961694554,NA
290311,0.044116591229381025,0.03150434702458304,0.26382310787758456,0.1884002030089768,2.718890901255212,3.037207684552576,0.8694309118735648,2.494961441656762,0.20692071580732252,0.051800077382161254
290312,0.0011993024621469997,0.0010689593771953361,0.005054256053098455,0.004504947311651276,2.935413122295862,3.037207684552576,0.8694309118735648,1.722641273027557,0.20953151146147192,0.007868833926500162
290313,0.013672824353229251,0.012164231202968334,0.0565795981588233,0.05033687960837569,2.6915878225800034,3.037207684552576,0.8694309118735648,1.4352677562946259,0.20692071580732252,0.005825305621252235
290319,0.005525129413351209,0.002752985272158335,0.02218208794182404,0.011052584806791528,2.954162354274684,3.037207684552576,0.8694309118735648,1.6111467620541375,0.20915030544000995,0.026635288519950114
290321,4.83784891500672e-5,8.66193260957062e-6,2.95501544204216e-4,5.2908110751065425e-5,2.342108085183659,3.037207684552576,0.8694309118735648,2.7107668756840453,0.25026068740363444,0.008238828611477941
290322,0.001781511242445113,0.0018513287742340707,0.010380796443035556,0.010787620474447,1.809409146326425,3.037207684552576,0.8694309118735648,1.332018545192683,0.20879968060325016,0.013966498434219328
290323,1.7000445846062457e-4,1.9961529942515927e-4,7.261894346750295e-4,8.526748224995382e-4,3.031816228284434,3.037207684552576,0.8694309118735648,1.849862996870767,0.2099731007507272,0.011241281360561859
290329,0.06924870392343552,0.07017005702465197,0.45095618015983835,0.456956146246747,1.974488941272198,3.037207684552576,0.8694309118735648,1.7911800217963076,0.20692071580732252,0.09652413723388814
290339,0.022570789325890194,0.01997723674011076,0.12700491391996205,0.11241109896082034,2.2141817403166644,3.037207684552576,0.8694309118735648,1.967790349893738,0.2277226155919675,0.047008243772843676
290371,0.0016830242917819892,0.001293857734237066,0.0064921951141574405,0.004991001556926301,2.740575620387917,3.037207684552576,0.8694309118735648,1.3456638746009026,0.20953151146147192,0.014011409332936603
290372,0.025712760160151157,0.02095110477831082,0.23378327197635065,0.19048977224093017,1.0254750741794325,3.037207684552576,0.8694309118735648,1.0841850191977718,0.20953151146147192,0.04369584985872958
290374,0.027591763019457684,0.023716809865652225,0.18759865674760648,0.16125253286631733,1.4886425593349533,3.037207684552576,0.8694309118735648,1.2513218923399414,0.20953151146147192,0.11236734887683258
290377,0.04969597802095157,0.045125558251957174,0.2925807193937034,0.26567277317359245,1.3614488061139538,3.037207684552576,0.8694309118735648,1.167255887316498,0.25409637635184756,0.045896322138816795
290378,0.008008430478996197,0.047255815656862925,0.058528696609625196,0.34536371450996023,2.9229184423566865,3.037207684552576,0.8694309118735648,2.216213513740482,0.14444673781897016,7.175612723453526e-4
290379,0.026048162726048523,0.031135894219949303,0.20569389271028368,0.24587005818696162,2.045922440449955,3.037207684552576,0.8694309118735648,1.9658279950931319,0.17549278120104692,0.07011575047731525
290389,0.021763582961821102,0.037735089014104974,0.12562631837469532,0.21781892782541853,2.3564583422974263,3.037207684552576,0.8694309118735648,1.808909912352963,0.1969045887263702,0.032995031149919564
290391,0.0033866228004595404,0.002911756767794703,0.016989619629490253,0.0146073663508417,3.0148262565961397,3.037207684552576,0.8694309118735648,2.2601276949475113,0.20692071580732252,0.06750789763752611
290399,0.024644324446240543,0.0412806541988474,0.16999952864412254,0.2847589420125336,1.5250843009476442,3.037207684552576,0.8694309118735648,1.5492089757986676,0.22990401769378563,0.059431741244624435
290410,0.0122926396372199,0.005016264173785167,0.07325055023499934,0.029891392060442678,2.1659170475096574,2.361218571145872,0.23388170276499157,2.4401723913858775,0.20718706006499193,0.025947519935720965
290420,0.0052262996201175435,0.005243403031625521,0.03149032170127351,0.03159337586382139,2.3232388433550866,2.361218571145872,0.23388170276499157,2.6765160636000265,0.20791015141507435,0.030678632695826887
290491,0.001927870104788578,1.9229110341414233e-4,0.02113611684530815,0.0021081748298183503,1.5659464575708202,2.361218571145872,0.23388170276499157,3.3633936891224976,0.20953151146147192,0
290499,0.0022962297129072076,2.862270751653567e-4,0.01240943450143376,0.0015468470431490259,2.108426054211348,2.361218571145872,0.23388170276499157,2.0478884722519766,0.20025200180488767,0.01099939428458858
290511,3.507592015297521e-4,3.432147748518726e-4,0.0030425505031982845,0.0029771087440512256,2.859201277117756,2.859652086316831,2.628313435988329,2.55289270339569,0.20890912943776802,0.027364226269982975
290512,0.0015859400487294485,4.131511656580039e-4,0.012716710363697979,0.003312813567137131,2.825133737146556,2.859652086316831,2.628313435988329,2.0590755714726425,0.20692071580732252,0.010263160529256365
290513,9.119530991596495e-4,3.2793670840391677e-4,0.008119785959106257,0.002919860552946585,2.8477764166905337,2.859652086316831,2.628313435988329,2.6183346940398997,0.20692071580732252,0.0011750972818574867
290514,0.001594947486928103,0.0013176054969040718,0.013803048262202255,0.011402865870736793,2.8541316108279644,2.859652086316831,2.628313435988329,2.5483923412215095,0.20958049835129755,0.011145056892196043
290516,0.010332256013887584,0.006171067075158982,0.08540503257509745,0.05100920688266624,2.803067681845876,2.859652086316831,2.628313435988329,2.2264853429263467,0.20953151146147192,0.009605805861241178
290517,0.0034947999837337627,0.0021621519360605305,0.029957560313236223,0.018534049826139713,2.8521660218541256,2.859652086316831,2.628313435988329,2.4482358943027718,0.20763936477824457,0.07806697214315482
290519,0.004010067405010098,0.001845837674755305,0.03397973103529485,0.01564090110920252,2.7571865231019625,2.859652086316831,2.628313435988329,2.2547140189873054,0.2090040755598972,0.011396829537501664
290522,0.0031441293958813575,0.002358954003786752,0.026931239201308205,0.02020576971930133,2.7715615523381794,2.859652086316831,2.628313435988329,2.3329199954713586,0.20898215689205235,0.023335969870832498
290529,0.006873399166794956,0.0017397145875824886,0.06896452154205336,0.017455494907376756,2.560905820644934,2.859652086316831,2.628313435988329,1.9039760385488702,0.17638833929853653,0.03415058329408171
290531,1.849588376218138e-4,7.035042604440999e-5,0.001389615993177192,5.285504516309292e-4,2.8592428228679316,2.859652086316831,2.628313435988329,1.8167168884879128,0.20692071580732252,0.002844851752505832
290532,0.0015183445835821841,0.0013904670589719018,0.013278278265253029,0.0121599594237941,2.653846134194864,2.859652086316831,2.628313435988329,2.1740069746298936,0.20692071580732252,0.002873332860108125
290539,0.0015847180148883364,8.975961525664784e-4,0.015016462514351587,0.008505436835707631,2.6885638248377624,2.859652086316831,2.628313435988329,2.2904805075777004,0.19307348577642985,0.008070709215011082
290541,0.006125975899203167,0.0056436303223870304,0.0531174752749668,0.04893512463041833,2.4831449634810228,2.859652086316831,2.628313435988329,1.883109678075409,0.20953151146147192,0.015270098435739418
290542,0.004351850956306129,0.0038257115299424244,0.034596823169058974,0.030414062114294867,2.755906394829168,2.859652086316831,2.628313435988329,1.9623559553752887,0.20953151146147192,0.03754823066719132
290543,0.014604613570560619,0.01661717573952104,0.12186736144290042,0.1386610711898946,2.409432572586076,2.859652086316831,2.628313435988329,2.139468289968307,0.2371396909503452,0.01892147905845762
290544,0.006080435844323188,0.00797550573855464,0.05372001401217485,0.07046275809806299,2.128999915758027,2.859652086316831,2.628313435988329,1.8215622065935746,0.23657607556322835,0.0071210118426064326
290545,0.012719421729808703,0.004497846047216033,0.09568806066452036,0.03383724312065513,2.8453026737885834,2.859652086316831,2.628313435988329,2.6402088970437534,0.2461330695389085,0.042821773362609235
290549,0.01693256701873539,0.019683233207103697,0.2074455101503055,0.24114467402001843,1.7252215149228254,2.859652086316831,2.628313435988329,1.7898481421899017,0.20903330762950184,0.04567174160577393
290559,0.007757644589299888,0.0027188520349521804,0.08506196463809783,0.02981199937572732,2.3231602732258536,2.859652086316831,2.628313435988329,1.6169457565008656,0.16665544523090237,0.031988568377480306
290611,2.627111948284521e-4,2.2006169465796447e-4,0.00279079469201684,0.0023377268325725903,2.960888349328594,2.971498007099061,4.870621343877206,1.794674314580477,0.21190835433542224,0.004753414305117097
290612,9.93442443342289e-4,2.878388545759842e-5,0.011091710542182784,3.2136992728125743e-4,2.8519727621984403,2.971498007099061,4.870621343877206,1.718161017537813,0.20692071580732252,0.0017962166692382009
290613,0.007710241425293687,0.00951306828455844,0.10430360321034869,0.12869211804580308,2.2073797282726653,2.971498007099061,4.870621343877206,1.4684690902450839,0.21228463584036011,0.033460244522593954
290619,0.0039592434803205154,0.0030829429177935824,0.0511629683218889,0.039839052997189185,2.779117705844861,2.971498007099061,4.870621343877206,1.8935107358029146,0.1883482612584712,0.02154983044181348
290621,0.002408467141433658,0.001714199005425678,0.028080096029247426,0.01998568793300656,2.8306482587150392,2.971498007099061,4.870621343877206,1.9582313040883923,0.20692071580732252,0.02743502864466801
290629,0.0040959294835472785,0.00411865513579177,0.05058374090017806,0.050864397222397585,2.658795068709087,2.971498007099061,4.870621343877206,1.469038776036729,0.19307348577642985,0.011961676896544756
290711,1.290309372357288e-4,4.250509309268689e-5,8.864634150363988e-4,2.920168665484191e-4,2.835839230092822,2.856417985815774,1.7949467565132684,2.236422161280584,0.20692071580732252,5.005581683370525e-4
290712,0.001615577692369193,8.812259909647299e-4,0.010687453242245537,0.005829531825532794,2.7747482183578804,2.856417985815774,1.7949467565132684,2.0377088033492075,0.20879968060325016,0.0022517589028282414
290713,0.0019316837588203397,0.0013480666362169636,0.012223572262589154,0.008530480140624368,2.824160119284526,2.856417985815774,1.7949467565132684,1.9029552985775215,0.20692071580732252,0.03969838335325958
290715,0.007498138278396029,0.004642689351179687,0.050361205208686546,0.031182597926822972,2.0697894818111138,2.856417985815774,1.7949467565132684,1.11858471641536,0.20958049835129755,0.015121322864670021
290719,0.01301765155140781,0.00660042379038071,0.104048299341256,0.05275628001015351,2.3016574125186384,2.856417985815774,1.7949467565132684,2.0479164139950043,0.20888723221082672,0.02042986676933493
290721,0.01565130191678761,0.02056459604935485,0.1090158901774243,0.14323841916658264,2.5848666346799756,2.856417985815774,1.7949467565132684,1.930526490988871,0.20692071580732252,0.06408238077540651
290722,6.751450839399318e-4,6.830970947713092e-4,0.004790959363551612,0.004847388361789035,2.626038406989996,2.856417985815774,1.7949467565132684,2.0609946259795273,0.20692071580732252,0.015954796201155044
290723,0.008965891343046012,0.00891309670445848,0.06036245876696107,0.06000702124570132,2.8176757686197127,2.856417985815774,1.7949467565132684,2.1303133425104672,0.20692071580732252,0.062095692262799825
290729,0.01315864841327448,0.013144149403465288,0.0978599814193838,0.09775215326059694,2.654568191415597,2.856417985815774,1.7949467565132684,2.23741846450332,0.20425473279130008,0.03029580182467236
290819,NA,NA,0.04390356100606196,0.009111322284636637,NA,NA,9.595581910947988,1.9549137870515665,0.2041650458407133,NA
290899,NA,NA,0.13999539166024025,0.15698648360839365,NA,NA,9.595581910947988,1.7066636887926063,0.21468213176752168,NA
290911,5.149803550074204e-4,3.794259635736765e-4,0.015894954163696167,0.011711045364891518,2.4957035967880508,2.505632752772694,14.891971747203888,1.5597065304116218,0.2135741002980591,0.0038997944370769977
290919,6.468165521675198e-4,4.19989079863924e-5,0.027123994610070343,0.001761207486163265,2.0580458675140676,2.505632752772694,14.891971747203888,1.7709138059706733,0.19307348577642985,0.009866392400290903
290920,0.0019273243214711496,0.0017002678494679976,0.12881435756823675,0.1136388454621731,1.720980303291086,2.505632752772694,14.891971747203888,1.7227513630512283,0.14444673781897016,0.008903280574207575
290930,0.0018985676861215386,0.002092796392998777,0.0779950479054007,0.08597415626599904,1.8268068735394514,2.505632752772694,14.891971747203888,1.5578369752501011,0.21919329795234918,0.0037710753108360735
290941,9.180651427418504e-4,3.903187292214256e-4,0.03010533768790906,0.012799393640011791,2.4865095144556655,2.505632752772694,14.891971747203888,1.9799325056311512,0.20692071580732252,0.008705137998988125
290943,2.758405787530031e-4,2.3262868690941647e-4,0.009311392563491748,0.007852713459112868,2.431370419146815,2.505632752772694,14.891971747203888,2.090917681790128,0.20692071580732252,0.010740773600614786
290944,4.1767650678572197e-4,3.869700756011418e-4,0.014293580871558279,0.013242756010013209,2.375221578494616,2.505632752772694,14.891971747203888,1.9273739668802494,0.20692071580732252,0.003426883828382238
290949,6.722151123255346e-4,3.9443165994006255e-4,0.028208047626128892,0.016551468190519173,2.4015403074588355,2.505632752772694,14.891971747203888,1.9389489442265744,0.16701413819696254,0.005285199477218483
290950,6.538193391966562e-4,1.5202801650035896e-4,0.02742551779327493,0.006377062931068792,2.4529505007080523,2.505632752772694,14.891971747203888,2.061521824834258,0.1647681813099277,0.0027183330394685385
290960,0.0024864860600309936,0.001982670485845538,0.12005464632240909,0.09572899192087089,1.655813990409364,2.505632752772694,14.891971747203888,1.7198011522463577,0.20778370867117213,0.006032015498157754
291020,NA,NA,0.01606751189103116,0.01544916512407003,2.2158829948840038,2.426192617774316,NA,1.4098997335307466,NA,NA
291030,NA,NA,0.009760685728376102,0.0050021584385155065,2.399078486490849,2.426192617774316,NA,1.7542365735232326,0.20953151146147192,NA
291090,NA,NA,0.3043135647629843,0.23146891344984827,1.817535339369908,2.426192617774316,NA,1.8795430168366867,0.2076874523946553,NA
291100,NA,NA,0.2584524172341598,0.027638961808417344,NA,NA,NA,2.4068363503670214,0.2110852549899075,NA
291212,0.015711663949671602,0.006161183247179718,0.32042774742162605,0.12565276826627395,1.4614678332327435,3.028475251069882,4.501747882283917,1.6656386528485714,0.20692071580732252,0.02942069878290772
291219,0.013869613633566315,0.016225704182239793,0.18718124421274027,0.2189785222069349,2.395342807452705,3.028475251069882,4.501747882283917,2.059161186611239,0.20295435559526487,0.04948297418503389
291221,0.011318336080012427,0.0012602673526527321,0.13930191435552527,0.015510906690102692,2.373270860860099,3.028475251069882,4.501747882283917,1.5422705254592366,0.20692071580732252,0.06426195312067956
291229,0.014268611738480062,0.01573103406873875,0.17320464614823777,0.19095678257708415,2.66369030874012,3.028475251069882,4.501747882283917,2.2531527845528894,0.20890912943776802,0.037170441216091595
291241,0.014164480607689725,0.011213616217904098,0.16548154709623608,0.13100703172093764,2.221861898980957,3.028475251069882,4.501747882283917,1.6101661733997752,0.23545681154756676,0.021984388495335905
291242,0.005791825773455328,0.0046650832362430256,0.1559974590352145,0.12564969312043486,1.0949253932614624,3.028475251069882,4.501747882283917,1.600509694280255,0.20692071580732252,0.01692836409803926
291249,0.011962108082858889,0.0036353806195409863,0.1767671266924203,0.05372094802172936,2.1609311154419357,3.028475251069882,4.501747882283917,1.8260075550129153,0.19815953852877893,0.022625995521385278
291250,0.0012790275667264837,5.432755091362387e-4,0.01238389710112263,0.005260143078794113,2.8498487491778364,3.028475251069882,4.501747882283917,1.318620970682455,0.21093627233750875,4.7669703263222303e-4
291260,2.2123598872415072e-4,1.7880971160637792e-4,0.002155194230532386,0.001741894078986063,3.0061499928226065,3.028475251069882,4.501747882283917,1.5746945371942176,0.2074952219920171,3.166410174452847e-4
291300,NA,NA,0.03541687900617128,0.005692482484493408,NA,NA,3.891160363006072,1.1380027239522392,0.20958049835129755,NA
291411,0.001727348630115184,0.0012756001053055052,0.011831881706699736,0.00873752367524212,2.864638344382752,2.876900006438179,2.122527612680849,2.016467245048655,0.21093627233750875,0.0032709687611655906
291412,9.235401789600877e-4,8.552314994380598e-4,0.005973474721442644,0.0055316529364506616,2.8595382864872074,2.876900006438179,2.122527612680849,1.7692408173028404,0.21041652266251623,0.03122688690933924
291419,0.010446122701937474,0.004165537664115424,0.12355748758216484,0.049270277871762073,2.3562214789131852,2.876900006438179,2.122527612680849,1.8944202910576355,0.14413390158378703,0.04149859403397083
291422,2.982930650163792e-5,6.0840312419211595e-5,1.8575363983992102e-4,3.788659813544761e-4,2.8653755173674664,2.876900006438179,2.122527612680849,1.569625423646725,0.20692071580732252,0.010958814749998979
291423,0.019548705888622134,0.009394237943149884,0.15823087919484818,0.07603871773299153,2.4357693099357878,2.876900006438179,2.122527612680849,1.9570326684091996,0.20692071580732252,0.05570589839192335
291429,0.007137317140301714,0.004904042987380693,0.052406687395826664,0.03600857896087431,2.631073495596925,2.876900006438179,2.122527612680849,1.9496765946747658,0.2107875005965485,0.025261164955777047
291431,0.003847797689644466,0.06013881778703555,0.020454581519468086,0.319693094629156,2.87489048030527,2.876900006438179,2.122527612680849,1.0397765959437353,0.20692071580732252,0
291439,0.009594837160499586,0.007116585083476329,0.0963938333799788,0.07149625421421339,1.7131165257044918,2.876900006438179,2.122527612680849,1.5078334000225493,0.21093627233750875,0.02801257780379637
291440,0.021704489877691264,0.016111162855760267,0.18803199536266765,0.139575457264962,2.3702586032866684,2.876900006438179,2.122527612680849,1.9122121037243613,0.1964887184420273,0.04515668822419705
291450,0.01317992345915765,0.01563143789122401,0.15128231359130212,0.1794213825498383,1.975144909560978,2.876900006438179,2.122527612680849,1.6693218164222552,0.16725412987339544,0.04785552846525679
291461,0.008238442376650992,0.00969143540966101,0.0526751971861526,0.061965387130410186,2.557243730611085,2.876900006438179,2.122527612680849,1.3946683812002185,0.21511137961694554,0.03401692855581002
291462,0.02765711042335964,0.02218447854389166,0.4831642065919639,0.3875584184406567,1.0908754638327562,2.876900006438179,2.122527612680849,1.1857340307909914,0.17359480565571736,0.02346074462288781
291469,0.02434466121325624,0.00900595773920458,0.22516208667484502,0.08329547983032058,2.052420820940817,2.876900006438179,2.122527612680849,1.753075830845312,0.2041650463970306,0.012870362549775485
291479,0.007666211136326221,0.00890702189244454,0.05800391652460921,0.06739211132395234,2.503312958545988,2.876900006438179,2.122527612680849,1.7443212136993271,0.2041575773213379,0.018355144085177234
291511,0.0010831548738490541,9.312570279327943e-4,0.008369475709157002,0.007195769748575619,2.5024611668688705,2.799499754013716,2.3477416265247975,1.6533547625136125,0.20692071580732252,0.0038546074236789733
291512,0.007463450427270409,0.006172156846792215,0.07211604447050961,0.05963884157598905,2.037985369007291,2.799499754013716,2.3477416265247975,1.7269737600024269,0.20692071580732252,0.024716422220687918
291513,0.02147356194099801,0.018866029889047703,0.17831571788892875,0.1566628616446097,2.4458705340620157,2.799499754013716,2.3477416265247975,1.8812520942234563,0.20821788856620566,0.04219715519594086
291521,0.003043704291852956,0.0023179125663401997,0.033556687124315254,0.025554869761294934,1.822145269218432,2.799499754013716,2.3477416265247975,1.918372548098693,0.21236006742206626,0.010307150551077155
291524,9.734723265129767e-5,9.337166324386439e-6,6.796072491703863e-4,6.518527284173441e-5,2.7988943645698936,2.799499754013716,2.3477416265247975,1.7522177927806502,0.2098256889820609,3.5027144569435873e-4
291529,0.010720140090651626,0.008157280520851311,0.09313570897665431,0.0708697925779399,2.5761508132872533,2.799499754013716,2.3477416265247975,2.0180962565104283,0.1950655411540588,0.0375302634596923
291531,1.7600633061028961e-4,1.3192443312098548e-4,0.001138781815884099,8.535667154020729e-4,2.781409853947954,2.799499754013716,2.3477416265247975,1.422998213903881,0.20953151146147192,0.0018208058930871945
291532,2.20795374995174e-4,6.56249859667317e-5,0.00167187678213228,4.96916615069195e-4,2.7637317927217846,2.799499754013716,2.3477416265247975,2.034085192630736,0.20938473660952822,0.014331717604636697
291533,0.0020021756707592187,0.001814800479780469,0.015517906340871985,0.014065650823698176,2.5319262369580273,2.799499754013716,2.3477416265247975,1.7128187070553689,0.20692071580732252,0.012255083831235667
291539,0.002636142027921463,0.0012224761566375396,0.02211747998177153,0.010256690131351795,2.4654763571925784,2.799499754013716,2.3477416265247975,1.5754486469286222,0.18965822942168215,0.016501771005079317
291540,0.012443896701068833,0.004755429724830107,0.08773763605869996,0.033528899549932045,2.6690083293687628,2.799499754013716,2.3477416265247975,1.7100650780634878,0.21563134640900655,0.06654706723341175
291550,0.0053119321752502216,0.002837493596558804,0.04134517496205517,0.022085498333364668,2.5891623049468664,2.799499754013716,2.3477416265247975,1.8522961487489873,0.20841146573488784,0.03227947464694604
291560,0.00920000649361594,0.0036844074632745487,0.07834462606210377,0.031375361003383104,2.4756298173830547,2.799499754013716,2.3477416265247975,2.066456305677539,0.20938473660952822,0.03733638363517406
291570,0.0019307340731762146,0.0012585696445924935,0.015076169202493826,0.009827562054563269,2.781985405493205,2.799499754013716,2.3477416265247975,2.162845550086435,0.20763936477824457,0.007154427246713702
291590,0.005703629728408626,0.002546147656258819,0.06844126334427421,0.030552748083813152,2.680151507967114,2.799499754013716,2.3477416265247975,2.272286213017613,0.14365427471198405,0.01376897023535479
291611,0.010592502228884297,0.009200174753989458,0.06940461356028264,0.06028175021257118,2.2144584628329875,2.412988371528317,1.1706884625347482,1.858924462430345,0.20879968060325016,0.052228087461008474
291612,0.003163807079198576,0.0016102839261435517,0.020483706204327316,0.010425598661038002,2.3261650786095323,2.412988371528317,1.1706884625347482,1.9746692229181486,0.2088483091817659,0.028091023750476885
291613,2.3148276687676782e-4,1.486655491837128e-4,0.0014728839043428425,9.459325956629382e-4,2.409483029121209,2.412988371528317,1.1706884625347482,2.0304433191458253,0.20879968060325016,0.01829594708127128
291614,0.006599309302751537,0.004117171804473392,0.04601730107162557,0.02870923695167091,2.314641241088833,2.412988371528317,1.1706884625347482,2.233244437056251,0.21089905983972518,0.06299864046831806
291615,0.0016764319399003788,0.0014504280284628368,0.008847164901036654,0.007654456849383787,2.3754078168369612,2.412988371528317,1.1706884625347482,1.4241521197379379,0.20699235453982734,0.053657911144179775
291616,0.009478290396938188,0.006031203770181551,0.0982133989078911,0.062494922287564134,1,2.412988371528317,1.1706884625347482,1.0004627743577779,0.20953151146147192,0
291619,0.020272566355684838,0.019381981500728233,0.18240584601879778,0.17439265809430324,1.8094110545665705,2.412988371528317,1.1706884625347482,1.7076161744969987,0.1767948034178134,0.046005797702574736
291620,0.007529227453742771,0.007941344275471081,0.05249572913433941,0.05536911464142749,2.2508653780988563,2.412988371528317,1.1706884625347482,1.6524033947916668,0.17988789227557456,0.08151460359137179
291631,0.012018262663568221,0.01143924649925345,0.08869031228367832,0.08441738816245363,2.05148944319415,2.412988371528317,1.1706884625347482,1.7833498876538325,0.19512474569554106,0.04024036865267337
291632,0.007418457237099245,2.4019220567786815e-4,0.04909734762518111,0.0015896566957412962,2.3119938743483623,2.412988371528317,1.1706884625347482,1.9737226833049706,0.20549829104489198,0.020134933272808908
291634,0.024304717054291547,0.004794494528535672,0.13055819110618316,0.025754693276858465,2.217406847030494,2.412988371528317,1.1706884625347482,1.5022132933443009,0.22440062250426093,0.03454098439016656
291639,0.01689050917806746,0.019339841701077002,0.15175243788461423,0.1737584163686387,1.4590580779182765,2.412988371528317,1.1706884625347482,1.5385006397506373,0.20666827086156472,0.035532757200289755
291711,0.0028363944900637503,0.0028637931443522267,0.020701562560118705,0.020901532965435354,2.339320312716198,2.9113778866325992,2.203768566278518,1.3888079392332613,0.21041652266251623,0.015102899014978882
291712,2.1860967581588942e-4,1.7047185692085058e-4,0.0014510435001911385,0.0011315239319911873,2.875326676566184,2.9113778866325992,2.203768566278518,1.7182212363924045,0.20549829104489198,0.003578534027523737
291713,0.005821887509417504,0.006932260996911547,0.07478235285625212,0.08904513993513108,2.217793868199969,2.9113778866325992,2.203768566278518,1.878689001746978,0.1433062678417223,0.02306510171509526
291714,1.8822354358641834e-4,1.3502609375788978e-4,0.0013149189567753803,9.432846016952284e-4,2.898498116963098,2.9113778866325992,2.203768566278518,1.9904704285916395,0.2071357732869371,0.009564628762246128
291719,0.018675061952791436,0.015223199634064209,0.21352380323354941,0.17405647657105097,1.8499482504090032,2.9113778866325992,2.203768566278518,2.045020749647382,0.20087291008990577,0.03865469580672427
291720,0.007975881864662663,0.004209466771939418,0.07022006053795123,0.03706035477627801,2.4336712835082928,2.9113778866325992,2.203768566278518,2.270007423533772,0.20879968060325016,0.018541747052374272
291732,1.3791037648772779e-5,1.1113706804602705e-5,1.0083964292960444e-4,8.12630821800548e-5,2.910002648080527,2.9113778866325992,2.203768566278518,2.168793208902299,0.20549829104489198,0.008801851848796139
291733,4.895967252068886e-4,4.76386453277285e-4,0.0034557254554380265,0.003362483261138015,2.9046695349219815,2.9113778866325992,2.203768566278518,2.0093693133848642,0.20549829104489198,0.010053164836601904
291734,8.196806216281443e-4,3.070503037214715e-4,0.008788746546294184,0.003292242399253525,2.8920301509369,2.9113778866325992,2.203768566278518,2.186420602700309,0.14157877333160468,0.0166693115071796
291735,4.052521391437024e-5,3.1080333796192835e-5,2.9396657948983264e-4,2.2545419340104267e-4,2.9085497000160188,2.9113778866325992,2.203768566278518,2.1319126898606795,0.20549829104489198,0.0012474805133832235
291736,8.886598968056761e-7,9.430095930689392e-7,6.107594395580415e-6,6.481129762138752e-6,2.9113439216441446,2.9113778866325992,2.203768566278518,1.90807262580501,0.20549829104489198,3.8583381102707853e-4
291737,1.357276513508457e-6,2.5216341246445085e-8,9.490966824028872e-6,1.763291826031512e-7,2.9113124119723177,2.9113778866325992,2.203768566278518,1.979725407633197,0.20549829104489198,0.0013132974802139612
291739,0.005984737914186647,0.0026420558706937098,0.045125817621001686,0.01992149582403633,2.7479018439010723,2.9113778866325992,2.203768566278518,2.128527813924364,0.20909179785855944,0.0374535770606306
291811,0.023863310966527208,0.020795300388299208,0.05166017856576861,0.04501843574411058,7.711390465272058,8.667522156122205,0.3595465411062749,2.5923721180914376,0.17682614939695868,0.06432634319482175
291812,0.02913390039085388,0.02821341934845271,0.037638666844780774,0.036449479031715054,7.976532947882019,8.667522156122205,0.3595465411062749,1.8571852535112772,0.21511137961694554,0.11646375329317507
291813,0.007577303233304107,0.012353226859955461,0.011617653773014588,0.01894018336334764,8.59954315474905,8.667522156122205,0.3595465411062749,2.2415390247400286,0.19727656472186453,0.04598821400563556
291814,0.010433560453214178,0.010261825683511252,0.012658048817508358,0.012449699317995607,8.414717388899653,8.667522156122205,0.3595465411062749,1.7455753917974337,0.20620704178331134,0.0030994969335675087
291815,0.023908959486049826,0.011502278262323142,0.04037649562800676,0.01942458801863728,8.08990141847205,8.667522156122205,0.3595465411062749,2.475232915200883,0.2074952219920171,0.03954388223545442
291816,0.014690234827923103,0.0036346157775980644,0.023722790409520033,0.005869424779187396,7.005655496297152,8.667522156122205,0.3595465411062749,1.5151248211802606,0.16570641986419204,0.05756193207049074
291819,0.04984444516862147,0.0695074096060655,0.11369724202680567,0.15854927757551185,7.288472574664731,8.667522156122205,0.3595465411062749,2.913202294817489,0.1968534312588282,0.11157400190179849
291821,0.032394997136089024,0.020533352538459143,0.04557632061084228,0.02888824637263874,7.645459779261364,8.667522156122205,0.3595465411062749,1.8508649933511696,0.20549829104489198,0.0769363547190369
291822,0.04724875863617158,0.054111182597357387,0.1042008424435918,0.11933500424172261,7.24505130341125,8.667522156122205,0.3595465411062749,2.390223698865697,0.17209732301809527,0.052082297453197604
291823,0.055222306423644694,0.057720630858880656,0.17242559409257033,0.18022633808317448,5.566458064136207,8.667522156122205,0.3595465411062749,2.665541778105531,0.17404915836238866,0.18034654030706923
291829,0.05774013548036416,0.04602719814018189,0.13931866516539326,0.11105702736658644,6.360706820128211,8.667522156122205,0.3595465411062749,2.598704997664917,0.1927516988679762,0.13369994090937057
291830,0.011298213268559265,0.011274975318428079,0.020221679067003284,0.020180087502163952,7.724817843178991,8.667522156122205,0.3595465411062749,2.0939465058076143,0.1774553671427817,0.050983830095268856
291899,0.07492661291467259,0.08461916040834434,0.176257605730115,0.199058385696047,6.67061878663081,8.667522156122205,0.3595465411062749,2.9744330005,0.2124638478135405,0.14572856089727937
291910,NA,NA,0.1246725322544882,0.036021799721282104,NA,NA,0.3926220014595211,1.4953129527144167,0.20953151146147192,NA
291990,NA,NA,0.17967158787530654,0.2239980053086915,NA,NA,0.3926220014595211,2.0867378769119287,0.1705283064388044,NA
292019,0.0034227282830739322,0.0046927307752454885,0.013556561449521297,0.018586720259178992,2.913838070675607,3.257198979664389,0.6342497891652475,1.7527155498655846,0.2068252586005308,0.06231799334656133
292021,0.029648220765699614,0.024374190355797652,0.08323126623913639,0.06842551338574106,3.1793192709222433,3.257198979664389,0.6342497891652475,1.2358783039975874,0.20953151146147192,0.1445418872807029
292022,0.11804438497999072,0.04366402437939422,0.6157383763215508,0.22775852896001866,1.511996802221503,3.257198979664389,0.6342497891652475,1.3697618181143618,0.25409637635184756,0.09611420905141502
292023,0.011310673993347647,0.008134753670461558,0.04054584488025188,0.02916099081766331,3.1538572465333528,3.257198979664389,0.6342497891652475,1.734663952966508,0.20953151146147192,0.057203051018965785
292024,0.005087390634568821,0.004377215680878386,0.019472777392246014,0.016754472513357044,2.250857137184229,3.257198979664389,0.6342497891652475,1.1709700171138002,0.20953151146147192,0.0018844514361675995
292029,0.0017988415499899143,0.0012154368545348384,0.007349281499992223,0.0049657445312466285,3.2181528309501632,3.257198979664389,0.6342497891652475,2.1206638101714845,0.20953151146147192,0.016723819624728558
292090,0.02196979745824355,0.02220560796883811,0.13150897957618188,0.13292051737850205,2.585837122125085,3.257198979664389,0.6342497891652475,2.3646780007470296,0.1937472236967731,0.048380499643113514
292111,0.0013744725520424,2.0624795371355939e-4,0.01897906116540185,0.0028479233891953787,1.8497543060996702,1.879764295962284,3.4313881358215466,1.9204386240062312,0.20953151146147192,0.0028890789449143475
292112,0.006524421985436886,7.239391063238913e-4,0.08361686588168231,0.009277989574418423,1.5474277753404457,1.879764295962284,3.4313881358215466,1.449874759945874,0.2461330695389085,0.028312840108769027
292119,0.005306071901174487,0.006763766207125967,0.11453040057851935,0.14599441310814518,1.5384967199652257,1.879764295962284,3.4313881358215466,1.6293025563370986,0.1523931936456383,0.01976324294706701
292121,0.0019578755909755155,0.001268997715626123,0.028077001916538936,0.018198118132708135,1.8167186854201973,1.879764295962284,3.4313881358215466,1.9482911215808776,0.20649191914812232,0.008233490895136183
292122,3.18557769354392e-5,1.3395004842801611e-6,4.701536725969567e-4,1.9769446320711343e-5,1.8712332322684078,1.879764295962284,3.4313881358215466,2.2438980655316567,0.20549829104489198,1.9799394192936059e-4
292129,0.001631346389282463,8.288454638288591e-4,0.03488317700575573,0.01772325191946322,1.8434543391046299,1.879764295962284,3.4313881358215466,2.1494621971286993,0.14157877333160468,0.009291763501646967
292130,0.0027957624196950663,0.0037524143938432552,0.04788352238704225,0.06426827164113989,1.7002763928509508,1.879764295962284,3.4313881358215466,1.7206953495481445,0.17692024795960837,0.015848707620191353
292141,4.8687231098367436e-5,1.3279698808928113e-5,6.616494680648312e-4,1.8046837856185014e-4,1.8783092283687002,1.879764295962284,3.4313881358215466,1.8141276473022618,0.20549829104489198,0.013156480469671527
292142,0.002968509757142623,3.0031006724893735e-4,0.04650816028428184,0.004705010219013404,1.4539581549667837,1.879764295962284,3.4313881358215466,1.422161939862348,0.21306736121043962,0.009063147224559831
292143,0.0012383733789406476,0.0015544658389564964,0.015833629337627757,0.019875133243817383,1.8550452400957358,1.879764295962284,3.4313881358215466,1.489019678545673,0.2074520484752686,0.00873690125526594
292144,0.0010836159513960407,6.04634113007063e-4,0.014188012081545048,0.007916601900522582,1.7907398386340474,1.879764295962284,3.4313881358215466,1.4412661582892212,0.20781981047961517,0.0076939733739309025
292145,9.696625156435696e-4,8.74236713592568e-4,0.012639802888144541,0.011395902759070022,1.67647968974096,1.879764295962284,3.4313881358215466,1.190235211495161,0.21148353351180277,0.006257131980178161
292149,0.0062588585598187625,0.007089578984743291,0.12257258755578034,0.1388412971048559,1.439168762983249,1.879764295962284,3.4313881358215466,1.7940780682089945,0.18540229345162665,0.006659948753764695
292151,0.005771690863226078,0.00492832356059811,0.08680455219415172,0.07412055321107196,1.5451686571272467,1.879764295962284,3.4313881358215466,1.4922537933196962,0.21187081254168752,0.019322605674302547
292159,0.006953407414825279,0.0037253049871378203,0.10926019038119218,0.05853641356536426,1.7192746004705894,1.879764295962284,3.4313881358215466,1.7603233568697507,0.19217683057294532,0.02125970566267698
292211,0.019597475959119627,0.021048962294736656,0.15324790462796756,0.16459820504387015,2.7072949039840033,3.143604506851555,0.6575901759017537,2.339695344762645,0.14157877333160468,0.0054346033622428135
292212,5.977053493693761e-4,7.491431177697395e-4,0.002679914717870104,0.003358911994380561,3.1431288751060293,3.143604506851555,0.6575901759017537,2.238447677190969,0.20549829104489198,0.001024791024391444
292219,0.013344272806597784,0.012300851331876245,0.08873432462477628,0.08179596978144409,2.5134858713859067,3.143604506851555,0.6575901759017537,2.2387848061488147,0.17329323256760687,0.01530353525026184
292221,0.001146450840135041,7.206052067910473e-4,0.005264716652730709,0.003309153868115628,1.8175702142090562,3.143604506851555,0.6575901759017537,1.1336728590643035,0.21460933125905018,0.009683183841335952
292229,0.013544864337489491,0.0019758384522791713,0.06384702711128395,0.00931359724888669,2.3055983870054124,3.143604506851555,0.6575901759017537,1.4580310517803232,0.19466516211624646,0.025399775360239712
292231,0.005613840555629754,1.1768679357722991e-4,0.042064844575792217,8.818342151675485e-4,3.0775498179223204,3.143604506851555,0.6575901759017537,3.5467933651398336,0.1823215567939546,0
292239,0.01660475427265854,0.01271807998015011,0.06722606054612419,0.05149045874071413,2.868352832976897,3.143604506851555,0.6575901759017537,1.5422472254254465,0.1894317624636,0.07372582637712563
292241,0.005603856643307832,0.0051871383479555515,0.05746994562427877,0.05319632135104946,1.1607516356102576,3.143604506851555,0.6575901759017537,1.441766354672325,0.176357172247035,0.002452017133903308
292242,4.5760190265585146e-4,1.9440884660944596e-4,0.0018293116649086005,7.771697818563227e-4,3.0701592930354136,3.143604506851555,0.6575901759017537,1.4996441419600437,0.17576667176912691,0.0030706733754053877
292243,0.017432540170803475,4.4455050749516687e-4,0.0749298816612422,0.0019108010991333766,2.522116057200914,3.143604506851555,0.6575901759017537,1.5701659867537183,0.20549829104489198,0.11546198029565533
292249,0.01529973335638599,0.016990123224359225,0.09252266340526866,0.10274502278468127,2.5352117550088833,3.143604506851555,0.6575901759017537,1.9516832821020529,0.17019276444234516,0.06310945841203666
292250,0.00986214349590414,0.009435791707088519,0.05928614466235375,0.05672313654558138,2.3608098057805496,3.143604506851555,0.6575901759017537,1.913969257720777,0.1811981142828784,0.019749873419370557
292310,NA,NA,0.0484366299147963,0.014567555005105147,NA,NA,1.8090269609481928,1.7591992869451638,0.14444673781897016,NA
292320,NA,NA,0.07360753245110879,0.005868798259957614,NA,NA,1.8090269609481928,2.019115984167869,0.16705408825956986,NA
292330,NA,NA,0.15695184524466707,0.20549704597996404,NA,NA,1.8090269609481928,1.5908849881238427,NA,0
292390,NA,NA,0.04865759469762335,0.018944899686058274,NA,NA,1.8090269609481928,1.7621966904371318,0.14188058622724936,NA
292419,NA,NA,0.14717839743433797,0.06393639297041934,NA,NA,3.471878741553735,1.860293321854483,0.14386388526792915,NA
292421,NA,NA,0.029047780677258588,0.04027529214842211,NA,NA,3.471878741553735,1.7065272109714804,0.19698797377551636,NA
292429,NA,NA,0.1189622631406639,0.08311867718868994,NA,NA,3.471878741553735,1.7951409720559701,0.19802637631928666,NA
292511,0.0053622799783984345,0.0047046230113762235,0.03606554817225236,0.031642288081301075,1.9792709037994667,2.224759599459023,1.1473866610217245,1.5882379779369213,0.20549829104489198,0.01818844806522535
292512,NA,NA,0.16899249418336415,0.025590551181102362,1.063648369399607,2.224759599459023,1.1473866610217245,1.0113842023534392,NA,0
292519,0.013989982514754867,0.0075557837713324475,0.12352041354407284,0.06671155843835101,1.9428721763464116,2.224759599459023,1.1473866610217245,2.164397034886638,0.19306171936864808,0.028966550606434674
292529,0.013148539204966952,0.01562452875954399,0.13645457419207885,0.1621502119437019,1.7542027003610696,2.224759599459023,1.1473866610217245,2.148874539038521,0.18106364141975664,0.05404533832880734
292620,0.009108566146295382,0.008816802544602272,0.08422803880777109,0.08153006466218099,1.7521201354629206,2.509828289540109,2.2477159228762646,1.237534096288037,0.21511137961694554,0.021989538003435078
292640,0.018425063818027616,0.00307149554150105,0.21352125662725985,0.035594426929726426,2.006552193026739,2.509828289540109,2.2477159228762646,1.7540961642007735,0.17209732301809527,0.0011831321395328585
292690,0.011232442017637416,0.009025053224866046,0.11845065623008331,0.09517284623577042,1.8060775818987866,2.509828289540109,2.2477159228762646,1.69395162480426,0.2069570875946653,0.030168994660226336
292700,0.0033444499696517437,0.0028499662213799875,0.023545391650534295,0.020064157479435282,2.4217284711387834,2.610696441849262,1.4846806722021966,1.799859242732983,0.1926494977620008,0.01782441425580609
292800,0.006648670022580507,0.007626125235775915,0.0798856340941914,0.09163003248358265,2.6789943759489554,2.884992599320867,4.138884908418663,1.7712614677439114,0.18360839222143532,0.020271628030443103
292910,0.0012338078946842854,6.602316660494955e-4,0.028057502168688284,0.015014048363469545,1.4574179983220008,1.56203451556184,5.168658754296567,2.098433287707842,0.21926790742479219,0.0043623424184529745
292990,0.007191102466835878,0.002209589794153967,0.23775084697853385,0.07305303289140568,1.3151711696815802,1.56203451556184,5.168658754296567,1.655325982884796,0.15693838212258376,0.01705827364864433
293020,0.010818719717839192,0.006953579608284133,0.0721449110988223,0.046370124722894604,1.9511776339871942,2.656638451196263,0.403402210300048,1.8887322042702908,0.17616248977251353,0.015608389125772192
293030,0.01821465511588386,0.01760699161216856,0.11641467624354712,0.11253093814365044,1.8971910019498641,2.656638451196263,0.403402210300048,1.9941000497906927,0.19772481910681686,0.035689950577159325
293040,0.002254414647159898,0.001805990273459886,0.015184787127180263,0.012164389497200324,2.4010463153269384,2.656638451196263,0.403402210300048,3.0754728649679133,0.21511137961694554,0.02874052168302915
293070,0.03957169553792041,0.04433005419899842,0.16670905078711412,0.18675523392154159,2.156760973257957,2.656638451196263,0.403402210300048,1.766780186906964,0.23884695032481262,0.05444002042404518
293080,0.16963761414008777,0.16435052029642438,0.9585744722209927,0.9286985911172462,1.0049456480732686,2.656638451196263,0.403402210300048,1.0059268561851225,0.24817962947553468,0.05633402659983535
293090,0.01640899304097712,0.010807381135437952,0.11447481873161623,0.07539603395243304,2.0672219190906818,2.656638451196263,0.403402210300048,2.4110274169492967,0.1951530121881575,0.03648211115414242
293120,0.02297038123553072,6.008530098344848e-4,0.17770677038337163,0.00464840556009812,2.1652251876542525,2.82779928551117,1.1148434650611505,2.3950035512538665,0.20953151146147192,0.042327445106366914
293131,0.012936566924396197,0.011746065885562785,0.0656514518836521,0.05960980867760054,2.1267547732742096,2.82779928551117,1.1148434650611505,1.146632921584641,0.20953151146147192,0.09526423316631358
293133,0.0031183515376304537,0.0024379516075587197,0.029932527089230068,0.02340148365406367,1,2.82779928551117,1.1148434650611505,1.177807868344956,0.23884695032481262,9.492891999879457e-4
293134,0.01855740713210326,0.013537429437392931,0.28580410888138663,0.20849103160567597,1.3098014382685323,2.82779928551117,1.1148434650611505,1.798987629310617,0.14444673781897016,0
293139,0.0018567815903140384,0.0016486286248283272,0.011013392907872755,0.009778745598899121,2.258945047458746,2.82779928551117,1.1148434650611505,2.217969164441068,0.24873959368319093,0.017133178584511827
293190,0.014665639544213547,0.024516894043669406,0.11849026768854672,0.19808296319899138,2.2330680588285468,2.82779928551117,1.1148434650611505,2.1742041678442865,0.18229994158617607,0.024985754158430518
293211,0.0015432228013910457,0.0014839943284247759,0.0065251937819287365,0.006274758612642571,3.329590284688338,3.631812903397331,0.9055543634641025,2.0443295370403254,0.20953151146147192,0.02430745202353621
293212,0.0039561211636341765,0.0077720578476488545,0.01423022339803684,0.027956201253682228,3.605184753363149,3.631812903397331,0.9055543634641025,1.8839885394253308,0.21511137961694554,0.12828866990827012
293213,3.2722730019420844e-4,2.1001421758443415e-4,9.201895475528234e-4,5.905769101293982e-4,3.618173745557909,3.631812903397331,0.9055543634641025,1.226344167589608,0.20953151146147192,3.625656069931118e-4
293214,0.023154004263049765,0.02685658845485925,0.3081121792243998,0.35738276202034386,1.0404827825899603,3.631812903397331,0.9055543634641025,1.5362495278784423,0.176357172247035,0.02917023303800393
293219,0.014360872037859572,0.016926508756622514,0.09083386956853584,0.10706176370045055,2.649710461048924,3.631812903397331,0.9055543634641025,2.04023678491437,0.17576667176912691,0.09933452037796214
293220,0.02864933776284238,0.019014370837057783,0.17519104858100074,0.11627310874084444,2.3475774147971697,3.631812903397331,0.9055543634641025,2.0399135015495404,0.2051809526149229,0.02744359025392838
293293,0.0222400096755532,0.024387486606541536,0.15768808901981252,0.1729143204109758,1.6143870716958277,3.631812903397331,0.9055543634641025,1.4744899707593324,0.20792823050852255,0.07065149185862067
293299,0.025249052414863176,0.03530524230346041,0.1155204604897926,0.16152993710760424,3.3043398999125535,3.631812903397331,0.9055543634641025,2.235886350953872,0.20779271905135857,0.04842873450485522
293311,0.001264067359446113,2.9764319062583017e-4,0.005725711711023327,0.0013482027595581743,2.8167634707247133,3.063588642310171,0.7641076015818336,1.4316467656668068,0.17209732301809527,4.918084708803945e-4
293319,0.010665465304728798,0.0076121305388597415,0.04846611305775039,0.03459111897754299,2.926584513537346,3.063588642310171,0.7641076015818336,1.844735405810523,0.19616814772730862,0.02730300053271137
293321,0.022844811454442324,0.020156150269739274,0.20431690676878345,0.1802703552048397,1.9887303701282986,3.063588642310171,0.7641076015818336,1.7540956369751528,0.14157877333160468,0.04759560132881249
293329,0.009750547855416167,0.013125884916804479,0.05520365538862684,0.07431344765059075,2.625408408490744,3.063588642310171,0.7641076015818336,1.7410622573416472,0.16853941727935795,0.024535663457025906
293331,0.029226106667231622,0.018890925753772585,0.1345268950179988,0.08695436633439539,2.613681083665951,3.063588642310171,0.7641076015818336,1.8238319845833373,0.21511137961694554,0.0393356751518921
293332,0.002581923262974316,1.582420080783334e-4,0.0094547326172505,5.794656629236617e-4,2.989837921839731,3.063588642310171,0.7641076015818336,1.4857849680388733,0.20549829104489198,0.06652965905446058
293333,3.1116662976329634e-4,3.6354080892038893e-6,0.001333748578237556,1.5582391897156217e-5,3.0580132667187216,3.063588642310171,0.7641076015818336,1.6256746925912746,0.1823215567939546,0.002562428962231339
293339,0.022722256319713294,0.021639421430293498,0.13726555535801216,0.13072413049395554,2.443013579189764,3.063588642310171,0.7641076015818336,1.858487269266933,0.1777031841238968,0.029501221237490056
293349,0.009134243775125703,0.026703189595576618,0.05032196842639208,0.1471120211803276,2.638760229184153,3.063588642310171,0.7641076015818336,1.755115069092084,0.17329323256760687,0.027719728495580045
293352,0.003958173869059637,0.0033171026849257166,0.018614886958942464,0.01559999473337092,2.150404669675747,3.063588642310171,0.7641076015818336,1.0797346001939636,0.1823215567939546,0.005711323521358632
293353,0.007122055879721764,0.004332080658081416,0.02967593498160394,0.018050763166619594,3.0236980014319768,3.063588642310171,0.7641076015818336,1.5329689439496468,0.1823215567939546,6.334686173121453e-4
293354,0.003485324378891073,9.726054946845424e-5,0.015620634382250946,4.3590533273317374e-4,3.0142006532026437,3.063588642310171,0.7641076015818336,1.6183256920636109,0.176357172247035,0.007478286390268323
293359,0.006037077946963888,0.009513098325025398,0.02862947325331364,0.045113711707073074,3.0140078776093526,3.063588642310171,0.7641076015818336,1.7109963109834976,0.1731659417922654,0.024598004165232102
293361,4.821758025043804e-5,2.057652945688165e-5,1.6065174694305305e-4,6.855705711700863e-5,3.0601805697266626,3.063588642310171,0.7641076015818336,1.3752616604029042,0.2098256889820609,1.2894148790149146e-4
293369,0.01400997460871614,0.015806984753599006,0.08286860054446697,0.09349786433899282,2.21801963099674,3.063588642310171,0.7641076015818336,1.5973731848448491,0.17999745899501352,0.039711427483379275
293379,0.00919643720884262,0.0066214865096392555,0.0433723383832592,0.03122832755494915,3.0226600111509225,3.063588642310171,0.7641076015818336,1.8239374244438396,0.18154709325957818,0.064840945225882
293391,0.0032151528687092592,6.12871272748717e-4,0.016386025947764834,0.0031234983181162895,3.0575323225144566,3.063588642310171,0.7641076015818336,2.0769568671897924,0.1823215567939546,0.009762934278288601
293399,0.015262968612745766,0.018748820796579385,0.08348057792270548,0.10254639416349544,2.5905985663187745,3.063588642310171,0.7641076015818336,1.7527664010084019,0.17762942835876122,0.019581284523408248
293410,0.032237784178744094,0.03437335335612919,0.2731923791410182,0.2912898147822289,1.9035984230124554,2.388657844236777,0.6176216128130003,2.079745254477529,0.1672096298493562,0.04796011171112046
293420,0.020202704809486095,0.025295884630229793,0.14180323473230022,0.17755237725878079,1.5666671848211844,2.388657844236777,0.6176216128130003,1.5978805471273778,0.20147390835028814,0.04415135945823135
293430,0.004498937161018488,0.004456346146016793,0.027104638803588862,0.026848041737085753,2.349785958887974,2.388657844236777,0.6176216128130003,2.2130357102266704,0.19995178975125305,0.002299774062828515
293491,0.001236706477164373,6.187167727608534e-5,0.006386634108456884,3.1951944275809184e-4,2.336719431379986,2.388657844236777,0.6176216128130003,1.5825167373886153,0.1823215567939546,0.004659163056690731
293499,0.019093954327722984,0.012833212478872598,0.1293823960680377,0.08695903170544482,2.281968906636195,2.388657844236777,0.6176216128130003,2.085462999405074,0.1748117447389655,0.018848975587192427
293590,0.042804404987836615,0.025243996583734364,0.306538942396992,0.18078204840950673,2.959973112493947,3.287029326510932,0.8545312926063671,2.9896331850749465,0.1813497682458517,0.048907327245718564
293621,0.0138459589329395,0.016349567978091843,0.132634602148107,0.15661742567419737,1.9666186451006424,2.245102826619053,1.52789579595458,1.9068292159369626,0.1823215567939546,0.023908967781638337
293622,0.01708263130203898,0.018742890943431696,0.23388553850639485,0.2566168562654581,1.2295345215047482,2.245102826619053,1.52789579595458,1.5413194683367142,0.1823215567939546,0.017386900424515822
293623,0.029401379503233255,0.02287336787881823,0.33903731140968324,0.2637605880930293,1.6097422825784233,2.245102826619053,1.52789579595458,1.856445550389772,0.1823215567939546,0.021199523887588948
293624,0.017181514255967936,0.018285301535090778,0.22307896745831546,0.23741016800630088,1.3353879093374053,2.245102826619053,1.52789579595458,1.6332363352254984,0.1823215567939546,0.018558457854017715
293625,0.012651691400743058,0.012184586498792817,0.15836483851215868,0.15251795290433845,1.2966771923534597,2.245102826619053,1.52789579595458,1.4313433588209308,0.1823215567939546,0.013775341176176358
293626,0.022912251482468872,0.014672361432776025,0.30694369814270256,0.19655811137148707,1.2239790917570992,2.245102826619053,1.52789579595458,1.461634600805432,0.1823215567939546,0.025827398356091272
293627,0.01433382704091639,0.013968534137271024,0.17847815832803066,0.17392970071745553,1.35704879796101,2.245102826619053,1.52789579595458,1.5528538083037289,0.1823215567939546,0.01473952921116845
293628,0.026556437711476345,0.02829975216188892,0.3460781810619807,0.36879670606042675,1.334414555764226,2.245102826619053,1.52789579595458,1.6426438808050896,0.1823215567939546,0.024717457310979615
293629,0.020952145874994395,0.013988936455386604,0.25078000424297037,0.1674360976945725,1.5625275594587502,2.245102826619053,1.52789579595458,1.8819135975597294,0.1823215567939546,0.022261142265309654
293690,0.04148906763587594,0.022761509701882815,0.49220604275584934,0.27003143854273987,1.6191773288722167,2.245102826619053,1.52789579595458,1.9743425662381424,0.1823215567939546,0.036251066590481794
293712,NA,0,5.895203494002893e-4,0,NA,NA,0.9587723749420218,2.101579725388168,0.1823215567939546,NA
293719,NA,NA,0.26450774835755797,0.09992326711569614,NA,NA,0.9587723749420218,2.71203732978498,0.1823215567939546,NA
293721,NA,NA,0.10044233318702082,0.10972584819431316,NA,NA,0.9587723749420218,1.9240146357520338,0.1823215567939546,NA
293722,NA,NA,0.014371151558298986,0.003755301125511227,NA,NA,0.9587723749420218,2.6887843118718613,0.1823215567939546,NA
293723,NA,NA,0.07395713240001749,0.1127184438380232,NA,NA,0.9587723749420218,2.5489105216892933,0.1823215567939546,NA
293729,NA,NA,0.04837165368576161,0.05915110641602361,NA,NA,0.9587723749420218,2.6858308427790516,0.1823215567939546,NA
293750,NA,NA,0.07756196443379712,0.0013717421124828533,NA,NA,0.9587723749420218,2.321909084875732,0.1823215567939546,NA
293790,NA,NA,0.32715778708417126,0.4147547187662614,NA,NA,0.9587723749420218,2.5724182668792026,0.1823215567939546,NA
293810,NA,NA,0.05447513048345291,0.0652265247807666,NA,NA,0.37336521832491126,1.6166824789575447,0.1798554642987613,NA
293890,NA,NA,0.1865868724229424,0.1594727350683647,NA,NA,0.37336521832491126,1.547982675055286,0.176357172247035,NA
293911,NA,NA,0.4335068263778065,0.5188087774294671,NA,NA,3.848754373403916,3.4217770665111806,0.1823215567939546,0
293919,NA,NA,0.17630416825018927,0.0028280542986425334,NA,NA,3.848754373403916,3.2434767802261777,0.1823215567939546,NA
293920,NA,NA,0.31930747642326557,0.6537681136265596,NA,NA,3.848754373403916,2.77196056842678,0.1823215567939546,NA
293930,NA,NA,0.22857523816664788,0.2560635307682915,NA,NA,3.848754373403916,1.810594189193095,0.1823215567939546,NA
293949,NA,NA,0.050101921407270406,4.915454187966969e-4,NA,NA,3.848754373403916,3.4052486222702267,0.1823215567939546,NA
293959,NA,NA,0.1723531369869271,0.022676110826943898,NA,NA,3.848754373403916,2.472757245049255,0.1823215567939546,NA
293969,NA,NA,0.14163393609020142,0.18032187271397224,NA,NA,3.848754373403916,3.4064276184472746,0.1823215567939546,0
293979,NA,NA,0.314078550893149,0.01907137272813499,NA,NA,3.848754373403916,2.70333934568448,0.1823215567939546,NA
293980,NA,NA,0.1846474007364224,0.16375145760453105,NA,NA,3.848754373403916,2.3795356939177936,0.14157877333160468,NA
294000,NA,NA,0.1565132826839853,0.1028266518922642,3.461105629729866,4.036044060110321,NA,3.6790491613251626,0.19609115176272576,NA
294110,0.0041138531643002295,0.002348529413533662,0.014267475452633797,0.008145061191818119,3.437637260255433,4.548160655738447,0.4121548806123621,1.7615291568993758,0.1823215567939546,0.0054219483005990355
294120,0.013366753462537032,0.012239876702167043,0.06071181687985603,0.05559354072450582,2.511977871815845,4.548160655738447,0.4121548806123621,1.635274038204937,0.17945093763999476,0.02548778695381044
294130,0.020464809114517375,0.013552320377159812,0.1131629495657291,0.07493940152372178,2.1953473790538083,4.548160655738447,0.4121548806123621,1.8011326199384357,0.1823215567939546,0.018665414959263042
294140,0.0022070568249869887,6.761122031006991e-4,0.01012782288174449,0.0031025683451672377,1.9200667344977544,4.548160655738447,0.4121548806123621,1.194257070888815,0.1823215567939546,0.0017074534736976573
294150,0.007284442837389599,0.002552829613184137,0.0286609786267291,0.010044226664200323,2.9391973814842776,4.548160655738447,0.4121548806123621,1.6962860971277307,0.1823215567939546,0.006267310004447644
294190,0.010662984918094703,0.006439705480293812,0.046620142066610554,0.028155341741969972,3.545399332132649,4.548160655738447,0.4121548806123621,2.414013132886815,0.1823215567939546,0.015021382295000867
294200,NA,NA,0.07323088037144246,0.030237894184690917,NA,NA,0.21808844221993617,3.697299972744854,0.16985082640930438,NA
300120,NA,NA,0.15923478128969693,0.9206739161261484,NA,NA,NA,2.5810097415717332,0.1823215567939546,NA
300190,NA,NA,0.17147209386737114,0.6110471928572234,NA,NA,NA,2.0849125905064354,0.1823215567939546,NA
300211,5.049012018973881e-6,5.5842577483608425e-6,5.5784865829970715e-5,6.169861907272585e-5,2.6104722357660646,2.610572915851084,5.150117322628081,2.417057164149592,0.26236426446749106,0.06956267396239671
300212,0.012656779812394207,0.02552736669293501,0.202262843338099,0.40794245035306664,2.5987439107889854,2.610572915851084,5.150117322628081,2.421599940305235,0.1823215567939546,0.023147603581884345
300213,0.03416569300278755,0.015677805274195884,0.5520349712936611,0.25331541742127706,2.570042607515178,2.610572915851084,5.150117322628081,2.4209080342454454,0.1823215567939546,0.02062530452470294
300214,0.02604145063184164,0.018461039061815922,0.4312756807828109,0.3057355483725475,2.5786414486843654,2.610572915851084,5.150117322628081,2.6359611458279457,0.1823215567939546,0.01685029200731401
300215,0.026089308091374122,0.0022934416184726097,0.36732740995751684,0.03229077469788689,2.605105740891374,2.610572915851084,5.150117322628081,2.5421982202095608,0.20972053638747443,0.020391138019629
300220,2.8353010119038993e-5,6.020983327761273e-7,4.423842758955782e-4,9.394375900294358e-6,2.6105538014253074,2.610572915851084,5.150117322628081,2.2761602479751737,0.1823215567939546,6.303862587740099e-5
300290,0.01566555049252496,0.007511285555473943,0.25625221766111167,0.12286728015044932,2.56636744738809,2.610572915851084,5.150117322628081,2.5037130017640115,0.1823215567939546,0.008705600139990118
300310,0.0024668206905404844,0.004765471530158204,0.08555019592021618,0.16526820316555796,1.3495367248893055,3.194500107907924,6.930480633655754,1.60260598294411,0.1823215567939546,0.0017216484785576287
300320,4.1572240651224535e-4,6.294006299004259e-5,0.006396339182542572,9.684009924614169e-4,3.097174388599693,3.194500107907924,6.930480633655754,1.7577578316833538,0.1823215567939546,7.083084722667884e-4
300339,0.008699131706032027,0.0026095308816514893,0.14558193549897905,0.04367108917683771,3.1502265130199136,3.194500107907924,6.930480633655754,2.6814667687252083,0.1823215567939546,0
300349,0.0012294167618994373,0.0015482520522569908,0.01783564645325557,0.02246111902844042,3.1065599361220397,3.194500107907924,6.930480633655754,1.2864095448657988,0.1823215567939546,5.888584981893749e-8
300390,0.01475217552157295,0.01381136635270875,0.25716480110960316,0.2407643046242376,3.050160458324263,3.194500107907924,6.930480633655754,2.7638128058001032,0.1823215567939546,0.010406216455203718
300410,0.008148215518884856,0.002390130209893238,0.03756679814889429,0.011019534146652271,4.104712873966815,4.161801417542693,0.5606688417781924,2.889675804540566,0.1823215567939546,0.007303909961979456
300420,0.05733977313482154,0.008179481898108456,0.3061454995888634,0.04367145935835192,3.9541779891354074,4.161801417542693,0.5606688417781924,3.2884927539777777,0.1823215567939546,0.018594981178949414
300431,5.8695210118807464e-5,2.5388090817985922e-5,2.366963861537699e-4,1.0238091550907406e-4,4.161654120111886,4.161801417542693,0.5606688417781924,2.499130654122058,0.1823215567939546,2.1535046735661277e-6
300432,0.045490890279706604,0.028146991106612444,0.21656500335828976,0.13399722858905083,4.1378975331171,4.161801417542693,0.5606688417781924,3.0308784777770654,0.1823215567939546,0.02592847711876275
300439,0.005847706753713946,0.0028602013502918105,0.02097455194088269,0.01025896891033004,4.155992954715606,4.161801417542693,0.5606688417781924,2.1571463978159424,0.1823215567939546,0.05486842272171708
300449,0.1284040161341069,0.08214016020886092,0.7637000313768693,0.4885395707817396,4.0524018223190446,4.161801417542693,0.5606688417781924,3.833681956458352,0.1823215567939546,0.07977484212500677
300450,0.040010605035745245,0.007977305286759532,0.20847039061018033,0.04156477882955464,3.798768632384039,4.161801417542693,0.5606688417781924,3.048025719792814,0.1823215567939546,0.003146940458583629
300460,3.8409775314313116e-4,3.787898780552268e-4,0.001608076032936659,0.0015858539120186545,4.009310503804958,4.161801417542693,0.5606688417781924,2.499691213548993,0.1823215567939546,1.4366105343959387e-4
300490,0.04918042855242387,0.0135998538648225,0.2655484155277374,0.07343204912016574,4.123759314246187,4.161801417542693,0.5606688417781924,3.4828109425699574,0.18159779088307904,0.03514665073448669
300510,0.04067874777981973,0.0380977489909291,0.266845112702734,0.24991423478006572,2.107369685419742,2.658159400112688,1.1426502878263485,2.4842622875261124,0.26236426446749106,0.039011147996497055
300590,0.03406803752882826,0.028297337824261772,0.22981146775167405,0.19088427777372557,1.880907840859697,2.658159400112688,1.1426502878263485,2.186219270619053,0.26236426446749106,0.035653157806014496
300610,0.01610088311345462,0.0023478125303764293,0.07153716249413986,0.010431467970285732,3.1077950854013427,3.117510828401522,1.1813139625426197,2.4414419143013752,0.26236426446749106,0.00451556074881023
300620,0.0025490229879537073,2.963658706575816e-4,0.011142859985558478,0.0012955408471567462,3.113089603963997,3.117510828401522,1.1813139625426197,2.3891053571438476,0.26236426446749106,0.015335873924124162
300630,0.008661736244069783,0.0030408592604828336,0.05062299152848262,0.017772117303632155,3.1008430721809046,3.117510828401522,1.1813139625426197,2.122842918130936,0.1823215567939546,0.07657070896882
300640,0.01897157147996843,0.005713935959781914,0.08452796608607038,0.02545848062910324,3.1077547539142865,3.117510828401522,1.1813139625426197,2.451544964030438,0.26236426446749106,0.048661933986856115
300650,0.026202528642391053,0.02811459938933213,0.1821397719228631,0.19543101318057884,1.4819330763369247,3.117510828401522,1.1813139625426197,1.5213674623151796,0.26236426446749106,0.02771575135429758
300660,0.08591141999031811,0.05008123619817099,0.6241629516391799,0.36384979099067505,3.072616909291888,3.117510828401522,1.1813139625426197,2.8886777615868917,0.1823215567939546,0.11753675494122676
300670,0.038617217613478555,0.04303973758942738,0.2888480715428925,0.32192752276588465,2.8443455539945277,3.117510828401522,1.1813139625426197,2.5280652901602068,0.17435338714477772,0.04585964449614766
300691,0.013099440244713774,0.023136448190412377,0.059131140822821095,0.10443839969721327,3.0927300111590874,3.117510828401522,1.1813139625426197,2.350996299163692,0.2530191045892654,0.004464506975567458
310100,NA,NA,0.15190245538848596,0.08176573885634172,NA,NA,NA,4.101657585246354,0.21511137961694554,NA
310210,1.3035624402067618e-4,1.215890204654128e-4,0.002817963826615171,0.0026284391972106746,2.379548534771902,2.383251513103281,8.539300727722495,2.5259568605998957,0.21511137961694554,0.007026653485333728
310221,2.44438510700966e-7,6.869895042273758e-9,4.678176335442138e-6,1.3147920236289245e-7,2.383196699299602,2.383251513103281,8.539300727722495,1.2720823574135125,0.21511137961694554,4.847725666286957e-6
310229,2.579270529697061e-6,3.8104114100461605e-7,5.030283470525099e-5,7.431345146298663e-6,2.3829168505988343,2.383251513103281,8.539300727722495,1.4576565799628487,0.21511137961694554,0.003046886511152622
310230,0.001255932905204247,6.928890418969483e-4,0.027117622489577303,0.014960594939003287,2.36972048020564,2.383251513103281,8.539300727722495,2.4671090791714354,0.21511137961694554,0.004547347989569437
310240,0.002750458622013588,0.001057918619415732,0.058165251767289275,0.022372306332887323,2.359259551815082,2.383251513103281,8.539300727722495,2.193117893866568,0.21511137961694554,4.0352125073044156e-4
310250,5.6892462914075314e-5,3.8476131770636316e-5,0.0011374383953225845,7.692447705333129e-4,2.382326084374222,2.383251513103281,8.539300727722495,1.7063073907199175,0.21511137961694554,0.005835329290040846
310260,1.2066746498623118e-4,1.2063454793183886e-4,0.0025003219979883758,0.0024996399314908694,2.378051047612114,2.383251513103281,8.539300727722495,2.060319650532151,0.21511137961694554,0.0015951961198996823
310290,1.612327298476834e-4,1.7316681324039103e-4,0.0034086153386658417,0.003660913366142829,2.382292725492233,2.383251513103281,8.539300727722495,2.294561216244651,0.21511137961694554,0.004229535148775215
310319,NA,NA,2.272694396050478e-5,4.367730505856395e-6,NA,NA,3.617640870906138,1.9473307420529367,0.21511137961694554,0
310390,NA,NA,0.002339121358161505,5.008298067285875e-4,NA,NA,3.617640870906138,2.7896286842669555,0.21511137961694554,NA
310420,NA,NA,0.0010383792666232312,3.0517321255951486e-4,NA,NA,NA,2.451696546334174,0.14842000511827325,NA
310430,NA,NA,9.734771224943188e-4,5.144120839814574e-4,NA,NA,NA,1.9215295428722605,0.14842000511827325,NA
310490,NA,NA,9.709630771920133e-4,3.798409622772765e-4,NA,NA,NA,2.1241438458022635,0.14842000511827325,NA
310510,4.589465369121723e-4,3.0940581115895e-4,0.006483815089880262,0.004371162882688778,2.43004634401893,2.496091528531935,3.874601913196865,1.2207656978579737,0.14842000511827325,0.0048050703342707715
310520,5.508285617948002e-5,2.6685026623855433e-5,8.964146094267998e-4,4.3427028621435837e-4,2.4912911790805357,2.496091528531935,3.874601913196865,2.142805365779839,0.14842000511827325,0.0018833593381014238
310530,1.254004115814043e-4,5.41435648914331e-5,0.001392948978294886,6.014272397168795e-4,2.489438202105645,2.496091528531935,3.874601913196865,2.0738092866768505,0.21511137961694554,0.0030623005822877137
310540,5.716831043242924e-4,3.4816356897961193e-4,0.00623839809210327,0.003799277830730152,2.4830544203327385,2.496091528531935,3.874601913196865,1.9540396847802453,0.21511137961694554,0.002025241616250564
310551,6.169373710665123e-4,3.558590914683708e-4,0.006385637647258133,0.003683335324088378,2.386989419180996,2.496091528531935,3.874601913196865,1.440077492177854,0.21511137961694554,0.01026530356347843
310559,3.553976647551495e-5,1.4782275963053734e-5,3.806889280168569e-4,1.5834231195360545e-4,2.470814659395389,2.496091528531935,3.874601913196865,1.8186346668046887,0.21511137961694554,3.871454565768533e-5
310560,3.2611059716092374e-4,2.3317007086676752e-4,0.005140501167254546,0.003675474001441212,2.4631923659643826,2.496091528531935,3.874601913196865,1.8881685632101877,0.14842000511827325,9.198955885785846e-4
310590,8.34053924216952e-4,3.803677805956054e-4,0.009662218075614449,0.004406425458045356,2.476148138488095,2.496091528531935,3.874601913196865,2.2959315823311073,0.21511137961694554,0.006544469339129264
320110,NA,NA,0.369325569971393,0.4419511850184441,NA,NA,0.5798870245971623,2.4762031073063793,0.21511137961694554,0
320120,NA,NA,0.06349262266687804,0.031026061891989275,NA,NA,0.5798870245971623,3.6137778641937643,0.21511137961694554,0
320190,NA,NA,0.06753914308097168,0.07388662959994824,NA,NA,0.5798870245971623,2.611752168483406,0.21276320228299395,NA
320210,NA,NA,0.003382486645688356,0.0029052093277964625,NA,NA,5.068798626998339,2.7004156421078935,0.20549829104489198,NA
320290,NA,NA,1.5770212862703124e-4,1.4335208298938787e-4,NA,NA,5.068798626998339,2.609915759285867,0.211309093667207,NA
320300,0.007626587483931013,0.002419616802111507,0.03913150037281806,0.012414888833754016,2.9217408587964164,3.029896360067528,0.7683321285266648,2.108921083450414,0.19192879918940078,0.03743152625731616
320411,7.553946808014665e-4,3.191978140164124e-4,0.008603254378710755,0.003635371099248373,2.2017005983778914,2.326000179127277,3.875634654312472,1.5106055999643893,0.21480214753919877,0.0031402708121226167
320412,0.002031453600244857,9.149251185358528e-4,0.02631528298506771,0.011851864793523008,2.2672677573186224,2.326000179127277,3.875634654312472,2.2142731677567773,0.20735130342149571,0.011764815005116929
320413,0.002342753551260281,5.499778427977932e-4,0.030957134470903123,0.0072674046428611895,2.204014891820666,2.326000179127277,3.875634654312472,1.8500018054226486,0.19659618969836884,0.007104906886376636
320414,4.7173354336659586e-4,1.619853764898916e-4,0.005962565269733596,0.0020474447781907335,2.3076484888464752,2.326000179127277,3.875634654312472,2.1183311093972748,0.20549829104489198,0.005415556972406835
320415,5.054810570439371e-4,1.4425040259965897e-4,0.005951937385127482,0.0016985193650451136,2.14171642025061,2.326000179127277,3.875634654312472,1.526883157221171,0.21423023898114557,0.004287817020822318
320416,2.7464549157072814e-4,1.5947318547606838e-4,0.003383478187742109,0.001964620068955602,2.2492558904163857,2.326000179127277,3.875634654312472,1.8186344541912662,0.20549829104489198,0.00199361990517587
320417,0.00551606032743377,0.005946136032600486,0.0780163359752631,0.08409910677858652,2.0883519927701784,2.326000179127277,3.875634654312472,2.1726946685902684,0.20477417560331557,0.018508244145879815
320419,0.0016564695372790728,2.949783413942246e-4,0.021994072701089953,0.003916628069435173,2.2396966698044216,2.326000179127277,3.875634654312472,2.20598488711726,0.20450684123642182,0.015256530709322019
320420,0.0012755298241223202,2.6376451269584156e-4,0.014404478437365144,0.0029786761264353014,2.260877104159595,2.326000179127277,3.875634654312472,1.779417431307487,0.22148929121818328,0.006434305352885735
320490,0.0012174780900972642,5.286591247953656e-4,0.015088619283862873,0.006551852004449757,2.225582300978271,2.326000179127277,3.875634654312472,1.8159762390230156,0.20634939351256398,0.005691191925568357
320500,NA,NA,0.027854846569303073,0.022570567498583393,NA,NA,0.374410059082298,1.9782507067165553,0.2063364467219339,NA
320611,7.584181372385962e-4,8.741295486515151e-4,0.011105853908329013,0.012800267540573349,2.8778035861684,3.002906204587215,4.136739114838451,1.8507539996949576,0.14208251361377278,0.0073743157733367
320619,0.0020404389739633795,0.0013876719760470453,0.03265896222071025,0.0222108709051115,2.921064608853004,3.002906204587215,4.136739114838451,2.506204477310959,0.14208251361377278,0.014354795272056929
320620,0.004526743728672621,0.0028693666888458297,0.04707158397592907,0.029837261207482882,2.8838249783217917,3.002906204587215,4.136739114838451,2.146609399162069,0.20953151146147192,0.00416588058753611
320641,0.005169908945722963,0.0025943453552765647,0.05164665087839408,0.025917139011278057,2.9612931302044627,3.002906204587215,4.136739114838451,2.158906236951094,0.21281370181263287,0.017640168591405846
320642,0.0022405481265958724,7.032881936027059e-4,0.023245571206123833,0.007296578720518889,2.6923119412151846,3.002906204587215,4.136739114838451,1.7782182179500723,0.2117582275887724,0.007179337988581466
320649,0.0064114876915297905,0.004969986061403155,0.06972142549084093,0.054045882881194315,2.878104462963786,3.002906204587215,4.136739114838451,2.4362786848250537,0.21001523971723401,0.030195522592019502
320650,0.0027589909759737265,8.843534132940044e-4,0.02905543738564444,0.009313287158424392,2.796220360109043,3.002906204587215,4.136739114838451,1.9146732128231327,0.20549829104489198,0.02848947235708154
320710,5.688701500021363e-4,1.924021383366299e-4,0.015902347429295645,0.0053784605326136405,1.9720434693877689,2.037090849827116,9.569107306368256,2.0305301222324337,0.21041652266251623,0.005205211964376016
320720,3.8076619945981025e-5,1.6370604971499413e-6,9.95704336227682e-4,4.28091631555466e-5,2.032713973224647,2.037090849827116,9.569107306368256,1.4757415075391638,0.20778370867117213,1.7866727123780425e-4
320730,1.0461092038369425e-7,4.495200848233237e-6,2.8676506917082145e-6,1.2322485811732393e-4,2.037083932973111,2.037090849827116,9.569107306368256,2.1808959864897473,0.21041652266251623,6.036529146162621e-5
320740,8.52431722341521e-5,4.621199252068362e-5,0.0022655589625104554,0.0012282038676729955,2.0321383744930004,2.037090849827116,9.569107306368256,1.548830711405879,0.20585205420414876,6.251806838752778e-4
320810,5.955447894912874e-4,1.6433352830633668e-4,0.004081195432767268,0.0011261575233447053,3.1764373180833307,3.181600947964887,0.8822998353499462,3.678726691737652,0.20953151146147192,9.30523228349274e-4
320820,0.0053769755121786875,0.003955434047686242,0.03340253046200638,0.024571714334395915,3.1176035067707524,3.181600947964887,0.8822998353499462,3.178541872688156,0.209678484786888,0.031400971780336
320890,0.0013284415858555013,0.0010706601282354537,0.009484058123734332,0.007643695436115625,3.163351126005699,3.181600947964887,0.8822998353499462,3.866385371528958,0.2102685093677844,0.002020735116396046
320910,0.0013619324630619182,0.0011057673801806174,0.009715382194463338,0.007888021622212209,2.8997721119089506,2.909055706835791,1.7159191910049836,2.576244610804467,0.2074952219920171,0.007317307117149541
320990,0.0018232594710316998,0.0013139638258495862,0.013166647163403824,0.009488774557495167,2.894685249990237,2.909055706835791,1.7159191910049836,2.597595329361454,0.20634939351256398,5.940497374980984e-4
321000,NA,NA,0.007176157530413831,0.00514757325608379,NA,NA,0.978290120562787,2.5953304751800235,0.21236006742206626,NA
321100,NA,NA,0.010353869724518973,0.011965943728765728,NA,NA,NA,2.4476931551550227,0.20953151146147192,NA
321210,0.008440902531763066,0.00424513035539522,0.08818135551470077,0.04434849800323007,1.7972492842972574,1.95173152767672,1.773495275416233,2.1332208476646146,0.20807296245020895,0.01239241790345419
321290,0.007982987076572749,0.005391773304850038,0.08650168080169779,0.0584239268957312,1.8942002569235865,1.95173152767672,1.773495275416233,2.545322204131312,0.21041652266251623,0.06035807873931724
321310,0.01924617215510209,0.012815088021998931,0.22769764699227338,0.15161276564984283,1.6353114812730627,2.860097661881415,2.1170964563363985,1.8586884160973838,0.20549829104489198,0.0517821375760408
321390,0.02312452662975477,0.012826484862691633,0.2207409837014977,0.12243843652910903,2.0369822078477573,2.860097661881415,2.1170964563363985,1.9657309337508873,0.2099731007507272,0.05742103615278028
321410,NA,NA,0.015281516591557683,0.009954254352895561,NA,NA,0.176678103075575,2.5968287711499314,0.20953151146147192,NA
321490,NA,NA,0.004424154285202996,0.001636875707129885,NA,NA,0.176678103075575,2.190856087953411,0.2126244506473851,NA
321511,0.0017517119839612248,0.00149000749616077,0.01105722449002824,0.009405283247316766,2.7566054951181713,2.772041630219558,0.7096277261313445,2.9914293974950095,0.21270012484267356,0.002304148635431763
321519,0.0017550644048191582,7.853274277327992e-4,0.011118330103379873,0.0049750479565285,2.7575239872285886,2.772041630219558,0.7096277261313445,3.0060115906474003,0.21270012484267356,0.004983535140745265
321590,0.0015629710812971236,0.0018442500156270996,0.009658154689480971,0.011396277352887327,2.6549569429029836,2.772041630219558,0.7096277261313445,2.758318674647128,0.21138378982502706,0.012783511117830586
330112,0.02198870603485687,0.016488345842236678,0.11850539240910296,0.08886188623895429,3.08483663397871,3.088614389897298,1.5415545255638,2.461380552766365,0.2407730850143432,0.04232938122793042
330113,0.021473416915686425,0.01232881315195433,0.1285083334483178,0.07378216693571364,3.0865781960701026,3.088614389897298,1.5415545255638,2.3261424358468705,0.20938473660952822,0.039124256021144145
330119,0.00917887956732018,0.012946826090309702,0.04943218386495243,0.06972418398889622,3.086392061618538,3.088614389897298,1.5415545255638,2.5269111235278605,0.2447707025223229,0.028943136232010388
330124,0.003955771386319639,0.0012702968729651554,0.01877959676417599,0.006030596997485763,3.075621929461244,3.088614389897298,1.5415545255638,1.9320003035333213,0.23789544767864268,0.006116597626951569
330125,0.05794210583060601,0.020248782969651595,0.33323653577067947,0.11645476452143053,2.859938578394588,3.088614389897298,1.5415545255638,2.5068603309459685,0.2461330695389085,0.023858984310241794
330129,0.032879600513428524,0.02965811333437429,0.17466119575204364,0.15754818969335727,2.8418097003167966,3.088614389897298,1.5415545255638,2.245425813914919,0.25085811885804066,0.05169147364621216
330130,0.007967272919626142,0.0017789662986785184,0.03605776455384246,0.008051129739632488,3.027441592576876,3.088614389897298,1.5415545255638,1.8308125871442684,0.2461330695389085,0.0035592685718194503
330190,0.008945254599442622,0.008814617085642911,0.043099115970670794,0.04246969158763259,3.030183900775136,3.088614389897298,1.5415545255638,2.0232608485938046,0.24417005410422726,0.010485891550921915
330210,0.008982461516611211,0.017957918797498383,0.08382511382925235,0.1675848635202038,2.2343223143437676,2.238585073444739,2.435411198575887,2.664721681309665,0.2446002417663824,0.006069972647250875
330290,0.0018278494107106071,0.002718959197010909,0.019776279356182803,0.029417574731851606,2.1918318130938736,2.238585073444739,2.435411198575887,2.665817413745329,0.21511137961694554,0.007798783570320456
330300,NA,NA,0.09411061203308985,0.15006603777779995,3.18768988767739,3.209143597541578,NA,3.431253292227636,0.21511137961694554,NA
330410,0.042511634683070176,0.04892046699321545,0.1957219839266579,0.22522800936525225,3.695470194872195,4.246034960987015,0.6236540137173359,3.0362095348593012,0.21511137961694554,0.14925572569368986
330420,0.041392637392593065,0.044317412438074404,0.18251160301759198,0.19540774628465932,3.6929792573817366,4.246034960987015,0.6236540137173359,2.8790838300302712,0.21511137961694554,0.15375646919517127
330430,0.02920765739297678,0.051686064115153973,0.1326237638890611,0.23469189162741091,3.24955475754174,4.246034960987015,0.6236540137173359,2.5503821354060134,0.21511137961694554,0.13533304349183475
330491,0.040543085248753566,0.03972510530644702,0.1872004419015701,0.18342356587630226,3.556420685599044,4.246034960987015,0.6236540137173359,2.9087192443355967,0.21511137961694554,0.15117243227479996
330499,0.032389509260542806,0.04307460121242786,0.14686558320801538,0.19531559980201701,4.00880791735589,4.246034960987015,0.6236540137173359,3.2865039213974057,0.21511137961694554,0.09911199749952734
330510,0.017333216603750812,0.018876514668400367,0.13998596685831313,0.1524499010875653,3.1120004131410983,3.298979762923826,1.8441226567793416,3.562279760961182,0.21511137961694554,0.038052766887432365
330520,0.0012276645164282169,5.905615230808303e-4,0.007957791034254596,0.0038280532919704696,3.274944431070811,3.298979762923826,1.8441226567793416,2.722342499558006,0.21511137961694554,0.0019506777640515608
330530,0.0510537948386974,0.04190383748495211,0.36493743693716124,0.29953266153681934,3.0824228056901752,3.298979762923826,1.8441226567793416,2.8955241916771817,0.21511137961694554,0.09221521507313579
330590,0.021748228534987413,0.022524147300619465,0.16515639941024024,0.17104873907185772,3.1912954268098535,3.298979762923826,1.8441226567793416,3.369047659080969,0.21511137961694554,0.04305831375725822
330610,0.004866249068722248,0.0014781204982173431,0.032029396825300635,0.009728911801352885,2.504032663979696,2.604060214062538,2.3352771852655687,1.988856354837062,0.26236426446749106,0.0015687594694459362
330620,0.03902213625588518,0.04768179490216682,0.4386003621484136,0.5359330502779096,1.4714705333313807,2.604060214062538,2.3352771852655687,1.7355201576524146,0.2461330695389085,0.07090520416579704
330690,0.013392420641622499,0.005003872065614442,0.11720569858812485,0.043792107251560415,2.528517102780185,2.604060214062538,2.3352771852655687,2.424854061954895,0.21511137961694554,0.0347450732486428
330710,0.02900239594746841,0.04001404306942409,0.21416460116890124,0.29547874564020205,2.9814793957341816,3.074490766035107,1.7383513631565335,2.836290684135358,0.20778370867117213,0.11379928594823396
330720,0.025849200762903965,0.022512383268807404,0.18817087882299896,0.1638803065111002,3.034072931566401,3.074490766035107,1.7383513631565335,2.8509101188316337,0.20778370867117213,0.11425022338420524
330730,0.022995622151984096,0.029279068545492812,0.19519822255243224,0.24853522554413282,2.15722041097578,3.074490766035107,1.7383513631565335,2.054626933468205,0.2071357886302438,0.060668156215640014
330741,0.009965679711091937,0.00521994859838988,0.062391644857165786,0.03268027756911695,2.6625488428857316,3.074490766035107,1.7383513631565335,1.7865133850986457,0.2114586055517202,0.02170824698141558
330749,0.017653957592890675,0.02850202664700359,0.12395922832710202,0.2001301527054678,2.7676279810636952,3.074490766035107,1.7383513631565335,2.26891295807356,0.20620704178331134,0.05024424358460765
330790,0.007433126702459208,0.008031117032675686,0.05168099978298512,0.05583870344703276,2.863862585357687,3.074490766035107,1.7383513631565335,2.384676487672143,0.2070640584086893,0.02620553819314717
340111,0.04301649002732826,0.0403942964828774,0.22692127267384293,0.21308863556361138,3.2089961308825217,3.474473515909049,0.905225687830308,2.736211464804473,0.21511137961694554,0.10415663675443622
340119,0.0528789518341908,0.051409956178198005,0.2847672655668799,0.27685633198032933,2.2136212088339464,3.474473515909049,0.905225687830308,2.028912082889715,0.2461330695389085,0.07033859772076914
340120,0.026291622166095232,0.017988020390766444,0.14309170265946525,0.0978994924287026,3.264604962987163,3.474473515909049,0.905225687830308,2.9167779061836208,0.21511137961694554,0.0742840701873412
340130,0.042020756990280864,0.054951441339812473,0.2229447130553808,0.291549562620152,3.208473047127195,3.474473515909049,0.905225687830308,2.7046133298046082,0.21205871888971664,0.1018852546427889
340211,0.0028132794781898242,0.001810819472481887,0.020747628272111275,0.013354595437183151,2.4056903801264458,2.489768139295198,1.257493930622835,2.446536834740111,0.20877537556498593,0.011599288261909044
340212,0.003796880792549916,0.005845321235185315,0.024400773986731388,0.03756514100191449,2.375016199668913,2.489768139295198,1.257493930622835,1.9338985188916018,0.2090917978585593,0.02309421036979552
340213,0.0019533894054957284,0.0019869524972644637,0.021842783823722754,0.022218086032231566,2.399256041213731,2.489768139295198,1.257493930622835,2.611072080241796,0.144196345930367,0.011323758473268187
340219,6.768661470926031e-4,6.121560112965512e-4,0.005044439135512572,0.004562177845187945,2.466050835073608,2.489768139295198,1.257493930622835,2.5893540380284525,0.2093114110266568,0.010008368529445767
340220,0.010034303956315764,0.005896891737081206,0.07729248100447227,0.04542272135247602,2.391992485031087,2.489768139295198,1.257493930622835,2.649708745727871,0.21205871888971664,0.021264060488074044
340290,0.0026695383344785737,0.0019883076631240447,0.020586179244559365,0.015332860149542488,2.420622130147383,2.489768139295198,1.257493930622835,2.651566862829033,0.20941406012372654,0.00799408543368852
340311,0.0015924431439233006,3.433300431822811e-4,0.009646371834163937,0.002079753535323306,3.334191624657085,3.38383211610858,0.40550666482352554,3.8603290982106278,0.21120953068446957,0.0030985747601705166
340319,0.002258863454950917,0.0011181750727955783,0.011856813744456468,0.00586932049512453,3.358563633528192,3.38383211610858,0.40550666482352554,3.3065731710526185,0.21056476910734967,0.006431730316350941
340391,0.0013167798499625547,0.0015636039868319723,0.007466320370401075,0.008865846708131108,3.329811489414645,3.38383211610858,0.40550666482352554,3.4810795108647947,0.20585205420414876,0.014937071622201821
340399,0.002441860500135611,0.0016211748403128449,0.012803762046881698,0.008500541652811179,3.3581633746723916,3.38383211610858,0.40550666482352554,3.2129783626079043,0.20549829104489198,0.012912577896741521
340420,0.005708586740981705,0.0027057998111071997,0.029687932957694806,0.014071714600114766,2.654501003440191,2.818296119535678,0.5363574637538367,2.4332403554744597,0.21511137961694554,0.019627987725382604
340490,0.0037682869520954346,0.0032532918641411017,0.01981960206418396,0.017110944831329522,2.7642770018699423,2.818296119535678,0.5363574637538367,2.591132395024326,0.21511137961694554,0.018925316518935583
340510,0.01690695252935608,0.011243821473646186,0.05799293810110631,0.038567698206335925,4.621654587282758,5.24810119577505,1.0186691130736167,2.3914586342311432,0.21511137961694554,0.046804778277329755
340520,0.030632001728160097,0.04131636041895109,0.0900685524646461,0.12148421801052318,4.648388827690315,5.24810119577505,1.0186691130736167,1.9214412951837172,0.21511137961694554,0.1746403684841586
340530,0.010911674762452316,0.00857046072311152,0.03433827591232669,0.02697063937596888,4.876217181954022,5.24810119577505,1.0186691130736167,2.2822394872954925,0.21511137961694554,0.03198539382255941
340540,0.00861483099537156,0.0029084936365835505,0.02701268467868747,0.009119879604975569,5.161992980444504,5.24810119577505,1.0186691130736167,2.4631145435020545,0.21511137961694554,0.007315991512406079
340590,0.016782117666500857,0.01734189162428327,0.05516855410823491,0.0570087223451639,5.037812544652433,5.24810119577505,1.0186691130736167,2.5437927940500686,0.21511137961694554,0.033296415533510815
340600,0.012067246823755132,0.00941820597666978,0.07511318155078314,0.05862409427274205,2.631464481628809,2.752270812353792,1.2930281248390307,2.7385533606739063,0.2461330695389085,0.01376810301262291
340700,0.027490891269802906,0.026609182518748987,0.3803949025880948,0.36819458826665125,1.4264765195271738,2.015224589756766,3.408721704350653,1.7699118045600024,0.26236426446749106,0.029829500482963248
350190,2.710615347136139e-4,7.845961032396068e-5,0.002789805140165243,8.075178368941554e-4,3.678361950501123,3.678471203624402,5.496320381339255,3.596925173034842,0.24019196781599297,0
350211,NA,NA,0.0029977715318795562,0.008303027283747655,2.7986549629299846,2.837024062424767,NA,2.1786706430709932,0.21511137961694554,0
350290,NA,NA,0.3799573486731502,0.01219304474975826,2.787270787787394,2.837024062424767,NA,2.481507666827198,0.21511137961694554,NA
350300,0.014646301037616152,0.01614698185261368,0.08085447404843076,0.08913893834419838,3.140953757105691,3.289024383344569,1.4697200040299871,2.7695676436334815,0.2444867024997207,0.039333233310239336
350400,NA,NA,0.2303557871113676,0.09801915014879045,NA,NA,2.297381398172399,2.7867192756727457,0.23732818630616606,NA
350510,0.02688154370985007,0.017677455306746654,0.13549070425212398,0.08909945406219041,5.9027325630084935,6.591023613776386,4.465262238785568,2.8575579445437906,0.2461330695389085,0.04787801122153941
350520,0.0072906707963305215,0.006647903430425397,0.03549152265590785,0.03236248375581352,5.6517579638312725,6.591023613776386,4.465262238785568,2.1485023814411712,0.24038537199372986,0.002163678190596582
350610,0.004284154579395737,0.0041212578292551365,0.05739527188302765,0.05521292689759062,1.6647326831501468,1.905721994195661,2.6050523613121452,2.048472788995728,0.20865393259467924,0.023655594229036483
350691,0.002363440263569155,0.0016337830122890762,0.02794059021986492,0.019314582373073763,1.838685529676746,1.905721994195661,2.6050523613121452,2.0357368435952137,0.21349781660801678,0.0021770445038121096
350699,0.0011810652676859875,0.001205720141234627,0.013725535886229254,0.014012058029349513,1.7899956104720385,1.905721994195661,2.6050523613121452,1.8030884228413986,0.21190835433542224,0.006149941772565481
350710,3.1032318602634146e-4,2.9458716338914308e-5,0.002142147400150322,2.033522323137482e-4,2.838451792986028,2.842535260833743,2.6415818095726116,1.5732479138265494,0.21511137961694554,0
350790,0.011876603442895232,0.013744106923855437,0.10504047029831774,0.1215572669453552,2.716269585000033,2.842535260833743,2.6415818095726116,2.5261582251816406,0.21511137961694554,0.061268467919556466
360100,NA,NA,0.06244059350509308,0.05814766592651927,3.579565625646427,3.596975380432805,NA,3.6796480213192875,0.2397098580945548,NA
360200,NA,NA,0.04198813188492751,0.008182137168017935,NA,NA,NA,2.0042819455808316,0.2461330695389085,NA
360300,0.04362662348680479,0.010812582248276428,0.17798775207471165,0.044113136765574705,3.245522256847059,3.321766959485988,0.6315588222690396,2.579844115198239,0.24253347659469016,0.006661448330786424
360410,0.06804942418780792,0.05640440596473453,0.4302040047480037,0.35658496190197736,1.0415245701667573,2.127634397114514,0.5047932123922675,1.1593170279202225,0.2527333646758595,0.06853678886079323
360490,0.044189205539298844,0.0016620212409188203,0.24379259850589818,0.009169399452887875,1.8058297624268782,2.127634397114514,0.5047932123922675,1.8226633112338315,0.23361485118150505,0.08843962648263495
360500,NA,NA,0.13094940875123218,0.09478484122649111,NA,NA,4.072009821239688,2.361504290065364,0.2461330695389085,NA
360610,1.1879035991642844e-4,8.876847963669133e-5,0.36259361449802996,0.2709553528384529,2.0789956132686007,2.627719033300043,1363.0280042369802,2.045106640238238,0.21511137961694554,2.30649637036006e-4
360690,7.611163970507212e-5,5.931674026229316e-5,0.218904083137283,0.1706004060893243,2.153783138658784,2.627719033300043,1363.0280042369802,2.403312965426745,0.2204271587197064,2.311773367259634e-5
370110,9.97430121009561e-5,1.027115126731002e-4,8.615338748684069e-4,8.871744059351828e-4,2.8251920207305057,2.827453601639561,3.0688914129939975,2.044242839313368,0.20953151146147192,0.003067374630774683
370120,0.004815201475462012,0.0010261911259562084,0.04262180198718944,0.009083340581781136,2.8236189300886405,2.827453601639561,3.0688914129939975,2.16799041887924,0.20953151146147192,0.052986623812101924
370130,0.003705926788271314,0.0017706484855353668,0.033341242516186954,0.015930055810598427,2.530963875678032,2.827453601639561,3.0688914129939975,1.8292833597370202,0.21511137961694554,8.457216723231109e-4
370191,2.9957331572637243e-4,3.9829065989334703e-4,0.0024350643341183678,0.00323748254468907,2.774590152290691,2.827453601639561,3.0688914129939975,1.656692721267085,0.20953151146147192,0.003441911226348892
370199,3.997890086531095e-4,4.593856417820857e-5,0.0032738544180864588,3.7618885972393707e-4,2.8240438532223435,2.827453601639561,3.0688914129939975,1.905767804686794,0.21511137961694554,0.022327991109899505
370210,NA,NA,0.006039010819092124,0.031764308974095705,NA,NA,1.7464588570594908,1.857211609358083,0.20953151146147192,0
370231,NA,NA,0.009533221663471718,0.0020365918803418796,NA,NA,1.7464588570594908,1.3553722468285974,0.20953151146147192,NA
370239,NA,NA,0.1632930046617423,0.01741771574678761,NA,NA,1.7464588570594908,1.453935533516075,0.20953151146147192,NA
370242,NA,NA,0.024429672879971265,0.019360871434342636,NA,NA,1.7464588570594908,1.6536161391475155,0.20953151146147192,NA
370243,NA,NA,0.003932561215909607,0.0039403616573742495,NA,NA,1.7464588570594908,1.244366052084975,0.20953151146147192,NA
370244,NA,NA,0.12663389593459123,0.09931803507707722,NA,NA,1.7464588570594908,1.9029313785554192,0.20953151146147192,NA
370253,NA,NA,0.02186612598786833,0.0047930792611643675,NA,NA,1.7464588570594908,1.5691193757417936,0.20953151146147192,NA
370254,NA,NA,0.31221193522330704,0.2290170784146689,NA,NA,1.7464588570594908,2.0588525551626558,0.20953151146147192,NA
370255,NA,NA,0.08924654326769035,0.06108840610884061,NA,NA,1.7464588570594908,1.850707761106346,0.21511137961694554,0
370256,NA,NA,0.024665794827085162,0.015702284682421297,NA,NA,1.7464588570594908,2.597091200019902,0.21511137961694554,NA
370296,NA,NA,0.037495108425159844,0.08727233883458847,NA,NA,1.7464588570594908,1.9745493263938407,0.20953151146147192,NA
370298,NA,0,0.05152112415280505,0,NA,NA,1.7464588570594908,1.280806845604568,0.20953151146147192,NA
370310,2.9243377480627717e-4,1.5666839215402702e-4,0.003439592040029427,0.0018427261178507106,2.364307220357553,2.402582876579864,2.9158635095287866,2.9171036882683374,0.20975205318622492,0.0028490466083797724
370320,1.2046642036036808e-4,8.181682759716242e-5,0.0013391922524763982,9.095352988206141e-4,2.399124136258094,2.402582876579864,2.9158635095287866,2.6802730062512437,0.2098256889820609,4.669978898070059e-4
370390,0.0015281980481824022,0.001294127526396869,0.016043202551451648,0.0135859027290918,2.3556062378787925,2.402582876579864,2.9158635095287866,2.2739168438237063,0.20986250667164957,6.32544850642693e-4
370400,NA,NA,0.14819612628979525,6.504081961839253e-4,NA,NA,NA,1.7590178955365103,0.21511137961694554,NA
370500,NA,NA,0.008535468165406925,0.010306758675201899,NA,NA,NA,2.3116092820733165,0.21511137961694554,NA
370690,NA,NA,0.03210327460202483,0.0010637392562335122,2.363162675470269,2.38270046983928,NA,1.3811133578456276,0.21511137961694554,0
370710,6.54413261130716e-4,2.7905665375711926e-4,0.004181272464409394,0.0017829893916709676,2.5893843164602672,2.653200723991616,1.3003198871372643,2.1833628680415917,0.21056476910734967,0.005756551819382961
370790,0.002626208414920027,0.001830028412193661,0.01816841038927057,0.01266034600600125,2.639061554768295,2.653200723991616,1.3003198871372643,2.6270395318602877,0.21511137961694554,0.010933270595226325
380110,NA,NA,0.2029228451639745,0.16040852209863368,NA,NA,1.5788164995304996,1.303910299320653,0.21321856900680775,NA
380120,NA,NA,0.03379791560978648,0.013710126317930532,NA,NA,1.5788164995304996,1.6655720757027874,0.21511137961694554,NA
380130,NA,NA,0.0012312452962794465,0.0011721643487248828,NA,NA,1.5788164995304996,1.1949174083860679,0.20778370867117213,NA
380190,NA,NA,0.08655114024123034,0.09691369616990234,NA,NA,1.5788164995304996,1.5084049049131882,0.20778370867117213,NA
380210,0.0027658904541140996,0.0020075061121160153,0.041226571919653426,0.029922586047177045,1.5883235791140142,1.656575357404678,2.7937095055458334,2.128892101914795,0.20792823050852255,0.007305456564290647
380290,1.8418006133930182e-4,1.8458271089231018e-5,0.002581936858567678,2.587581420277769e-4,1.652714536081573,1.656575357404678,2.7937095055458334,2.0382728446976306,0.20855686422247832,3.3716722804099394e-4
380400,NA,NA,0.004530813892872221,0.0014078002270677679,NA,NA,2.506590708116456,2.2482406992847164,0.21228463584036011,NA
380590,NA,NA,0.003884878039977223,0.0038942238152596714,NA,NA,3.1068935659532717,2.423310044086887,0.21228463584036011,NA
380610,0.0042863271286060385,0.004572099800146477,0.022967760927538636,0.024499038919776103,4.022636694212144,4.232664097823289,1.399337404015022,3.0762892180672443,0.20763936477824457,0.020573404810214427
380620,0.009493673027549766,0.007760506724334605,0.0378648325107886,0.03095222328207976,4.198277934368536,4.232664097823289,1.399337404015022,2.1091692314248833,0.20953151146147192,0.013001600645351599
380630,0.020289124723519934,0.011517201939640159,0.11611285526821363,0.06591192178743832,3.944323191161968,4.232664097823289,1.399337404015022,3.239377701848849,0.20549829104489198,0.042392091071265584
380690,0.008103239681338447,0.005386838431462849,0.033823909987649496,0.022485320117510702,3.786167049609293,4.232664097823289,1.399337404015022,1.9005166064965509,0.20879968060325016,0.01908781936695633
380700,NA,NA,0.021474138868812016,0.02550057347190871,NA,NA,0.7127407007200378,2.2823190821942845,0.2149566398147211,NA
380859,0.0037953825159332774,0.0014445923908853766,0.03400716263542312,0.012943751564564928,1.9380052046760308,2.650244394939893,1.7453049014295403,2.3166660707498257,0.233919825170907,0.012838322988369757
380861,6.325589428186205e-4,0.001293893322660952,0.006671335345409926,0.013646153223594583,1.7198904240034425,2.650244394939893,1.7453049014295403,2.242718875745027,0.21985947611301987,5.125222329790006e-4
380862,0.0020573407005460747,7.095503731552434e-5,0.016372334647112644,5.646607854108863e-4,2.0779900733939973,2.650244394939893,1.7453049014295403,1.670562023225305,0.20656326017269633,0
380869,9.33321593306978e-5,4.9101010948889124e-5,6.750997093921307e-4,3.551624484011287e-4,2.644990938344066,2.650244394939893,1.7453049014295403,2.206667246505337,0.20656326017269633,0.0010691487796489366
380891,0.0027718737936607844,0.0025620019105616785,0.020699515487405243,0.01913225571370413,2.506310492785676,2.650244394939893,1.7453049014295403,2.1719706109912913,0.20929676602898023,0.011539422055241265
380892,3.5489012124830405e-4,2.2152812623517406e-4,0.00269743821451683,0.0016837843532955836,2.6364393172762104,2.650244394939893,1.7453049014295403,2.456435770882801,0.209678484786888,0.003952586655639546
380893,0.005356719443935176,0.0025212521976571965,0.04159912979077108,0.019579501690041797,2.24304551367643,2.650244394939893,1.7453049014295403,1.8862824474014201,0.20848415980671237,0.013479871611022775
380894,0.011899824753093738,0.013032087262857074,0.15451295160134748,0.16921478343509772,2.262023819233985,2.650244394939893,1.7453049014295403,2.448718887454174,0.1427938136493665,0.008751772885491997
380899,0.011276950025366746,0.009172040334858222,0.09457818382289603,0.07692460415891805,2.346837781338628,2.650244394939893,1.7453049014295403,2.3904159513254215,0.21012069674248865,0.05002065746357639
380910,2.674257089558511e-4,2.7998593145261573e-4,0.001564132436046084,0.0016375952735864661,2.5046600087563053,2.506704089615911,0.2211992942118378,3.2974633327022818,0.24019196781599297,9.914515418508777e-4
380991,0.0027609521621708823,9.572535051628297e-4,0.019205214613047288,0.0066586662592838025,2.4621037383641373,2.506704089615911,0.2211992942118378,3.310389436381655,0.20620704178331134,0.005392394951295117
380992,8.977681950668488e-4,7.909025668947407e-4,0.005702067925184715,0.005023323596689629,2.4937706306453102,2.506704089615911,0.2211992942118378,3.0392682530094177,0.20585205420414876,0.009895199337342288
380993,0.0015630945158491792,6.752397369239452e-4,0.010434664093962785,0.004507660775630933,2.4275190177904555,2.506704089615911,0.2211992942118378,3.1146857777809713,0.20585205420414876,0.005023780665757834
381010,0.002070419680709114,2.6542466874745503e-4,0.012387189744579164,0.0015880189728203849,2.6846883465065967,2.7217264076807832,1.1623434105597856,2.1728265619905183,0.20763936477824457,0.002602989292978207
381090,0.0011958945660923586,0.0012190963170449238,0.007078667121684534,0.007216001529156667,2.697319064507235,2.7217264076807832,1.1623434105597856,2.1798725732687805,0.20933584149759227,0.024200145936659933
381111,0.0016323465162364113,0.021738204618006247,0.013716224691864813,0.1826610318168032,2.543124868004075,2.550687474477894,2.5338213458287213,2.0629542656192226,0.21511137961694554,0
381119,1.928308130142749e-4,1.6401053677451183e-4,0.00153173687088022,0.0013028052024640824,2.492705321160409,2.550687474477894,2.5338213458287213,1.5351711557113612,0.20549829104489198,8.324984971148672e-5
381121,4.0070143058909584e-4,4.7605403187391096e-4,0.0037202731718035276,0.004419877015426877,2.540104893868745,2.550687474477894,2.5338213458287213,2.3125178056411166,0.20549829104489198,0.003360957142832091
381129,0.007065927317347584,0.0076062522462355476,0.06909299465401965,0.07437647207267835,2.5051502520707203,2.550687474477894,2.5338213458287213,2.5001048507522317,0.20549829104489198,0.01754213215435866
381190,8.426484034308526e-5,2.3077259496786574e-4,7.797270334918512e-4,0.002135405824693718,2.548871228040246,2.550687474477894,2.5338213458287213,2.312947402622679,0.20549829104489198,0.00979325391673686
381210,0.0041074250153769615,0.003166905420014526,0.03380002067167589,0.026060480291424035,2.2292850581928274,2.990901570020843,1.9925021659452116,1.796859057945425,0.20656326017269633,0.011056493820358724
381220,0.001870804097288006,0.0013054346360883977,0.013651856840292208,0.009526174756658215,2.962145178955734,2.990901570020843,1.9925021659452116,2.472511912007417,0.20656326017269633,0.011465233404395581
381231,0.013172200387803524,0.013393894067128025,0.1053392729955845,0.10711217731834156,2.2887434068252133,2.990901570020843,1.9925021659452116,1.768792070952429,0.20549829104489198,0.016740570797516126
381239,0.00345714631194033,0.0038314106726259397,0.024944391132338553,0.027644825466746795,2.864652883629525,2.990901570020843,1.9925021659452116,2.341419151183452,0.209678484786888,0.018267699759818436
381300,NA,NA,0.026223246123155027,0.015934902076457837,NA,NA,1.799961073837414,2.1348234363368115,0.21228463584036011,NA
381400,NA,NA,0.017566292107183745,0.005959047666794523,NA,NA,1.05244416835789,2.1772821242137903,0.20585205420414876,NA
381511,0.01964634457683707,0.023521622632933156,0.13651519904309267,0.16344307629304253,2.755357241197895,2.901910821017352,1.1651851233883967,2.953328908378998,0.21511137961694554,0.018731433404182433
381512,0.0024387128860626412,0.0037025312879318275,0.012865254001915663,0.019532436861064487,2.8975582550744163,2.901910821017352,1.1651851233883967,2.122977237542548,0.21511137961694554,0.14586955277901636
381519,0.0213715571882823,0.03350899512147543,0.13624970457631633,0.2136292945678987,2.6592746947862462,2.901910821017352,1.1651851233883967,2.481732794680421,0.21511137961694554,0.08274016747197126
381590,0.007129157410370934,0.006129212165510791,0.04946477728847872,0.04252678083384486,2.8093517389412734,2.901910821017352,1.1651851233883967,2.9226562474301474,0.20971527438758336,0.02337560271697595
381600,1.7514563304262847e-4,1.1512339719584375e-4,7.762803735436016e-4,5.102498545141963e-4,3.34282919549103,3.350571080573379,1.1976739999953412,1.9442061372851558,0.21205871888971664,9.951942695028682e-4
381700,NA,NA,9.6142654981631e-5,6.817514738561069e-5,NA,NA,NA,1.9782505694303711,0.20549829104489198,NA
381800,6.558147588076396e-4,9.332469389144726e-5,0.027740743852125854,0.003947603181464928,2.649018966376368,2.888699543372954,14.881009334678389,1.7498398876899712,0.14842000511827325,0.0018489602290994206
381900,NA,NA,0.0032217012347595694,0.003137434215374441,NA,NA,NA,2.4348725845546437,0.20549829104489198,NA
382000,NA,NA,0.014158594531340425,0.015491859442031797,NA,NA,NA,3.039462814136027,0.23361485118150505,NA
382100,NA,NA,0.08339015809390345,0.04521231514772666,NA,NA,NA,2.2488546347100664,0.2513144282809061,NA
382200,0.03623204819066189,0.02237907488652375,0.2519379971288117,0.1556119398726016,3.12162555680027,3.33397364057284,2.766880409482786,2.9280218674082086,0.26236426446749106,0.03570186254569542
382311,NA,NA,0.00348174709302513,0.0014739066995384095,2.5363565544060904,2.53880031055111,NA,2.67315672622678,0.2386560243318417,NA
382312,NA,NA,0.13182089473011954,0.11297884213043667,2.440946162485118,2.53880031055111,NA,2.5471429406612933,0.23980613151307267,NA
382313,NA,NA,0.08735537939092836,0.05602661724948004,2.511452271434834,2.53880031055111,NA,2.3465657564902043,0.23980613151307267,NA
382319,NA,NA,0.10139900601557653,0.02681596045303586,2.5203036316624456,2.53880031055111,NA,2.6585130142410267,0.24067603007585037,NA
382370,NA,NA,0.04542644443885402,0.022810632837106937,2.5316726863174517,2.53880031055111,NA,2.7287885895301174,0.239870351586148,NA
382410,2.62665974012432e-4,3.1693405266027574e-5,0.0017113642717244955,2.064940524766921e-4,2.9739379358740945,2.981898658312713,1.644957144755726,2.3505695465121526,0.20620704178331134,0.0020587210009863407
382430,0.002967727613448206,0.0026508182811409886,0.01868691801560491,0.01669143208072013,2.895653904749532,2.981898658312713,1.644957144755726,2.1781297123949632,0.209678484786888,0.0782404480887238
382440,0.0021280668072308916,0.002328297645433884,0.013737565225450438,0.015030139401511902,2.8760058089895524,2.981898658312713,1.644957144755726,2.2415355981787535,0.20933584149759227,0.0055509287094078355
382450,8.795219452169111e-5,4.350322790980005e-5,4.25466471290381e-4,2.104457423624494e-4,2.9813495833672343,2.981898658312713,1.644957144755726,1.457422554099059,0.21511137961694554,0.0013479369125097367
382460,0.0030401281956052655,0.0030613817965400515,0.02102600315829056,0.021172996393979057,2.361810746186219,2.981898658312713,1.644957144755726,2.219431039992335,0.23657607556322835,0.001056980303387223
382478,0.011104660145062518,0.011651287429177374,0.08262693492218248,0.0866942486842637,2.1281813688937388,2.981898658312713,1.644957144755726,1.6730273619190779,0.20953151146147192,0.015231649454124776
382479,0.0022208117972806253,0.0013729167384233974,0.012076150897052234,0.0074655356760043,2.8574508937795526,2.981898658312713,1.644957144755726,1.5791068349804833,0.2074952219920171,0.05217999502461178
382481,0.0014119784433286615,0.013676225811957946,0.009118211598454412,0.08831772284546835,2.846451859783993,2.981898658312713,1.644957144755726,2.171805338978313,0.20763936477824457,0.0502303444816663
382482,0.0033657061128993795,0.003369430132613709,0.057203949820739945,0.05726724371204361,1.0008801397363498,2.981898658312713,1.644957144755726,1.8847607592125935,0.2074952219920171,0
382483,0.0019086878659414159,8.733809810380198e-4,0.012889268337160052,0.005897895630838917,2.5740304193402053,2.981898658312713,1.644957144755726,1.9642908114022235,0.20763936477824457,0
382484,6.854937334537996e-4,1.0137402380706872e-4,0.005416550364227324,8.010248362283172e-4,2.8587900237800117,2.981898658312713,1.644957144755726,2.9970923760753863,0.20549829104489198,0
382485,0.0032322021177641205,1.4149551256022647e-4,0.02826634456181003,0.0012374105226884702,1.673815123278996,2.981898658312713,1.644957144755726,1.3631052488087798,0.20549829104489198,0
382487,8.115128188304254e-4,1.1355638928742459e-6,0.005556426374647995,7.775203321566861e-6,2.7848588303876194,2.981898658312713,1.644957144755726,2.350373352550146,0.20953151146147192,0.11220861208907063
382491,0.012962976609703959,0.007111836350409624,0.13433621253138422,0.0737004461415031,2.742942125325856,2.981898658312713,1.644957144755726,2.422726794446917,0.14310084364067333,0.024320985870383956
382499,0.005025479302093795,0.00433986418727197,0.037551871040899645,0.032428751667041324,2.8192485201874207,2.981898658312713,1.644957144755726,2.4217322839357847,0.19304277567415784,0.027598113425330476
382520,NA,NA,0.18787885359849923,0.01497752894576478,NA,NA,NA,NA,0.2461330695389085,0
382561,NA,NA,0.13660676658418247,2.3681390571254345e-4,NA,NA,NA,NA,0.21511137961694554,NA
382569,NA,NA,0.001999831044672894,4.705183670908162e-7,NA,NA,NA,NA,0.21511137961694554,NA
382590,NA,NA,0.013767149455632757,1.843944401226915e-4,NA,NA,NA,NA,0.21511137961694554,NA
390110,7.912649141825739e-4,3.792692563144665e-4,0.006362896948491235,0.0030498650330691057,2.982579502033312,2.989700452197049,0.8035617191692096,4.125147810726589,0.20549829104489198,0.003169167615582982
390120,2.0021246491314012e-4,1.0234844735478492e-4,0.0015430533351800946,7.888075955201937e-4,2.9886685340093724,2.989700452197049,0.8035617191692096,3.929866448333786,0.20549829104489198,0.005887822560824228
390130,3.3354642875970466e-4,3.3341535957190534e-4,0.00196350951470249,0.0019627379411668792,2.9804819024924343,2.989700452197049,0.8035617191692096,2.900012920611154,0.2110852549899075,0.004997228271941262
390140,6.110388079697945e-4,3.379652913961781e-4,0.004388738964023432,0.002427409558103323,2.9888930566221905,2.989700452197049,0.8035617191692096,3.6079714336248823,0.20549829104489198,5.667446999797623e-4
390190,0.006862695821051325,0.008119107762493492,0.05893101201011599,0.06972001230117636,2.5638051998878253,2.989700452197049,0.8035617191692096,3.323582289727453,0.1874629511397342,0.03173177398470212
390210,6.36301298452721e-4,4.2622876495296985e-4,0.006828909174169101,0.00457436992563103,2.403101559172822,2.42316278989414,2.4618428935037535,2.8380716479669332,0.20549829104489198,0.0033652038193458904
390220,0.012690970134447576,0.010566633654496206,0.12180409140644001,0.10141535263857474,2.37891721564671,2.42316278989414,2.4618428935037535,2.337346517153274,0.21019457697340668,0.027294944706191857
390230,0.0013936837710141006,8.15049130651049e-4,0.015471305793287772,0.009047873412259284,2.408282968331381,2.42316278989414,2.4618428935037535,3.0320280871931717,0.20549829104489198,0.0022092727527013665
390290,9.11595518114319e-4,6.304920111817986e-4,0.013239978627862274,0.00915724198639387,2.409093544723281,2.42316278989414,2.4618428935037535,2.491939347202053,0.14157877333160468,0.004297392478992956
390311,4.293638496007866e-5,3.684573254076646e-5,7.763812967109559e-4,6.662493275775987e-4,1.5781140686074315,1.57875874789885,3.9447475116188775,1.9192826375880063,0.20549829104489198,0.003920785431873258
390319,4.976705711422401e-4,3.6253868511819804e-4,0.009580050868795346,0.0069787912863062415,1.5672172796966004,1.57875874789885,3.9447475116188775,2.2548469389042123,0.20549829104489198,0.010591965436520535
390320,0.001305239084279075,0.0010838132227716391,0.024320063994885354,0.020194313251711875,1.5502835826049406,1.57875874789885,3.9447475116188775,1.9912540424962595,0.20549829104489198,0.012310998509227393
390330,0.001528088184051858,0.0019845467864421508,0.030223098499722066,0.039251107121912356,1.5651857969487166,1.57875874789885,3.9447475116188775,2.416827930727499,0.20549829104489198,0.002857804086534965
390390,0.003235648767561298,0.001731433080152987,0.06584401044436825,0.03523389156334261,1.5582663098234084,1.57875874789885,3.9447475116188775,2.5716084265222805,0.20549829104489198,0.010657847700836573
390410,3.544423241641084e-5,2.7393911187569512e-5,3.5304858794774427e-4,2.7286192996126045e-4,2.2764122422665527,2.279180717179091,2.6092416140587695,2.0503518804733685,0.20549829104489198,3.114364392843754e-5
390421,0.002831812815914727,0.00290225003616097,0.028671685744234246,0.02938485217679217,2.1791575677737858,2.279180717179091,2.6092416140587695,1.9248003295093696,0.20549829104489198,0.009954527618331899
390422,0.0010983800638630634,7.386782439672352e-4,0.010884207006506011,0.007319804121594186,2.2135850242541326,2.279180717179091,2.6092416140587695,1.8983916377636147,0.20549829104489198,0.006243065615289134
390430,0.00467468682833474,0.0035803611613076506,0.04721149872440974,0.036159473908590624,2.2400391642763893,2.279180717179091,2.6092416140587695,2.166147606629407,0.2110852549899075,0.01964219354079202
390440,1.21776856211017e-4,5.753475446637721e-5,0.0012316752351168722,5.819178983564175e-4,2.278517276146543,2.279180717179091,2.6092416140587695,2.1659346718925345,0.20720757692100178,2.987592498758856e-4
390450,0.005419051444846034,0.003480898503447844,0.05955647904275979,0.0382557834854538,2.058054631190651,2.279180717179091,2.6092416140587695,2.038809059104668,0.20549829104489198,0.016328033926428624
390461,0.0036463287904716633,0.003426210001440563,0.05561715188246174,0.052259698173482666,2.1536808362872653,2.279180717179091,2.6092416140587695,2.0648092494020096,0.14228501756471773,0.021051892046895032
390469,0.013526328176622315,0.01616644972829249,0.1499783468827513,0.17925170626888248,2.0960402329741328,2.279180717179091,2.6092416140587695,2.275816829038955,0.21019457697340668,0.025809289317247026
390490,7.805636919190539e-5,2.4936252146646783e-5,8.106507991869308e-4,2.589742892307414e-4,2.27370842104839,2.279180717179091,2.6092416140587695,2.354186614820473,0.21019457697340668,1.0775915552014477e-4
390512,0.0021516420552320794,7.602683711832875e-4,0.010846433676887566,0.0038325150062125074,3.229658386357603,3.235935372103095,1.381958311354699,2.022206086329168,0.2090917978585593,0.020551447705789178
390519,0.0011097443081331804,7.574768337132763e-4,0.0053054432257609455,0.0036213299826293515,3.2275090069535186,3.235935372103095,1.381958311354699,1.8443302252473994,0.2090917978585593,0.11140206449391704
390521,1.7399309905789342e-4,2.3023618975650278e-4,9.251823629448574e-4,0.0012242466122375693,3.2351613792851346,3.235935372103095,1.381958311354699,2.2149408932156427,0.2090917978585593,9.031007678156251e-4
390529,0.0018606658669631944,3.091099866521925e-4,0.009900038890388284,0.0016446805112078958,3.1960092729316942,3.235935372103095,1.381958311354699,2.1736469277936155,0.2090917978585593,0.007540483825501206
390530,0.004067940212712452,0.003466932784258614,0.019996275244037638,0.01704197667162553,3.087526338246287,3.235935372103095,1.381958311354699,1.8092815765339185,0.2102685093677844,0.01669353315459995
390591,0.007601779902935135,0.006748740785164007,0.04968299532449053,0.04410778280308269,3.2056255448956428,3.235935372103095,1.381958311354699,2.312252081958285,0.17632600007883314,0.08944390928351303
390599,0.005931767452300897,0.0052266882864119135,0.04130090459890452,0.036391675166155865,2.784207486552254,3.235935372103095,1.381958311354699,2.0852469980279635,0.1788555885952609,0.015183553522393122
390610,8.478558122782888e-4,4.22792553891954e-4,0.004330070025282561,0.0021592366744539347,2.632239918412285,2.648726306789164,0.2559023696462137,2.510428324586279,0.2057812052389309,0.05784955697448499
390690,0.005601779016946944,0.005177509791377193,0.032838652832409554,0.03035150905829586,2.554320413744384,2.648726306789164,0.2559023696462137,2.5677383507086495,0.18857091230664835,0.026933204704276344
390710,2.139527361490018e-4,1.352237002169053e-4,0.0025618681515157072,0.0016191673785117592,2.659621484744909,2.664592250527736,1.628858660692599,2.879899149219421,0.14157877333160468,0.0050590845380636676
390720,0.0021765565650025786,0.0021299320864231978,0.02535704908791662,0.02481387037570407,2.4866269709112228,2.664592250527736,1.628858660692599,2.472592441410741,0.14157877333160468,0.01134709721663167
390730,0.0011337687777427446,0.001000974919493631,0.013486844147789213,0.011907183369376257,2.643813602799072,2.664592250527736,1.628858660692599,2.836417591854175,0.14198146527277233,0.011853629194629869
390740,0.002234152328413507,0.0018565295519548568,0.01834200584524627,0.015241787885613608,2.5943982129078513,2.664592250527736,1.628858660692599,2.7693288799505127,0.20649191914812232,0.019334791846797338
390750,0.001812753215299604,0.0013679578828029435,0.014977486257999032,0.0113024598264559,2.656683887294382,2.664592250527736,1.628858660692599,2.8818870210341987,0.20549829104489198,0.013639710205031883
390761,5.086419825849457e-5,4.5272079531929656e-5,4.4981560995801964e-4,4.003619198956314e-4,2.662549648531396,2.664592250527736,1.628858660692599,1.7047773538088151,0.14157877333160468,5.9880458907308614e-5
390769,2.0278060037081015e-4,1.4827284319440375e-4,0.001976962999960728,0.0014455521107950647,2.6541396878156633,2.664592250527736,1.628858660692599,2.034623306010386,0.14157877333160468,8.854868676456524e-4
390770,5.831886282552393e-4,4.070479618714152e-4,0.006758282761817068,0.004717076243716421,2.6360803251394924,2.664592250527736,1.628858660692599,2.6961212677341457,0.14157877333160468,0.01264907912541221
390791,0.0015134407027391618,0.0014017473063116844,0.011543552871754147,0.010691627438036911,2.641545221856004,2.664592250527736,1.628858660692599,2.580979675114814,0.208945624920434,0.0020018076600527785
390799,9.446138737725221e-4,7.223443390519766e-4,0.009367561589487297,0.007163355602499219,2.630150822670333,2.664592250527736,1.628858660692599,2.6973217595901535,0.16586384806989674,0.01289763410797825
390810,8.557574750180612e-4,4.8633555960206994e-4,0.010063402393431078,0.005719132554941245,2.988597961518998,3.057497459991519,2.9339603385031627,2.048870189971725,0.14177984049232062,0.003755404319909337
390890,0.0033338251909216187,0.0024604686832238685,0.028536139055190143,0.02106057530449192,2.954150591899093,3.057497459991519,2.9339603385031627,2.3810795244532974,0.21019457697340668,0.006646871692168749
390910,6.451205492792958e-4,5.704096656447092e-4,0.002942577959352997,0.0026018004104863225,3.557188920001272,3.572092271729165,1.1113181000681984,2.222963280861969,0.20549829104489198,0.004793440897090986
390920,6.552972982631131e-4,5.18141955489506e-4,0.002722969432987697,0.002153045206330002,3.55754615810568,3.572092271729165,1.1113181000681984,1.9265096636286712,0.20549829104489198,0.005773272117288525
390931,0.016878342354333196,0.022164221000177144,0.1443585078558843,0.18956801587521968,1.8023874701495874,3.572092271729165,1.1113181000681984,2.056563685361896,0.20549829104489198,0.058933397386404573
390939,0.00170370347440076,3.997560409976487e-4,0.007291346279801999,0.0017108374586028146,3.4968871144400113,3.572092271729165,1.1113181000681984,1.9640955841301406,0.20549829104489198,0.016552856646362513
390940,0.003541435267232351,0.0027387901576750957,0.01725894480960211,0.013347308254863742,3.4830265550538604,3.572092271729165,1.1113181000681984,2.3768702898294656,0.20549829104489198,0.008774118704766343
390950,0.004127351146393003,0.002796596532607668,0.019833122536119605,0.013438459619256665,3.460238849843309,3.572092271729165,1.1113181000681984,2.394777898722992,0.21086186795592987,0.018044071266240108
391000,0.0024174632064909805,0.0029542305123471755,0.0504337638206093,0.06163194688188151,1.775140996168371,1.859190692804568,3.3299428970752136,2.0466501454406205,0.14518200984449786,0.012955547351005086
391110,0.005686980080169494,0.005027773531551664,0.05072939056540897,0.04484909100453686,2.150097521378747,2.633149070256266,1.9092685010849573,2.042942218186228,0.20606488699862513,0.023865587027663598
391190,0.008785524503920608,0.007757909949024762,0.08115493928523033,0.0716625069581706,2.4512205276281387,2.633149070256266,1.9092685010849573,2.360836382774318,0.18858575930567195,0.030701669862544
391211,0.007010295899095648,0.005656647639981059,0.04705167773430104,0.03796626642353545,1.6588506873921849,2.794216988187753,0.5356773666210858,1.766556791553726,0.20677757221703036,0.025957301689361213
391212,3.7255580662860636e-4,6.616537492243118e-5,0.001801720315410219,3.199829342435071e-4,2.7845033994373725,2.794216988187753,0.5356773666210858,2.24882263963933,0.20677757221703036,0.01816505807896412
391220,0.02074171862563709,0.02289353505203009,0.11147477897762441,0.12303955164000611,2.498348047557955,2.794216988187753,0.5356773666210858,2.248465976781196,0.20735130342149571,0.04443376690399886
391231,0.006569649508549564,0.006760588780027107,0.04890482256817235,0.05032618472466994,2.5340658794282818,2.794216988187753,0.5356773666210858,2.1369205891282688,0.14167924816287786,0.03335918996880744
391239,0.0017044831025340775,0.0013904149183502884,0.012775109079485324,0.010421166523305846,2.728476744218131,2.794216988187753,0.5356773666210858,2.407603564612508,0.14392609538363377,0.018504864297285775
391290,0.0020681298105078858,0.001549840053605174,0.015436620394695804,0.011568080716424083,2.746202344709008,2.794216988187753,0.5356773666210858,2.393374495013231,0.14289600853286372,0.03355953659191412
391310,7.556021094783092e-7,3.9674241631886694e-8,5.091343772648848e-6,2.6733012061935034e-7,1.7185696873688137,1.718579856034765,0.7707024954799592,1.984113139563881,0.23789544767864268,6.238453585783939e-8
391390,0.008154863534869829,0.0084669977239755,0.09321764153774982,0.09678562435282866,1.5199562351606881,1.718579856034765,0.7707024954799592,2.0121911181094396,0.16017108146105224,0.03855613906323394
391400,0.018014252123218003,0.022079591651987807,0.149107255250643,0.18275681309243272,2.146374788112464,2.357652171055967,1.1562176800818316,2.0373552035532603,0.17975820991610986,0.05555550322345083
391510,1.903635766318011e-4,8.616053618083315e-6,0.001285603027799037,5.818773115674022e-5,3.6165928583832447,3.617362609191243,3.2677981372959173,1.9861530873862654,0.21511137961694554,0.09446658101980544
391520,3.343164835072951e-4,6.301574155590771e-4,0.0022763177004448895,0.004290660346911767,3.6150932395016615,3.617362609191243,3.2677981372959173,2.0271044425323685,0.21511137961694554,0.030211323074232733
391530,0.00374698636354293,5.954014920926764e-4,0.02288912272275308,0.0036371143365820863,3.6060503551600647,3.617362609191243,3.2677981372959173,1.470716294783578,0.21511137961694554,0.011630461882671176
391590,0.009807266500678612,0.013138267501189089,0.07714752560519737,0.10335039109886358,3.5781639867789203,3.617362609191243,3.2677981372959173,2.7869718614435715,0.21511137961694554,0.0509249132250448
391610,0.0027776487520824057,0.0023156794421325937,0.016831177004331392,0.014031871577212564,1.7353129987942302,1.768570548126232,0.637205565620524,1.5340854821821384,0.20649191914812232,0.021184986269154948
391620,0.011581186548134796,0.00803878955423759,0.08048955807586189,0.055869803667884695,1.7257367271822652,1.768570548126232,0.637205565620524,1.839441307955002,0.20649191914812232,0.03804402719301241
391690,0.010052219364614083,0.009856315756907898,0.08303224729737695,0.08141406565892513,1.6709267663908531,1.768570548126232,0.637205565620524,2.219209783919271,0.20695651720536434,0.02831446732055818
391710,0.0010427295625518131,8.105626103524096e-4,0.004644702392529556,0.003610545083602888,3.6718074640739484,3.681656117349807,1.1356064661493717,2.294610058967104,0.20972752364896874,0.008568674782795225
391721,0.018226211086867925,0.014693920164527873,0.08986784397053002,0.07245120329000525,3.399813290935389,3.681656117349807,1.1356064661493717,2.3916970671204845,0.21041652266251623,0.04784121460137658
391722,0.00986614640722716,0.004915971501246064,0.046911663565721885,0.02337451641668329,3.511526540785967,3.681656117349807,1.1356064661493717,2.37764367705165,0.21041652266251623,0.029947399448222355
391723,0.019950772318164008,0.012916747332621617,0.09689561691537368,0.0627332206179754,3.4563170287158513,3.681656117349807,1.1356064661493717,2.3965328914039223,0.21041652266251623,0.034324235101764806
391729,0.01361854752186278,0.013650240953809588,0.06725561036970946,0.06741212934553059,3.4237051539336028,3.681656117349807,1.1356064661493717,2.422131215314586,0.21041652266251623,0.032570675623798895
391731,0.009199302592194293,0.009862597635979648,0.04337720516525314,0.04650482108081028,3.539182016789943,3.681656117349807,1.1356064661493717,2.3758670720655233,0.21041652266251623,0.06067401425984426
391732,0.023646411065005774,0.011784735927954383,0.130580456027966,0.06507779076541495,3.349621524354259,3.681656117349807,1.1356064661493717,2.756534164289179,0.21041652266251623,0.09119239192960456
391733,0.03344074141214906,0.03270178767455913,0.18937526281256473,0.18519056019076283,3.3755019231448786,3.681656117349807,1.1356064661493717,2.886611021793298,0.21041652266251623,0.11961187098311907
391739,0.03677523743612436,0.028784562839752288,0.2195257668369473,0.17182630680327848,2.89753818844554,3.681656117349807,1.1356064661493717,2.5038709195459865,0.21041652266251623,0.10501002094343392
391740,0.021197214498577262,0.015892780611445206,0.12185970910403453,0.09136528869370744,3.283768335166528,3.681656117349807,1.1356064661493717,2.776038999637159,0.20720757692100178,0.05871482287513533
391810,0.06178317600782276,0.042139779737405354,0.42699310873487717,0.29123455144486976,2.0756832520568205,3.186227074864305,0.6509117255923138,2.3232441114628957,0.20732515710241395,0.11922682294391608
391890,0.009696044283924767,0.006828337584683243,0.05051238109662804,0.03557281508148534,2.5326233758820536,3.186227074864305,0.6509117255923138,2.0824948504761487,0.20717167294496264,0.02733483112689437
391910,0.011655659306895303,0.011812666144275133,0.07028568946263433,0.07123246849289139,2.4899059635329404,2.807800730236803,0.7875195285394794,2.3085913271177025,0.20620704178331134,0.031144592645559688
391990,0.00974927041559679,0.006611476306172418,0.05866407634355343,0.03978309496353745,2.461701062033692,2.807800730236803,0.7875195285394794,2.2687286605358348,0.20632563269346654,0.027452169212501744
392010,0.01092222967443632,0.010429086056642682,0.06437247223865311,0.06146602595503491,2.8706769818240385,3.020386383912596,0.9823378648226112,2.550331896360478,0.20879968060325016,0.04154051996707325
392020,0.004720131232292363,0.0026739174218716106,0.028758695932995213,0.016291576293356133,2.955846644484443,3.020386383912596,0.9823378648226112,2.777999792185513,0.20879968060325016,0.028313851109109497
392030,0.0041457260280679895,0.0065862023553081815,0.023955461127065897,0.038057390534101995,2.960640355549119,3.020386383912596,0.9823378648226112,2.5502473929563543,0.20649191914812232,0.02179006616407666
392043,0.011776949369116954,0.012179683333888754,0.06641100300704231,0.06868204669647472,2.6013862643103907,3.020386383912596,0.9823378648226112,2.0924394166932885,0.20960497636176234,0.041489987485347074
392049,0.006181732563262973,0.0046771263261602995,0.0349954541013751,0.02647771607691159,2.7598394872748333,3.020386383912596,0.9823378648226112,2.243839988697441,0.20649191914812232,0.023477191025314346
392051,0.0064980963094633725,0.00555670615447495,0.03711966476094556,0.03174207641841289,2.9145330132220346,3.020386383912596,0.9823378648226112,2.442917197426147,0.2057339840780929,0.0437336285844489
392059,0.0032801678478309895,0.004189441883271812,0.020840347638972696,0.02661736512001676,2.9156279080141596,3.020386383912596,0.9823378648226112,2.886423892645505,0.20884832466563685,0.01833741238658363
392061,0.0045945390478335894,0.0037137003680222593,0.027440954584399536,0.022180132125989422,2.8705826530261884,3.020386383912596,0.9823378648226112,2.5578832249274543,0.20649191914812232,0.032830130985417795
392062,0.006655132467401874,0.00418554139837507,0.041218777086827106,0.025923285333892168,2.9174524092385608,3.020386383912596,0.9823378648226112,2.7905335901682857,0.20879968060325016,0.014206590442692972
392063,0.004516175320597907,0.00339879196473923,0.020726456757654648,0.015598356946892256,2.7377274467556485,3.020386383912596,0.9823378648226112,1.6265425534360123,0.20763936477824457,0.02104797822412371
392069,0.007986517638852967,0.007682869963272714,0.045954597703980735,0.04420740231720094,2.7917785396883863,3.020386383912596,0.9823378648226112,2.3718108008924057,0.20879968060325016,0.008111227704507323
392071,0.0019906285496084537,0.002171834546477241,0.011189272685953395,0.012207827007247384,2.891021516067007,3.020386383912596,0.9823378648226112,2.363983983939784,0.20592295214406203,0.004050748422148607
392073,0.0016287717947520198,9.001937040005559e-4,0.006578237705223108,0.0036356770081240773,2.9822678558141016,3.020386383912596,0.9823378648226112,1.5556396195510571,0.2107132253430439,0.009108351542572574
392079,0.009444550407744876,0.007087832208022987,0.0595519795799942,0.044691850929449994,2.983133475551027,3.020386383912596,0.9823378648226112,2.941518512219732,0.2086053793453425,0.06948417864584094
392091,0.002170048653555636,0.0015759019830015124,0.011377517826533443,0.008262419773441923,2.9692895555880074,3.020386383912596,0.9823378648226112,2.2682389566100793,0.20879968060325016,0.04968237510472963
392092,0.0015696513861994058,0.001178887114584281,0.008665065162455115,0.006507899624632811,2.9861031633191093,3.020386383912596,0.9823378648226112,2.4596018756221225,0.20879968060325016,0.015776948120962034
392093,0.00923566291157404,0.00417082144171305,0.04157707143356067,0.018776187771146736,2.7543707904928754,3.020386383912596,0.9823378648226112,1.5780825838638166,0.20649191914812232,0.0035779728271892056
392094,0.0045126970461202886,8.028472780329519e-4,0.020860966030270243,0.0037113437093986355,2.79045421067051,3.020386383912596,0.9823378648226112,1.681306245533892,0.20649191914812232,0.004350662964883796
392099,0.008433968912695865,0.0051581275989017565,0.05470130274170506,0.03345474737796724,2.535501047101897,3.020386383912596,0.9823378648226112,2.424368753601149,0.2071596966892975,0.01823137555321347
392111,0.01033332816292031,0.005463497332534493,0.07332764236171525,0.03877021731312689,2.3751668275129814,2.564723693160146,1.02186736420798,2.47055894475066,0.20720757692100178,0.01858783341222504
392112,0.012983980155062625,0.015732889509278467,0.07849348061354827,0.09511176410802902,2.27379775358214,2.564723693160146,1.02186736420798,1.821292273179079,0.20683482715980078,0.03717630458749825
392113,0.0049137924209064635,0.0037948224225992054,0.03246321160815757,0.025070681210724307,2.4586077367301185,2.564723693160146,1.02186736420798,2.34845949251617,0.2074952219920171,0.04632475935346358
392114,0.015522572052204918,0.01527912713742692,0.10203279302942542,0.1004325837007091,2.4656570676367116,2.564723693160146,1.02186736420798,2.3086904627116724,0.20549829104489198,0.046156030682027
392119,0.011295836816868009,0.010054851325374859,0.08513895933478613,0.07578540589662748,2.4717461499553623,2.564723693160146,1.02186736420798,2.8065740763829075,0.20549829104489198,0.022638713403162335
392190,0.006900429913721803,0.005722946051045565,0.05281303396189284,0.04380105992453027,2.4392116962160144,2.564723693160146,1.02186736420798,2.847326147443237,0.20725546401034362,0.03490171709751017
392210,0.04166445849607609,0.04551377212535576,0.2414065605611507,0.26370973207250203,2.2487770646446386,3.322123908421195,0.7086114806033083,2.340056770115603,0.23398091664061293,0.03425306670582103
392220,0.033326952651674256,0.025281232049361564,0.19761129356102236,0.14990440381112183,2.1140015956814295,3.322123908421195,0.7086114806033083,2.2243199210924742,0.23398091664061293,0.03464935702492977
392290,0.015553289371276568,0.01825433130772695,0.10014047391100707,0.11753124014140769,2.3911399108118436,3.322123908421195,0.7086114806033083,2.4594827095076117,0.2057812052389309,0.03947823157750196
392310,0.016628614540310893,0.018731038114077194,0.09718211074754884,0.10946924146963688,2.6398220335449056,2.858116926339493,0.7959893276160303,2.4872647841591764,0.21281370181263287,0.06294252612610385
392321,0.038987815669874824,0.02969167359805551,0.24094932324889987,0.18349806309119834,2.4195944786450907,2.858116926339493,0.7959893276160303,2.3526658365386997,0.21056476910734967,0.09435101601924603
392329,0.014942288361505785,0.019441981005079025,0.08850496098071747,0.11515717864709762,2.422135328033111,2.858116926339493,0.7959893276160303,2.2248986039117553,0.21056476910734967,0.06707386030758687
392330,0.03207441487391337,0.028297293139108847,0.2151410867334892,0.1898058131846196,2.2626906610954944,2.858116926339493,0.7959893276160303,2.399780620262197,0.21056476910734967,0.08214670475198808
392340,0.009439204783538881,0.016671345739097416,0.05934526578532717,0.10481449089982468,2.392973243194259,2.858116926339493,0.7959893276160303,2.321422262788099,0.20720757692100178,0.01847379688836507
392350,0.032663442207282956,0.040143749464803744,0.22112867324516902,0.2717697051616694,2.344323070101818,2.858116926339493,0.7959893276160303,2.4925739524829322,0.20720757692100178,0.0778064992790732
392390,0.028548400193316364,0.03293944918357686,0.17099978023359078,0.19730137357139416,2.5714016878571972,2.858116926339493,0.7959893276160303,2.447178395988649,0.21056476910734967,0.11023860710308303
392410,0.06827492611856387,0.08013211218480389,0.4579089815582702,0.5374332271987586,2.023299146747581,5.731386535743819,1.1791688284157584,2.1362392551019664,0.24431997231892727,0.06717491563790105
392490,0.06331907300404181,0.04979850693810007,0.4163704613176136,0.3274625847005304,2.0903066872386677,5.731386535743819,1.1791688284157584,2.216145449328885,0.24701572782720052,0.07636995816130351
392510,0.007070203517088691,0.0034243541498981305,0.02752843240473435,0.013333011067856608,3.8165066348307555,3.887490298096585,0.6635032612551327,2.394382765442399,0.2057812052389309,0.015233068047311527
392520,0.0993046577932362,0.10707014088860912,0.41461590589734226,0.4470382804351239,2.9350511575965648,3.887490298096585,0.6635032612551327,2.2264358689639066,0.23582871270397265,0.10622490903143982
392530,0.08169329321408593,0.08003859102107275,0.30759453085168104,0.30136418653901753,3.4394530130861294,3.887490298096585,0.6635032612551327,2.414873922410636,0.23770605526938604,0.1523372451477048
392590,0.03013524336529607,0.02495803828275902,0.1240526213663833,0.10274050339026973,3.3805616779980485,3.887490298096585,0.6635032612551327,2.220035136067008,0.20720757692100178,0.06761707243762881
392610,0.03741616795990098,0.02808028080384466,0.27895632888476835,0.20935260007087775,1.3450463178472007,2.924463822725136,0.8290331431894025,1.6847960426313426,0.25068111149483246,0.036516369758804436
392620,0.04450937013867693,0.02003843218090592,0.30584439739685626,0.13769330359095305,1.5884721633933268,2.924463822725136,0.8290331431894025,1.699147946888324,0.23162183037870754,0.0753650727547575
392630,0.04511976979763532,0.04514093100193669,0.2572978159681025,0.2574184888277916,2.463654237625281,2.924463822725136,0.8290331431894025,2.4685267756111653,0.2347165508188697,0.0740453986977709
392640,0.03680991208213952,0.02958203823810711,0.24247306214753,0.19486184536798934,1.335570521559881,2.924463822725136,0.8290331431894025,1.3763657558549034,0.25068111149483246,0.026405768284933937
392690,0.03191911354231532,0.03495243215547539,0.20116761314820403,0.22028485663049807,2.1656102558950625,2.924463822725136,0.8290331431894025,2.305014198156782,0.22962438782272385,0.049777409227618044
400110,4.0122248398036676e-4,1.2390007641970761e-4,0.00949405775876344,0.002931825929031109,2.9624144645305917,2.966002324744489,7.14951333313031,3.254595079534967,0.14842000511827325,0.0013423136875333659
400121,1.0871103445833416e-4,1.0126054257535563e-4,0.0028404045492266823,0.0026457379163146422,2.965695442489584,2.966002324744489,7.14951333313031,4.351220783596241,0.14842000511827325,1.494957873335379e-4
400122,1.5834830743965394e-4,6.74881866877653e-5,0.0036431539001611866,0.0015527153685557312,2.965875416020761,2.966002324744489,7.14951333313031,2.9781542592373293,0.14842000511827325,6.577142380478635e-4
400129,3.845684668849899e-4,1.285241716928282e-4,0.00895834603558415,0.0029939116258991517,2.938341253863419,2.966002324744489,7.14951333313031,3.0094370196666005,0.14842000511827325,0.001415228984498141
400130,0.0016887492525359728,4.8175237744095767e-4,0.03597186749513972,0.010261755947930773,2.8139374491385953,2.966002324744489,7.14951333313031,1.7466899191484009,0.14842000511827325,3.9943765804662277e-4
400211,5.347456266969293e-4,2.983764477273309e-4,0.004522823098420918,0.0025236370760836424,4.139267822190131,4.161359011604818,4.479875500146777,3.0510659820707793,0.21511137961694554,0.0012405533120623442
400219,0.0025293522331486847,0.002093085013887195,0.02305152467963135,0.01907555627162465,4.114587473146182,4.161359011604818,4.479875500146777,3.5865295934045305,0.21511137961694554,0.0280990688407155
400220,1.2609462671822362e-5,3.763809280759297e-6,1.141358535064868e-4,3.406850837943069e-5,4.160569336498176,4.161359011604818,4.479875500146777,3.6211809806295086,0.21511137961694554,8.542156608661567e-4
400231,0.0010752475132991162,9.92991484210314e-4,0.00901627237416128,0.008326530939274313,4.06412072567305,4.161359011604818,4.479875500146777,2.8508770814134285,0.21511137961694554,0.012459502535166265
400239,2.1459187442288017e-4,1.7928460380801215e-4,0.0018474870630988066,0.0015435159743997352,4.147980817499879,4.161359011604818,4.479875500146777,3.2020175703362184,0.21511137961694554,0.0052324350718471226
400241,0.022259811582089745,0.03177761555057008,0.17668399528511305,0.25223017074531595,4.09994157301373,4.161359011604818,4.479875500146777,2.5204265703558626,0.21511137961694554,0.12644716096750275
400249,0.00269914050001747,0.0023906273423412784,0.02317627189795076,0.02052721201153414,3.9239696726592705,4.161359011604818,4.479875500146777,2.7679397308174383,0.21511137961694554,0.01542067851278598
400251,0.001185425015890007,0.0010613623012711482,0.011570308279493855,0.010359397564020769,4.0831793227195385,4.161359011604818,4.479875500146777,4.093121695308577,0.21511137961694554,6.45369195755502e-5
400259,0.0037624326390870346,0.0016141580177764263,0.03364151313807863,0.014432874517890987,4.123584418226426,4.161359011604818,4.479875500146777,3.4514370343690013,0.21511137961694554,0.01689698796677373
400260,0.006091833638552806,0.003405019257355383,0.05543679458971812,0.030986294824178442,3.950400266195318,4.161359011604818,4.479875500146777,3.2532411931703247,0.21511137961694554,0.0011476959052284987
400270,0.001184850995892182,7.835589590581714e-4,0.010201297712939207,0.006746264504739902,4.139801477977065,4.161359011604818,4.479875500146777,3.187285537728675,0.21511137961694554,0.01322546943169004
400280,3.072739794107992e-5,1.0017007925786054e-5,3.02198684874971e-4,9.85155536879254e-5,4.160192414854848,4.161359011604818,4.479875500146777,4.321358921394654,0.21511137961694554,1.1810180213086363e-4
400291,0.0012430528294945626,0.0016013927262088796,0.010491942226507654,0.013516497100259928,4.154839225336693,4.161359011604818,4.479875500146777,3.0638158813359393,0.21511137961694554,0.024547679799247275
400299,0.004464948412056851,0.0026658257317047074,0.03910481646919917,0.02334777837425411,3.813891249281369,4.161359011604818,4.479875500146777,2.7054342933136457,0.21511137961694554,0.019458713991697123
400300,0.007252627673167094,0.004915214895970637,0.07824331622211736,0.05302667264003527,2.3366189890611686,2.397223471808331,1.1094900251628237,4.313054836869612,0.21511137961694554,0.025245726085988473
400400,NA,NA,2.375721909035738e-4,1.7549256908623953e-5,5.212087572634399,5.212236575184667,NA,3.7569142923469547,0.21511137961694554,NA
400510,6.988638816650411e-4,5.27267434988141e-4,0.0072327065583343885,0.005456814603079868,2.7707104016570483,2.772354438169249,4.374656334151251,1.793605067242038,0.21511137961694554,0.015023836646732125
400520,0.004914988765869854,0.00369875328571735,0.05796904456897177,0.043624350793695664,2.629737008116052,2.772354438169249,4.374656334151251,2.297240416007082,0.21511137961694554,0.010704999467155207
400591,0.0015198687375813213,0.0010767552866714344,0.015555844864458322,0.011020582095202132,2.750663529259508,2.772354438169249,4.374656334151251,1.681378662348805,0.21511137961694554,0.004964816760108954
400599,0.0027302394515128256,0.0019367155611795513,0.029145790300833054,0.02067478205518643,2.724682966170762,2.772354438169249,4.374656334151251,1.8821751805737241,0.21511137961694554,0.07497676299046356
400610,NA,NA,0.015171228457573318,0.00577590888577832,2.2494386835173246,2.368380821213807,NA,2.232620154110149,0.24038537199372986,NA
400690,NA,NA,0.08342448607595407,0.0833168359751515,2.221038036042411,2.368380821213807,NA,2.3915509565834014,0.21304123727783372,NA
400700,0.006802366640263183,0.008488231882959458,0.06545463874483211,0.08167659593543775,2.172713487333617,2.849949552875417,1.1591297292665022,3.338112084700181,0.21511137961694554,0.011571198061565528
400811,0.012147787062107104,0.013420635816422343,0.0524677721434217,0.05796536096951906,2.684567066863344,2.860205120564263,0.283926677653971,2.181009660392511,0.21258665371783209,0.0474390036466311
400819,0.022758378979341437,0.0237162802032608,0.11401633931038893,0.11881529230573919,2.531854959609293,2.860205120564263,0.283926677653971,2.4125743292462802,0.21258665371783209,0.14284503711196958
400821,0.018813882765495667,0.014955580416022386,0.09170306320383208,0.07289683651350007,2.7101044251308357,2.860205120564263,0.283926677653971,2.5576201689035845,0.21511137961694554,0.055069311115383955
400829,0.007586012499000391,0.004609726177705788,0.037464112791077135,0.022765491288118375,2.7838206727637043,2.860205120564263,0.283926677653971,2.6129829610187056,0.2107132253430439,0.06104462463075764
400911,0.015283344930550592,0.008732556041757301,0.10670912479101904,0.060971169376786226,2.444717383520425,2.681004793163981,0.8810162325801292,2.7258496264105356,0.211309093667207,0.08029212156224864
400912,0.09428212742143759,0.12349864975495393,0.23046428103116162,0.3018814732178295,2.394756632345805,2.681004793163981,0.8810162325801292,2.763128786853289,0.6225296133459919,0.14722931915067886
400921,0.009067561229430633,0.007122367647600424,0.05633271052311681,0.044248091055535184,2.5731221997474054,2.681004793163981,0.8810162325801292,2.4968990278846253,0.211309093667207,0.031903616701926346
400922,0.07373032855345268,0.025941591619288773,0.2045808943156519,0.07198060984629902,2.2367917921018554,2.681004793163981,0.8810162325801292,2.574811338840322,0.5568107370078142,0.07244230971385854
400931,0.02214824686047318,0.01694706866053702,0.14954459806892004,0.11442632851493581,2.550182661932806,2.681004793163981,0.8810162325801292,2.7574709589835735,0.211309093667207,0.061331631643426615
400932,0.11247755418483905,0.1509521841267592,0.2942276104956861,0.39487256596754694,2.548189879221834,2.681004793163981,0.8810162325801292,2.8305477219673953,0.5568107370078142,0.2993161635621142
400941,0.014820698738430874,0.008994301844213865,0.10316150433006212,0.06260607040353289,2.630510330853152,2.681004793163981,0.8810162325801292,2.988059103665335,0.211309093667207,0.05925949592313324
400942,0.08594671825431902,0.1052810298359143,0.235062251376617,0.28794113845336006,2.2401609033641243,2.681004793163981,0.8810162325801292,2.93309032179033,0.6225296133459919,0.06870319877735248
401011,0.009667651989430209,0.01034899630806864,0.03521712619415148,0.03769911343132053,3.6868494378327945,4.504978152782511,1.4723472854023727,1.7457553017953946,0.23961366230848571,0.01680400971823381
401012,0.023632966529000824,0.02714817813443416,0.10962701959199429,0.12593314735068914,3.6580628766498307,4.504978152782511,1.4723472854023727,2.0485927928708714,0.2074952219920171,0.06959990134603657
401019,0.004313022361082422,6.249880622723115e-4,0.01650215826661138,0.002391281810041921,4.381044170143524,4.504978152782511,1.4723472854023727,2.0144881002216257,0.20801505822467886,0.005124209400414201
401031,0.015670891977714936,0.007473455263132581,0.06832472094982804,0.03258408941307846,4.160028431333661,4.504978152782511,1.4723472854023727,2.344109242899986,0.21041653827531892,0.011729219160250888
401032,0.012114006620681185,0.00585891393490954,0.048180858713553376,0.023302571424290028,4.345721889686604,4.504978152782511,1.4723472854023727,2.1645290196493594,0.21041653827531892,0.04355165295257406
401033,0.03576550438805026,0.04463505116900342,0.16412860859177164,0.20483113458449476,4.110737206452638,4.504978152782511,1.4723472854023727,2.497003848835659,0.21041653827531892,0.017683487843046308
401034,0.01658915575852265,0.0047055380172046956,0.06838646782075024,0.019397920477512196,4.3300189920460195,4.504978152782511,1.4723472854023727,2.2835660324570735,0.21041653827531892,0.003215463522801331
401035,0.01716448192645965,0.008236524496447717,0.08325654544466926,0.039951370451066844,3.839514138513199,4.504978152782511,1.4723472854023727,2.401644834260901,0.20801505822467886,0.042557775265245866
401036,0.0072920667275957005,0.004962604955595049,0.031235245970412325,0.02125709928783207,4.427836392458434,4.504978152782511,1.4723472854023727,2.4729581997991694,0.20801505822467886,0.012357473521587082
401039,0.02287010256683019,0.011567430222990565,0.10542808343977125,0.053324290749003356,4.102302393912903,4.504978152782511,1.4723472854023727,2.474306572462051,0.20869554023479914,0.04268523444610415
401110,0.010205756878891532,0.005112019406761569,0.011825795294539943,0.0059234896307508176,3.3043694493354385,3.32584682135855,0.9112376607584955,2.178438721738376,0.8069363066809301,0.06682576340933216
401120,0.017604309753802998,0.013973304688423971,0.02586670802830588,0.020531528791575552,3.2393197957502404,3.32584682135855,0.9112376607584955,1.7200062181172575,0.5528217461239953,0.10072401730852552
401130,0.0027286075688817734,0.0023492232170959667,0.011570417518987887,0.009961671944727349,3.322847959154092,3.32584682135855,0.9112376607584955,2.119733519852175,0.21511137961694554,0.005787253913712646
401140,0.005708391622882411,0.0043339574521338246,0.02239184580555034,0.017000464124953308,3.133035936321279,3.32584682135855,0.9112376607584955,1.7324180579261235,0.21511137961694554,0.013510367339942339
401150,0.009341597480243432,0.0033861138229064284,0.043737675685400663,0.015853899564111196,2.9374481503484557,3.32584682135855,0.9112376607584955,2.0472389832386404,0.21511137961694554,0.02578072465817793
401170,0.02016572746650704,0.018351968346443207,0.10063356913808953,0.09158231848958516,3.1743815764059407,3.32584682135855,0.9112376607584955,2.4963850022826035,0.21511137961694554,0.04382573587580681
401180,0.005796850311159033,0.00507861443473913,0.02378523450284733,0.020838218825019728,3.1950717165203146,3.32584682135855,0.9112376607584955,1.8596346183711452,0.2113589026477484,0.028740561848425952
401190,0.07843843798015879,0.06654857770240616,0.5712165559031632,0.48463037171951523,1.7476462357011138,3.32584682135855,0.9112376607584955,1.7787229530683524,0.2113589026477484,0.11792864813523726
401211,NA,NA,0.016523002676029484,0.010883069482276585,NA,NA,5.034156314403142,1.6092978712707353,0.20953151146147192,NA
401212,NA,NA,0.04467324785260602,0.01735563711061943,NA,NA,5.034156314403142,1.4570858371110558,0.20953151146147192,NA
401213,NA,NA,0.01935168236618556,0.0431936881875764,NA,NA,5.034156314403142,2.13575162965607,0.21511137961694554,NA
401219,NA,NA,0.010463429283516401,0.005740686737686865,NA,NA,5.034156314403142,1.4919439187133636,0.6725193320708811,NA
401220,NA,NA,0.17673653313055812,0.11685828733163493,NA,NA,5.034156314403142,2.203605649475602,0.34595096548141696,NA
401290,NA,NA,0.19048843716676,0.14137568361211109,NA,NA,5.034156314403142,2.22450001650483,0.21299569983309405,NA
401310,0.0057071346443112085,0.004693877833240029,0.007558998911507403,0.006216958183661759,2.9163285054879555,3.049327118387485,1.4898182907054722,1.6308121901685928,0.8079039642968004,0.053304325721829325
401320,0.008993665542685684,0.006518874620475063,0.0736413298210143,0.053377412547730645,1.8031559699606017,3.049327118387485,1.4898182907054722,1.6861895740298125,0.21511137961694554,0.02737027660052603
401390,0.004824686089857261,0.0033881674701401725,0.024886817564041357,0.017476930962008485,2.7457069089520214,3.049327118387485,1.4898182907054722,1.5036524957916844,0.2113589026477484,0.031034485580445106
401410,0.002282643554696901,0.0010299307204204304,0.005013630743235614,0.0022621544711514683,4.964286702457067,5.002201267506409,0.9041553781965996,1.9565674508463036,0.26236426446749106,0.005714948048978633
401490,0.011631582435624564,0.003327507104805965,0.027375703581056385,0.007831509484559306,4.566080419702404,5.002201267506409,0.9041553781965996,1.8642316982884783,0.2576064721970462,0.011681021680618776
401511,0.04942028898442648,0.04825020598661663,0.40427678020005814,0.39470505577994275,2.3528808627642253,2.820445255598226,1.3932060163675022,2.392967758370709,0.1967102942460544,0.06707697629249623
401519,0.01384960855829777,0.011298194600004407,0.097276988724,0.07935634744331498,2.6289240054859144,2.820445255598226,1.3932060163675022,2.5883914803616324,0.2156287687800065,0.11537417201093368
401590,0.0049503629251263295,0.0017012871122519984,0.03202781004867606,0.01100697086124794,2.571771996214691,2.820445255598226,1.3932060163675022,2.0858359263463084,0.2090917978585593,0.014782008920201753
401610,0.035187503027802214,0.019954850536066805,0.1670228143833889,0.09471872143074103,2.673893221999394,3.061349531759078,0.613420661189097,2.1167814227941695,0.21511137961694554,0.07019935752017857
401691,0.026276258657461624,0.020770621476236845,0.1347842654659944,0.10654305833421256,2.679039079029357,3.061349531759078,0.613420661189097,2.286320647299868,0.2110107294407995,0.10402240588057354
401692,0.012119397312354053,0.012741683791043488,0.05726446204414144,0.06020478156012668,1.7825164084111438,3.061349531759078,0.613420661189097,1.5176164494099869,0.2530191045892654,0.018590655684587228
401693,0.028680512090729703,0.029146790127530697,0.16037742016920573,0.16298478186439236,2.8500840862567944,3.061349531759078,0.613420661189097,2.754269919713407,0.211309093667207,0.09187849751122713
401694,0.010786301733193447,0.011557876314603699,0.05399791606198998,0.05786053927735416,2.3966180135733604,3.061349531759078,0.613420661189097,1.8917255816765557,0.20879968060325016,0.03123024361964884
401695,0.016278944898709506,0.012316177505054784,0.06920267274654703,0.052356734829801924,2.845734998758228,3.061349531759078,0.613420661189097,2.26448929497496,0.23789544767864268,0.023406984571516413
401699,0.04504513457703954,0.05080227712785635,0.19074104269663977,0.21511933312483014,2.616537530912121,3.061349531759078,0.613420661189097,2.6954860006592605,0.29864915103239725,0.08167206684125224
401700,NA,NA,0.05698994659211631,0.03984189022241957,NA,NA,1.0968382072215697,2.174238283957748,0.2110107294407995,NA
410190,NA,NA,6.114152042394504e-5,5.248206548416917e-5,NA,NA,0.7939858844843347,2.6614564617138496,0.24263204483169393,0
410411,NA,NA,0.0015300606476132304,0.0015743970921820282,NA,NA,NA,NA,0.21091598781970514,NA
410419,NA,NA,0.0015383479550013794,0.0015999278405361608,NA,NA,NA,NA,0.21086186795592987,0
410441,NA,NA,0.010056221070853888,0.007567099397953235,NA,NA,NA,NA,0.21121576437807507,NA
410449,NA,NA,4.358803626431133e-5,2.6082465204790243e-5,NA,NA,NA,NA,0.21121576437807507,NA
410530,NA,NA,1.8430284166273396e-4,2.0214182446179747e-4,NA,NA,0.315441905119947,1.8768849934540073,0.21205871888971664,NA
410622,0.0073104946569714484,0.012275612956355564,0.0436142150897032,0.07323597772222952,2.8094540895931006,2.827899047754938,1.260108679917905,2.2841760240869413,0.2114586055517202,5.531911473088698e-4
410691,0.04202943834064184,0,0.30901962269868927,0,2.497430164484157,2.827899047754938,1.260108679917905,2.598179448795777,0.21012069674248865,0.2233238572555895
410692,8.696588772355815e-5,0,4.6069376498903834e-4,0,2.8053140231502343,2.827899047754938,1.260108679917905,1.8624723355437927,0.21012069674248865,0
410711,0.032158255053616844,0.017818043651158407,0.2115840482884416,0.11723315839141736,3.0238305090465634,3.148602502297075,1.1774333522152705,3.008841422143101,0.21041652266251623,0.1126439912507846
410712,0.0011227862631406084,9.469511047732592e-4,0.0054808101459745,0.004622481939051903,3.1375028885041445,3.148602502297075,1.1774333522152705,2.045205520398852,0.21041652266251623,0.01847467640004294
410719,7.735380759831337e-4,3.45859526259823e-4,0.0038027694404720136,0.0017002705852396333,3.13965018056769,3.148602502297075,1.1774333522152705,2.064324373976997,0.2100298361435582,0.0039372906662070726
410791,2.1117662243235665e-4,1.2567333340886202e-4,0.0011523937789810598,6.858011362056662e-4,3.148088674815703,3.148602502297075,1.1774333522152705,2.419341379712434,0.20936843940166,0.04546108962038206
410792,1.5672784571223882e-4,1.35343884463291e-4,8.110601061896899e-4,7.003989929554034e-4,3.1436849471486195,3.148602502297075,1.1774333522152705,2.2286643988285957,0.20936843940166,9.151574695995915e-4
410799,6.992369502465587e-5,6.209689800268303e-5,3.2294766419734217e-4,2.867990336722882e-4,3.132412737086606,3.148602502297075,1.1774333522152705,1.8435636939351905,0.20881588906267973,0.001154977556793212
411200,NA,NA,0.0012549849543070926,8.637728827430728e-4,NA,NA,NA,NA,0.21205871888971664,NA
411310,NA,NA,2.1704502329969254e-5,1.871457097781762e-5,NA,NA,NA,NA,0.21115980949671517,NA
411320,NA,NA,0.010521760295801931,0.009363720738372694,NA,NA,NA,NA,0.20879968060325016,NA
411390,NA,NA,0.0025877765127245403,6.000687067515537e-4,NA,NA,NA,NA,0.21138378982502706,NA
411410,0.010872124472288617,0.0017031802601071525,0.06768218447964446,0.010602799927509971,2.667974799876774,2.738073142119851,1.229605182334795,2.2627299311104805,0.2102685093677844,0.06531761538689654
411420,3.5156348086753296e-4,1.1248296997149445e-4,0.002091233008383948,6.690913945469843e-4,2.7357290445894735,2.738073142119851,1.229605182334795,2.2090603698031543,0.211309093667207,0.003457567517872281
411510,5.003153983203847e-4,1.743181098027515e-4,0.007087744346363189,0.0024694866505627394,1.6524805655900436,1.660085374297211,2.5147080278237604,2.521039184125644,0.21511137961694554,0.0018007013400301837
411520,2.3929116160022881e-4,0.0012873500142107518,0.0027680214206606776,0.014891533775812392,1.6590632830275018,1.660085374297211,2.5147080278237604,2.208920192693895,0.2461330695389085,3.3989290269566334e-4
420100,0.08746260205446396,0.043708295366928544,0.28441646588683417,0.14213342167042498,5.852146905550412,9.85559082919564,0.612226133519628,3.406226218292287,0.21115980949671517,0.21505777176191873
420211,0.008087943003145073,0.006112222885050032,0.05129898952473871,0.03876768884636336,2.3438064631914513,2.603245009484083,1.154739837154526,1.8690090028398354,0.20340107258500845,0.032391835788790416
420212,0.00934581155297095,0.012163142109554917,0.06424421707043222,0.08361088146447349,1.9627960529413264,2.603245009484083,1.154739837154526,1.4305034039193814,0.19160604841985884,0.029223721045834174
420219,0.009041754372398826,0.0037169787838370713,0.0620840101675022,0.02552214306026403,2.231838715492723,2.603245009484083,1.154739837154526,1.7270901410765445,0.18805223150293965,0.020797959519182323
420221,0.009529561038713882,0.005259296910790938,0.06586568456272605,0.03635080251237122,2.5502802763242447,2.603245009484083,1.154739837154526,2.4281388359815415,0.2032627869897825,0.06779773446341822
420222,0.009588511216024104,0.005021300532545773,0.06566168505981328,0.03438563576039774,2.300793739752827,2.603245009484083,1.154739837154526,1.985251483311537,0.19929202380793376,0.038978218496049204
420229,0.004382299477440385,0.005540467078045263,0.026430061104251258,0.033415079040731946,2.5508188987299416,2.603245009484083,1.154739837154526,1.9511854246011215,0.20189021053496525,0.014622197692187729
420231,0.009855929607681252,0.009165876522864004,0.06851387068149462,0.06371694033616332,2.48592058842363,2.603245009484083,1.154739837154526,2.412408944739913,0.2064206122749357,0.05083188977717199
420232,0.013785342845974461,0.013788019238217052,0.10315179313800744,0.10317181981866735,1.955977418713831,2.603245009484083,1.154739837154526,1.7593016418534193,0.19910065205465605,0.04305946979193099
420239,0.011497548441444858,0.0029514935322899685,0.09582135673027223,0.024597949387644227,1.7900926520878184,2.603245009484083,1.154739837154526,1.8572107208183517,0.20189021053496525,0.021241614798052574
420291,0.02454674408549753,0.007888483045592174,0.1707633174755001,0.05487748314084618,2.450971794791386,2.603245009484083,1.154739837154526,2.397969598699322,0.2083630410853069,0.03518424032899385
420292,0.020121267409658465,0.026323759358373635,0.14958009233292266,0.1956889829656113,1.9689745799650606,2.603245009484083,1.154739837154526,1.7308241575707866,0.19713881282377443,0.04200871298877222
420299,0.010044737192872973,0.007096786889395767,0.07659445088527947,0.05411535258770144,1.9586764546211355,2.603245009484083,1.154739837154526,1.9018849843408285,0.20465422001533334,0.02645892441107299
420310,0.02063445186290841,0.005088045351746817,0.13227257856420532,0.032615786597992545,2.642405372555817,2.75119378951343,1.011672947956361,2.4864042295118787,0.20651569351864174,0.09665789428247586
420321,0.04652438676827377,0.025661761873576577,0.2856113545135387,0.1575365324946987,2.6192044211435213,2.75119378951343,1.011672947956361,2.3713144793301053,0.21039536940714096,0.1343237626745693
420329,0.029596437110103603,0.023810831073262713,0.19359770803609336,0.15575260985196734,2.288223498982452,2.75119378951343,1.011672947956361,1.9253571462737618,0.19622266806036298,0.07022869705082803
420330,0.01730559665265911,0.010645861811485146,0.09889195886861467,0.06083524015455296,2.565407869356784,2.75119378951343,1.011672947956361,2.0817219414766206,0.2110107294407995,0.11491518664694568
420340,0.0122266959629375,0.024162420686917322,0.06569546925266784,0.12982751596335876,2.5651161621075924,2.75119378951343,1.011672947956361,1.901760322321665,0.21138381522991748,0.052921599645846765
420500,0.031930110506902844,0.016070084739930487,0.16043683670127132,0.08074615215122548,4.276907556245407,5.192554305288192,2.1995279032181547,2.370553745853408,0.21266226107523473,0.06866963970332035
430130,NA,0,0.29107981220657275,0,2.011760803242755,2.81220017612386,NA,2.0869005765956867,0.26236426446749106,NA
430180,NA,0,0.002291492223854168,0,2.8108299279304685,2.81220017612386,NA,2.333274938518324,0.25925491352540303,NA
430211,8.365792916057657e-5,7.57621481701953e-5,0.0010287745517760308,9.316770186335402e-4,1.7815811930805936,1.784439355206634,0.9603179957394524,3.682341163484325,0.21190835433542224,7.606591928127417e-4
430219,0.001279042640450735,0.0010410538159550532,0.009024834433678821,0.007345602115526796,1.7516397487870259,1.784439355206634,0.9603179957394524,1.6525209165143029,0.21140420589901895,0.004108548175960735
430220,0.006034217458631658,4.567754194870586e-4,0.053019991045646184,0.004013482910933565,1.7788669920635904,1.784439355206634,0.9603179957394524,2.3440248186577146,0.21140873520280726,0.015213256198007081
430230,0.0019030051933897779,0.0010945566817937554,0.013484379042141314,0.007755847031675649,1.7395158326569033,1.784439355206634,0.9603179957394524,1.5937061366405418,0.20720757692100178,0.00116910332724586
430310,0.0013531611244152822,0.003168135327378815,0.007742172091716414,0.018126628434593898,2.403933936463574,2.512199554925469,1.5528585989852337,1.3230351286710533,0.2090917978585593,0.014802965056003318
430390,0.014623756118669258,0.0198830210191801,0.10403729044731447,0.1414530997341835,2.2257093739316405,2.512199554925469,1.5528585989852337,1.8532770344759069,0.21511137961694554,0.042797580670221096
430400,NA,NA,0.020335722710013056,0.09830870245165714,NA,NA,1.1527951707774562,2.2401569562308685,0.20549829104489198,NA
440111,NA,NA,0.4356579526173569,0.224371163565246,2.8303264096059815,2.856476452285687,37.80751778640569,2.5404057654131353,NA,0
440121,9.782604978650793e-5,2.0500500333784596e-5,0.009796018111749042,0.0020528608996064008,2.8537435597153,2.856476452285687,37.80751778640569,4.605819769827723,0.14842000511827325,0
440122,2.9547417706196795e-4,1.3407839029013882e-4,0.02824025615427302,0.01281468358486032,2.8505964635645022,2.856476452285687,37.80751778640569,2.6293291554542897,0.14842000511827325,0.003108913949594901
440131,4.040616840520804e-5,2.3372413246795916e-5,0.00381671891397626,0.0022077305328662964,2.8555565600041133,2.856476452285687,37.80751778640569,2.2261809251006346,0.14842000511827325,4.5782569991657297e-4
440139,2.7768696613980057e-4,7.775135757727276e-5,0.024446907445516787,0.006845046668477505,2.8533262225813383,2.856476452285687,37.80751778640569,2.9167583252165246,0.16211884947643512,0.0035565814188447003
440140,NA,NA,0.02468209355479922,1.7518474574625711e-4,2.8515428296610477,2.856476452285687,37.80751778640569,2.2424087371847685,NA,0
440210,NA,NA,0.013355701323322136,0.009639593007438269,NA,NA,4.755682640440542,1.3618018049160312,0.14842000511827325,NA
440290,NA,NA,0.01690112606995617,0.01076772787309031,NA,NA,4.755682640440542,2.664638580515084,0.14842000511827325,NA
440321,NA,NA,0.5849152960236679,0.7518293063341681,NA,NA,2.461557656616654,2.3203529303601522,NA,0
440326,NA,NA,0.4521326542095039,0.4860060274199252,NA,NA,2.461557656616654,2.3795972806980528,NA,0
440391,NA,NA,0.030099868531401952,0.029541283044236272,NA,NA,2.461557656616654,2.637467497937397,0.14842000511827325,NA
440395,NA,NA,0.23149905123339656,0.6790344827586207,NA,NA,2.461557656616654,3.731990687491762,NA,0
440399,NA,NA,0.1230458938925382,0.15924511663388932,NA,NA,2.461557656616654,2.517035642570316,0.14842000511827325,NA
440410,NA,NA,0.011324187732403509,0.0067065719250065554,NA,NA,NA,1.6152889637696244,0.14842000511827325,NA
440420,NA,NA,0.03225221724236976,0.011008389911035737,NA,NA,NA,3.101043291854806,0.14842000511827325,NA
440500,NA,NA,0.07752320322200143,0.00519670306557061,NA,NA,NA,4.5358326041276165,0.14497116732274318,NA
440691,NA,NA,0.06501212266538779,0.0014919822173018041,NA,NA,NA,2.968831644519544,NA,0
440711,NA,NA,0.07197366113821374,0.09432087108990492,1.4345360365090984,1.435477171791227,1.615877149148755,2.5489702293209784,NA,NA
440712,NA,NA,0.001338315273738079,0.0016303349590818584,1.4354744819757397,1.435477171791227,1.615877149148755,2.439822321294586,NA,0
440719,NA,NA,0.40978943155203384,0.46008972095670025,1.4302313555971067,1.435477171791227,1.615877149148755,2.042770338517692,NA,NA
440722,0.0025617389525200243,0,0.041358388256852806,0,1.4343858840085797,1.435477171791227,1.615877149148755,1.8211833665627442,0.14842000511827325,0.0029853059895984155
440727,2.3007173418201348e-4,2.41417164454791e-4,0.0035466114220430714,0.0037215039734313842,1.4354156602219164,1.435477171791227,1.615877149148755,1.6682537930602892,0.14842000511827325,0
440729,2.065623652864828e-4,0,0.004006837380016029,0,1.4353153821804685,1.435477171791227,1.615877149148755,2.516408168423334,0.14842000511827325,0.028145507180484596
440791,3.469822496535865e-4,3.3738482386716425e-4,0.00682430100795352,0.006635542872534694,1.4334818465055907,1.435477171791227,1.615877149148755,2.5685456121711634,0.14842000511827325,0.0028642763904586552
440795,0.001969249805155657,0.001997077994390427,0.03782245018246573,0.038356933059267184,1.397526159369953,1.435477171791227,1.615877149148755,2.367956875780739,0.14842000511827325,6.431105058081112e-5
440796,NA,NA,0.0017325941307890236,0.00298274984594244,1.4342626501011002,1.435477171791227,1.615877149148755,1.6428668229514034,NA,NA
440797,NA,NA,0.03915910938375455,0.07446842291009483,1.4287241516748181,1.435477171791227,1.615877149148755,1.5449161953722181,NA,NA
440799,0.00917164348547242,0.007529127613330234,0.17645035721331656,0.14485051223165107,1.3659435801303512,1.435477171791227,1.615877149148755,2.2844459107017174,0.14842000511827325,0.043234413749345064
440810,4.945113636693922e-5,2.2904816797009596e-5,6.886745672415548e-4,3.189808355136897e-4,2.4363399963040053,2.436617713267093,3.340002165832033,1.6957935722216386,0.14842000511827325,0.0011179792627976676
440839,7.277927722189429e-4,3.5081503292452794e-6,0.009688939354873196,4.670320602965622e-5,2.331924101871389,2.436617713267093,3.340002165832033,1.2676040204679386,0.14842000511827325,0.012926057228775482
440890,3.066089468103955e-4,1.372732985498578e-4,0.004213119365673487,0.001886275004453573,2.41902215345174,2.436617713267093,3.340002165832033,1.5934534820116248,0.14842000511827325,0.004054646751318531
440910,0.0067982629296477436,0.006117916312492138,0.11856459422136183,0.1066990601242406,2.662201293946229,2.693617880673448,4.341727222156411,2.5198872586234464,0.14778432131244668,0.0849296151404791
440921,3.5683586349162527e-4,3.2406343697789796e-4,0.007069070647731969,0.006419834900920383,2.0097336935068957,2.693617880673448,4.341727222156411,1.4979551250556222,0.14667526609991033,0.0024911182111168853
440922,0.006534222298466306,0.004838833589186779,0.11300402614941885,0.08368366616077544,2.6813934546330502,2.693617880673448,4.341727222156411,2.4797698698564465,0.1471021911630835,0.043945126014022784
440929,0.003376689253046866,0.003357253720747825,0.05851593246375046,0.05817912673181006,2.6165797065480603,2.693617880673448,4.341727222156411,2.337176347489349,0.14729505602693058,0.0338417680085392
441011,0.003229901440882339,0.001087888729475506,0.04479548258901365,0.015087921886152518,2.9240777574654544,2.958695975763439,3.909130031686433,2.1098972104502254,0.14842000511827325,0.013468418401267418
441012,0.0033849676108682982,0.001781553958667569,0.046103870963237654,0.024265087075201138,2.9571353927549504,2.958695975763439,3.909130031686433,2.068740776930472,0.14842000511827325,0.010515793269433043
441019,0.004107113977826162,0.0016971838775042525,0.05907283772865903,0.024410685540450946,2.746276064069809,2.958695975763439,3.909130031686433,1.9534355308739217,0.14842000511827325,0.00810430978695009
441090,0.0011255151338365873,6.685465851918243e-4,0.01645937040225606,0.009776728491714187,2.7407410662211866,2.958695975763439,3.909130031686433,2.039573552190841,0.14842000511827325,0.011978019203726565
441112,0.004567292376875769,0.003705554532866719,0.033343652886206165,0.027052510305752304,3.361144664024003,3.437092039747224,1.205463053283589,2.394997534613275,0.14672918124417386,0.014154616757337118
441113,0.014251847617218988,0.016197933365563556,0.11580139532647471,0.13161404300108145,3.1006685644981555,3.437092039747224,1.205463053283589,2.491239118468811,0.14672918124417386,0.06991653050757386
441114,0.01699918572613782,0.012255827855422894,0.1364060617112149,0.0983440758693719,3.1590642156521573,3.437092039747224,1.205463053283589,2.5140021460632695,0.14672918124417386,0.08269023130658693
441192,0.009441146325379646,0.008621630316823801,0.07129242210679494,0.0651040548056569,3.3565926699119366,3.437092039747224,1.205463053283589,2.5149691815352573,0.14678312028954704,0.023712880114103742
441193,0.009881898656094658,0.005370021524161812,0.0686719561957042,0.03731771552319958,3.178716390565367,3.437092039747224,1.205463053283589,2.0357479062127637,0.14672918124417386,0.0647694886126587
441194,0.0019243169630201748,7.173624480368929e-4,0.013018628847604064,0.00485318980171722,3.4247334936600193,3.437092039747224,1.205463053283589,2.233344412237839,0.14842000511827325,0.01914088020107845
441210,0.017231091057633766,0.013389392715295307,0.15598522289969313,0.12120807673763594,1.3858602453642137,2.676764488978883,0.5117743500454126,1.296466432597277,0.14413390158378703,0.13498664091139403
441231,7.186503490087255e-4,4.0920100253568373e-4,0.004133835562328019,0.002353814561915351,2.668296623456498,2.676764488978883,0.5117743500454126,1.65241282822179,0.14100196234973567,0.03600716516180699
441233,NA,NA,0.01892773890958622,0.01226877763611937,2.6145867682896498,2.676764488978883,0.5117743500454126,1.4522688077781376,NA,NA
441234,NA,NA,0.02478999663561866,0.01490797991794751,2.5522974438513515,2.676764488978883,0.5117743500454126,1.4885722697527188,NA,NA
441239,0.019073560382563796,0.014658908981368783,0.10968595443937404,0.08429870409151283,2.544722441241057,2.676764488978883,0.5117743500454126,1.556450104737719,0.14133118459999616,0.09332252639223378
441294,0.003129294117553169,0.003206225270701066,0.01948675681939725,0.019965822901687105,2.5979663148575205,2.676764488978883,0.5117743500454126,1.8987086378959523,0.1489969482449252,0.041840417268607225
441299,0.017892923667353202,0.00877708582219985,0.10377680743387234,0.050906043200917704,2.448142790267429,2.676764488978883,0.5117743500454126,1.5415310864597829,0.144609829926441,0.08004698299782735
441300,NA,NA,0.018603392116405697,0.010433011477532875,NA,NA,3.9933794239377502,3.8994366972280656,0.14444673781897016,NA
441400,0.0357811850051047,0.029680957404431392,0.37093206070156276,0.30769295908032,1.5427380334860605,3.005798399488556,1.861389000600272,1.952405485140849,0.23846544011356016,0.062041647179989584
441510,NA,NA,0.0725994540965329,0.07173782161727092,2.593961953744567,2.709649097717164,NA,2.179319165613469,0.20972752364896874,NA
441520,NA,NA,0.03261916361176129,0.03250594173338374,2.69415718465291,2.709649097717164,NA,2.3147092318861424,0.2071357732869371,NA
441600,NA,NA,0.09292514628361787,0.6369179298546022,2.252216965462371,2.254397231750127,NA,2.7354651164976747,0.21412497498007216,NA
441700,NA,NA,0.07977256029104766,0.05667798531611117,NA,NA,35806.82207517575,1.9206238343868889,0.223076902975853,NA
441810,0.02542394837525858,0.016487838893641478,0.23775551417162186,0.1541882698893234,2.0234793476225055,2.104210655479739,1.7209587602120493,2.2579191407838657,0.2102685093677844,0.043583854268498125
441820,0.0162047315202999,0.011461164818885379,0.14016052630247716,0.09913171909340468,2.0171662204780496,2.104210655479739,1.7209587602120493,1.9068052172925087,0.20792823050852255,0.04698013413008589
441840,0.0031308596522839115,0.003030049495104995,0.025657852021555842,0.024831698063080075,2.057584029133322,2.104210655479739,1.7209587602120493,1.8246312283847963,0.2102685093677844,0.03085129151879016
441850,0.008709633182821886,0.00986981619870543,0.060905178622583815,0.06901816711865975,2.102542115160647,2.104210655479739,1.7209587602120493,1.4417736282013294,0.21511137961694554,0.14707829874570855
441860,0.003335673205261399,0.003627036598574476,0.028436343554009667,0.03092019285262926,2.0819406012448987,2.104210655479739,1.7209587602120493,2.0109655488233944,0.2102685093677844,0.02225552077227281
441873,0.015275934233738875,0.016440403183471397,0.1680998517403183,0.18091393268692957,1.2952311077722012,2.104210655479739,1.7209587602120493,1.285064824844902,0.21090436434080126,0.09079638852657505
441874,0.01241579040453801,0.006588222472403521,0.1164707961874374,0.061803195110344475,1.8723745929622277,2.104210655479739,1.7209587602120493,1.9862086176019238,0.21106041298987865,0.020860047308615102
441875,0.00132194898020356,8.995512069723341e-4,0.012187416163418426,0.008293213341704771,2.0821311921815364,2.104210655479739,1.7209587602120493,2.2899087782453025,0.208945624920434,0.013529602757563812
441879,0.002345144351140536,8.173575977564714e-4,0.020492917250947817,0.00714243522242486,2.059985980477829,2.104210655479739,1.7209587602120493,2.0641007057585394,0.2102685093677844,0.015572351484297649
441891,0.06932393817036718,0.04451510483916197,0.6510625933160203,0.41806799156583196,1.7093237013991223,2.104210655479739,1.7209587602120493,1.6654315954404617,0.21094691894161136,4.4851060511866763e-4
441899,0.019945482487731335,0.02359030816420975,0.18064992528646887,0.21366178581894987,2.0328070660608413,2.104210655479739,1.7209587602120493,2.1576781309165236,0.21066370716122854,0.10133809992219134
441911,0.019569591880989123,0.018779752722533766,0.26344322711934687,0.2528105180636795,1.1327953117386351,1.982258393626222,2.597198532958384,1.2942232181047113,0.25518291256633385,0.022278401239589723
441912,0.005820771263144347,0.005880788854490095,0.07909109029777457,0.07990659335089012,1.0528417807384802,1.982258393626222,2.597198532958384,1.0533802910311845,0.25518291256633385,0.008723034981540529
441919,0.019303374721585508,0.0193238825422782,0.26662844017417,0.26691170506031187,1.11328884301194,1.982258393626222,2.597198532958384,1.291912163358216,0.25291187271006327,0.02012608219907025
441990,0.015956127944557464,0.01181758759423803,0.185889410157518,0.13767528030677467,1.5531487730655884,1.982258393626222,2.597198532958384,1.8381046121042026,0.24512246266261445,0.016177518174407764
442010,0.03684260397245493,0.035301732569932485,0.48641625628201957,0.4660728272565534,1.4499600146828466,3.049302176345465,3.2753936510565707,1.6096154704211671,0.25518291256633385,0.03086611434008327
442090,0.02404347111571511,0.02016249193347585,0.3347276435371218,0.28069754904554545,1.6677467339191103,3.049302176345465,3.2753936510565707,1.8105886009908037,0.2190535660626845,0.05287738767472755
442110,0.022024117000931043,0.019565134091063623,0.16676258314097347,0.14814361458338438,1.3713507793463728,5.403302749311391,1.168632501314582,1.4810891584847738,0.25518291256633385,0.02669653645668066
442191,0.050195251153335174,0.04247061054715071,0.17716091534393888,0.14989729241048394,3.5704925283126503,5.403302749311391,1.168632501314582,1.7438653757284026,0.23111716678503608,0.06755039401602353
442199,0.06482703573746301,0.068345997714484,0.28117380378901285,0.2964365705222465,3.580054907937818,5.403302749311391,1.168632501314582,2.4043676737171573,0.23010425915069307,0.08917450088865855
450110,NA,NA,0.08616169802822686,0.027589530814526104,NA,NA,NA,2.0759752702771244,0.21511137961694554,NA
450190,NA,NA,5.225828757759446e-4,1.0759310513701426e-4,NA,NA,NA,2.4035208069773555,0.21511137961694554,0
450200,NA,NA,0.00175623993766993,0.0030088084066731977,NA,NA,NA,2.513525873031429,0.21511137961694554,NA
450310,NA,NA,0.19790990693833452,0.08714722848749293,1.6936364591777138,1.694942009906433,NA,2.350640904228123,0.21511137961694554,NA
450390,NA,NA,0.0218175672514347,0.008344284848356025,1.6417574056382453,1.694942009906433,NA,2.241214699087858,0.20812126728458774,NA
450410,0.023219126916817198,0.028764895030293086,0.12396388718235385,0.15357201909968682,3.0707321624467796,3.154173777608972,1.525409083992555,2.001178093360392,0.21511137961694554,0.09839488633987838
450490,0.030661917580235558,0.01787501466207914,0.2513819700172048,0.1465484468830587,2.165588218131166,3.154173777608972,1.525409083992555,2.293805667216281,0.21511137961694554,0.022599524851525634
460121,0.003131533181491449,0.017297975390710478,0.01019846939192349,0.0563343456192876,3.414885326120949,5.000343861343247,1.069299429978451,1.2598671095612741,0.20943363911286822,0.014446705149225494
460122,0.007906717389454705,0.01410865656575567,0.021509474983023663,0.038381262475617996,4.764830021027003,5.000343861343247,1.069299429978451,1.6454355902215865,0.20943363911286822,0.04114567926402278
460129,0.017848581571551576,0.012828050358871157,0.07692485169825376,0.05528707519295119,2.8697964846112276,5.000343861343247,1.069299429978451,1.5163827315531282,0.20905525110671602,0.025578987572848117
460192,0.024142974350327598,0.012563035075171888,0.18028152139009404,0.09381126963746993,1.567346935373628,5.000343861343247,1.069299429978451,1.3667853973187485,0.2081454042773741,0.03350847759510774
460193,0.016774179575053262,0.010691409391308524,0.07383062845885009,0.04705765017831901,3.0431447716554008,5.000343861343247,1.069299429978451,1.7490687696858902,0.21041652266251623,0.08507683573036857
460194,0.03042757083025225,0.007136917365893461,0.17441489231607782,0.040909761767884585,2.2792699297795638,5.000343861343247,1.069299429978451,1.6798090800901877,0.21041652266251623,0.04809004997931837
460199,0.0070710238938658234,0.02040545794358739,0.021545693637047548,0.06217624943363467,4.50182552353963,5.000343861343247,1.069299429978451,1.8190686907891929,0.21056476910734967,0.03069249239521013
460211,0.04031349392064931,0.03463643723066368,0.2239914194393032,0.1924483339223237,3.5070932645308033,5.162490021310448,1.8092708774377355,2.2471729808529655,0.20816955414138683,0.07322214937190118
460212,0.0366450859412263,0.03850619786343494,0.19780001699776859,0.20784578330973869,4.296586821710263,5.162490021310448,1.8092708774377355,2.965510515231993,0.20588244665577454,0.0751172804875036
460219,0.04041679918215793,0.04367412410360156,0.21575188319932675,0.23314004852202266,3.8192709605070254,5.162490021310448,1.8092708774377355,2.428776269872014,0.20787039169390764,0.07538400253480573
460290,0.05172875090683085,0.053704967020576776,0.25476732313614514,0.2645003106993743,4.177655357939165,5.162490021310448,1.8092708774377355,2.5079373840694394,0.2098256889820609,0.15444845723002457
470321,4.212827537178809e-9,1.7089171563402456e-8,1.1499531895126307e-7,4.6647405268869205e-7,2.87460247902678,2.87460248685111,13.339104022114874,3.5399328927887854,0.21511137961694554,0
470500,NA,NA,8.598388962643911e-4,3.109552520466453e-4,1.8677977324783697,1.867946865269419,NA,2.5115017268996445,0.21511137961694554,NA
470610,NA,NA,0.013731002088286445,0.03331502739353136,NA,NA,11.237568734087128,1.9092920631669115,0.21511137961694554,NA
470620,NA,NA,0.013058821046815893,0.8061223292178885,NA,NA,11.237568734087128,4.590675306707073,0.21511137961694554,NA
470630,NA,NA,0.007709313715726978,0.005054767340726245,NA,NA,11.237568734087128,1.4199208631243718,0.21511137961694554,NA
470692,NA,NA,0.004974546884346229,0.007253558694807837,NA,NA,11.237568734087128,2.8622734616113727,0.21511137961694554,NA
470710,NA,NA,0.09305112387435298,0.06615051904532265,NA,NA,NA,5.0525527554344,0.21511137961694554,NA
470720,NA,NA,0.0010129243295976165,3.3229292418770156e-4,NA,NA,NA,5.231070180624523,0.21511137961694554,NA
470730,NA,NA,0.19775477643315215,0.3898592608068487,NA,NA,NA,3.8470550526050635,0.21511137961694554,NA
480100,NA,NA,5.557120615644237e-4,9.474694267890531e-4,NA,NA,NA,NA,0.21511137961694554,NA
480210,9.497911188993502e-4,3.3417265473272527e-4,0.009487980707604513,0.0033382326261244748,3.2688783752792467,3.3418497946826538,4.77758922782638,2.246788162757907,0.21511137961694554,0.0025288121499401216
480220,8.814410524932061e-4,2.7183598819343203e-4,0.009235470896350495,0.00284821469392642,3.2429559198289293,3.3418497946826538,4.77758922782638,2.531616764732927,0.21511137961694554,0.008585527057556708
480240,2.1751519051157477e-4,3.716729531057292e-5,0.0020201731911937615,3.4519140203040453e-4,3.3354648227100094,3.3418497946826538,4.77758922782638,1.886161790221237,0.21511137961694554,6.514218792459486e-4
480254,8.620401441179234e-4,0.0010742027438024918,0.008951770738207089,0.011154952300640751,3.3125092744949445,3.3418497946826538,4.77758922782638,2.621903517670702,0.21511137961694554,0.0012715093010985216
480255,1.4669663067378745e-4,1.2585042686354204e-4,0.0015932206639518143,0.001366817354462794,3.336823338933001,3.3418497946826538,4.77758922782638,3.018061833073406,0.21511137961694554,0.001581706198792626
480256,3.219421981251128e-5,1.674930919230615e-5,3.5867063908158166e-4,1.8660136717600574e-4,3.3411238249066355,3.3418497946826538,4.77758922782638,3.229485442224085,0.21511137961694554,1.166459902457311e-4
480257,1.733338352048213e-4,9.321974665000202e-5,0.0018896175372492322,0.0010162451426729555,3.3315900834678573,3.3418497946826538,4.77758922782638,3.035189255713655,0.21511137961694554,4.922472679785836e-4
480258,3.0136941549466245e-4,2.359272692634489e-4,0.0032412975806552532,0.002537452202371084,3.3283947249337533,3.3418497946826538,4.77758922782638,2.9228933022641437,0.21511137961694554,0.0038021566585198564
480261,4.591252269657481e-5,6.534740728817584e-5,4.7540432219589655e-4,6.766441494492757e-4,3.3416911625937327,3.3418497946826538,4.77758922782638,2.66564465282429,0.21511137961694554,0.001431023917014605
480262,7.288732705486879e-4,4.4262317341122094e-4,0.007121718666821376,0.004324809049558693,3.229538231596589,3.3418497946826538,4.77758922782638,2.010329054108235,0.21511137961694554,0.0024173569565965267
480269,5.774863356947501e-4,1.273047637751491e-4,0.0060410368502775095,0.0013317246169233306,3.3059389300669633,3.3418497946826538,4.77758922782638,2.6616407484689986,0.21511137961694554,0.0021523777798965957
480300,0.0022841885260773487,0.0017555286406071866,0.019748526663059183,0.015177864598738938,3.6660295120287514,3.711332903883805,4.274359317810802,2.5437207558271524,0.21511137961694554,0.019626271733001188
480411,7.979732009451388e-4,4.8098099857234655e-4,0.011545624933765633,0.006959163795484611,3.1101495731823383,3.117569132033598,5.831528246798135,3.8484370429083117,0.21511137961694554,0.005136046557488087
480419,4.889775414838305e-4,3.289612628625769e-4,0.00617051348420345,0.004151233412713393,3.11625522285037,3.117569132033598,5.831528246798135,2.627662112024904,0.21511137961694554,0
480421,2.974444443693813e-4,3.949322019751624e-4,0.003927457346116202,0.005214685993391734,3.115452970564934,3.117569132033598,5.831528246798135,3.017390368045111,0.21511137961694554,0.002460872875419454
480429,0.0010997848152977158,7.758379718019952e-4,0.014190566971201664,0.010010668036616916,3.108990200906463,3.117569132033598,5.831528246798135,2.797755852901208,0.21511137961694554,1.4809883177169638e-4
480431,0.0030223119348827873,0.001628179257974865,0.04322064854875626,0.023283818811388034,3.0751307002683217,3.117569132033598,5.831528246798135,3.6282064799866363,0.21511137961694554,0.014013294444236114
480439,9.816810963139365e-4,0.0015872526493885047,0.013805804274541384,0.022322217972808145,3.1116219326928163,3.117569132033598,5.831528246798135,3.5817629494757695,0.21511137961694554,0.012233636854703097
480441,5.034831508287435e-4,2.61770990446492e-4,0.007372627843251179,0.0038331771173365477,3.0859182278373694,3.117569132033598,5.831528246798135,3.8888948804299712,0.21511137961694554,6.777188233009793e-5
480442,0.0016269975017288974,4.3465906324620276e-4,0.022528972620665628,0.006018707542446835,3.087971669513126,3.117569132033598,5.831528246798135,3.3664249220009075,0.21511137961694554,5.650229544855755e-4
480449,0.007761984851716583,0.003403162951870093,0.13994961230641706,0.06135947761150974,2.3931462340719296,3.117569132033598,5.831528246798135,3.4502573364100946,0.21511137961694554,0.009020326647645372
480451,4.5366400527580497e-4,0.0012746862834159417,0.006464975985950372,0.018165021064200124,3.1125875992646006,3.117569132033598,5.831528246798135,3.7099916838227274,0.21511137961694554,5.084654700977586e-4
480452,4.1857086068194493e-4,1.7580231798202263e-4,0.005557181721313568,0.002334050264422511,3.1100220920165085,3.117569132033598,5.831528246798135,3.050506485726456,0.21511137961694554,0.0017745444742086752
480459,0.00354585556559941,0.0024840855425599935,0.04772583297560889,0.03343482257188382,2.850834198741258,3.117569132033598,5.831528246798135,2.4225355494627183,0.21511137961694554,9.61190909059879e-4
480519,7.416183109916299e-4,5.874747886527699e-4,0.005347225803077171,0.004235818212661221,2.8553741837869335,2.856528189394028,2.280268899825335,2.148413068267243,0.21511137961694554,3.4736433732674837e-4
480524,2.6327678906573236e-4,2.9081671011671586e-5,0.0019422838774431992,2.1454553945116062e-4,2.856210020541102,2.856528189394028,2.280268899825335,2.2523964571603026,0.21511137961694554,1.2050196716812222e-4
480525,9.918301074496133e-5,6.111527430862636e-5,6.601043677332891e-4,4.0674767990335286e-4,2.856449527140099,2.856528189394028,2.280268899825335,1.8091844579319718,0.21511137961694554,4.363723693719803e-6
480530,0.004073738288342599,0.003777434237521626,0.026825363151813268,0.024874215777085925,2.7478345072164543,2.856528189394028,2.280268899825335,1.6120323329654245,0.21511137961694554,0.0053538464338662144
480540,0.0019826270920874607,7.536703916418339e-4,0.01327582735262353,0.005046636374612681,2.8236944279423675,2.856528189394028,2.280268899825335,1.7869883502650872,0.21511137961694554,0.014019172286925539
480550,4.8130175329415986e-4,5.266326447424457e-4,0.003405228945298864,0.003725946795627495,2.756386221033503,2.856528189394028,2.280268899825335,1.9147346095886277,0.21511137961694554,0.004603825227958498
480591,5.59455819932141e-4,6.274806894479753e-4,0.0035098766670463772,0.0039366465634100645,2.844542804305145,2.856528189394028,2.280268899825335,1.5585879619050858,0.21511137961694554,0.0014367486462415922
480592,6.738126120006558e-4,7.252108494453171e-5,0.004712065855610403,5.071500920178932e-4,2.823980727837151,2.856528189394028,2.280268899825335,1.9678565193314945,0.21511137961694554,0.005655399790075351
480593,0.007346049157178628,0.0013842436286001657,0.05162509996497541,0.009727911449180924,2.6970522763905347,2.856528189394028,2.280268899825335,1.7969105394605822,0.21511137961694554,0.013409928105768285
480610,0.008110450350960358,0.005789059283909617,0.051792299385619474,0.036968192716677443,5.049953080749256,5.10726787048639,4.546639805160887,2.3903483216767225,0.21511137961694554,0.04198765992724043
480620,0.008552575734727612,0.007969926820945784,0.060217347843082275,0.05611500798666571,5.051657024577,5.10726787048639,4.546639805160887,3.104426012701229,0.21511137961694554,0.012554639298405317
480630,0.011467620344435287,0.010002851770180086,0.13418103603639367,0.11704198199171664,2.4665339802785713,5.10726787048639,4.546639805160887,1.6615976969401334,0.21511137961694554,0.0020476574259212974
480640,3.681779653378941e-4,2.1823952704793102e-4,0.0022501639656365285,0.0013337971466872841,5.094030730105007,5.10726787048639,4.546639805160887,2.150375915276389,0.21511137961694554,0.01107041120274336
480700,NA,NA,0.011891890211160095,0.015857728763310285,NA,NA,3.5561706247498623,2.0696563932210688,0.21511137961694554,NA
480810,0.00243808658218834,0.0011074574438084896,0.0399326737746605,0.018138706453660957,2.5598120216234554,2.62888374328587,7.029174434537146,1.9896664684257481,0.21511137961694554,0.019301319243304752
480840,2.3561649178956547e-4,3.465998628200157e-4,0.0039002541964252894,0.005737406406388328,2.6233825712889027,2.62888374328587,7.029174434537146,2.3122314388085417,0.21511137961694554,0.012545556917853154
480890,0.002642331472172635,0.001791640474234531,0.0466199677430399,0.0316108035632864,2.4179698529527545,2.62888374328587,7.029174434537146,2.1477876748458455,0.21511137961694554,0.0046927027532191815
480920,7.814908978907403e-5,8.627219607459355e-5,0.0014582984427409628,0.0016098793924150384,2.7693038480138297,2.78338903805334,9.033388074360468,2.0828152735574896,0.21511137961694554,1.0936830640102753e-4
480990,3.8458721381587054e-4,2.3609265771881366e-4,0.007224301840914464,0.004434896846573296,2.699016135540945,2.78338903805334,9.033388074360468,1.8727227932621786,0.21511137961694554,0.0025131925176324356
481013,0.00206780343776904,0.0036136898531066108,0.009205348694421033,0.016087252087764924,4.8760191643388575,4.923063023784213,2.3007933601995023,2.368592679121115,0.21511137961694554,0.019232944257417357
481014,0.012826621966224297,0.012213225276409327,0.06038756563396253,0.05749970217596116,4.433371475742391,4.923063023784213,2.3007933601995023,2.1890659822214213,0.21511137961694554,0.04892470776362679
481019,3.3002334163866184e-4,3.826535620482447e-4,0.0013842133890023145,0.0016049597622599114,4.917003630831634,4.923063023784213,2.3007933601995023,2.1355208971827,0.21511137961694554,4.3953013972372395e-4
481022,5.982370630215251e-4,4.038777029635799e-4,0.002677854359845168,0.0018078546692891205,4.92082613888895,4.923063023784213,2.3007933601995023,2.437424705633277,0.21511137961694554,4.464141845293597e-4
481029,6.671469412827385e-4,5.496161103360818e-4,0.002694696948664961,0.002219973987457843,4.8809317397906185,4.923063023784213,2.3007933601995023,1.9400726487461535,0.21511137961694554,0.0035549204019684182
481031,0.0080891800824332,0.004693322675132133,0.030752651691601074,0.017842613965050613,4.724473212796313,4.923063023784213,2.3007933601995023,1.562830523784526,0.21511137961694554,0.04253641303768049
481032,0.0014448178985130772,0.0016025836039467152,0.006057103395798491,0.006718503833255754,4.108888403920111,4.923063023784213,2.3007933601995023,1.404645108279185,0.21511137961694554,0.005537223343619221
481039,0.002346732307424836,0.0013805819968121188,0.00975551243635557,0.005739165390401313,4.915484034939861,4.923063023784213,2.3007933601995023,2.0947868568798937,0.21511137961694554,0.047969353556669855
481092,4.7650603739687224e-4,3.9612302897969686e-4,0.001958853606668217,0.0016284096382916285,4.9114650735343455,4.923063023784213,2.3007933601995023,2.0423885387384635,0.21511137961694554,0.0446152552044313
481099,0.016334589947202157,0.006845604518082123,0.09597482584775781,0.0402217443822696,3.5237890758365324,4.923063023784213,2.3007933601995023,2.152921271644229,0.21511137961694554,0.03742195073499197
481110,0.007660180097305126,0.0040424324809894985,0.04399967057163393,0.023219519020732222,2.4224867688745193,2.471819691737897,0.32354083809556217,2.6696557661922706,0.21511137961694554,0.01622934075532215
481141,0.005261800675576357,0.0031078139503155685,0.028469766741443917,0.01681529645392696,2.3323181482035116,2.471819691737897,0.32354083809556217,2.391026965367738,0.21511137961694554,0.02624433214987403
481149,0.0023536975743232505,0.0020220051851648027,0.013409057530703782,0.011519400007476295,2.432356228546191,2.471819691737897,0.32354083809556217,2.657295689030878,0.21511137961694554,0.008114281878651795
481151,0.001015263075609867,6.710607218836246e-4,0.004677099611598037,0.0030914330650656584,2.4617921383891916,2.471819691737897,0.32354083809556217,2.116026409374808,0.21511137961694554,0.008015615505585747
481159,0.003063933278241168,0.0025425275809668893,0.019935968080709902,0.016543359171181903,2.4265797691194746,2.471819691737897,0.32354083809556217,3.072836888282997,0.21511137961694554,0.008353120483314597
481160,0.007583730347202552,0.005300534690872469,0.03750672473526091,0.02621476324953846,2.399957455622823,2.471819691737897,0.32354083809556217,2.2297082605327483,0.21511137961694554,0.014008945566701321
481190,0.008387177760109124,0.006087257906101785,0.04840441873504997,0.035131028465451374,2.3628063423793892,2.471819691737897,0.32354083809556217,2.6097874817923246,0.21511137961694554,0.06268669702345206
481200,NA,NA,0.28502991867898986,0.21354912542558627,NA,NA,NA,2.010901365288156,0.21511137961694554,NA
481310,0.025161606392321734,0.01339551234145207,0.14849107349585458,0.07905353802117261,3.159475110832984,3.212105912698584,1.2194662844143236,2.7914196083308846,0.21511137961694554,0.1004176778529828
481320,0.0015295518489356324,9.236899282002261e-4,0.008317920168581561,0.005023157004215843,3.176196895820505,3.212105912698584,1.2194662844143236,2.4960686341293594,0.21511137961694554,1.1025599214460221e-4
481390,8.00960696945951e-4,5.104103823527569e-4,0.003761793232676376,0.002397194181366839,3.2016346831175495,3.212105912698584,1.2194662844143236,2.015121012606535,0.21511137961694554,0.001451135161416545
481420,0.004262661784543085,0.0018251047493977536,0.042226650269381695,0.018079797050111823,1.4526830984815848,1.572799569959355,1.6517185984548153,1.8902655021655037,0.2461330695389085,0.0036956692119947216
481490,0.031018752912668663,0.010142720668863067,0.31749770930795257,0.10381753862190954,1.467503315730186,1.572799569959355,1.6517185984548153,2.0454165118506618,0.2461330695389085,0.019287653522456556
481620,NA,NA,0.05689247098755901,0.052812772025932576,2.7759758840541933,3.17779996842885,NA,2.1872409524874747,0.21511137961694554,NA
481690,NA,NA,0.010653976002400456,0.013180645002085252,2.951399938454262,3.17779996842885,NA,1.6480075897615092,0.21511137961694554,NA
481710,0.019537555449624527,0.019497941064982142,0.11268849723551813,0.11246000982388824,2.987794661120435,3.204760112124858,2.0255829408671153,1.6814248287683529,0.21511137961694554,0.051880868335883
481720,0.01684829826558228,0.032850435109026105,0.11821110270697277,0.23048536400703507,2.618746534578928,3.204760112124858,2.0255829408671153,1.9268005591160542,0.21511137961694554,0.07172845992100858
481730,0.00846389054074381,0.01098480562498837,0.0556232207412285,0.0721902374725797,2.5723755411932903,3.204760112124858,2.0255829408671153,1.6109192293644161,0.21511137961694554,0.045154713680826825
481810,0.022031544832798667,0.0217581407517944,0.10658246839180997,0.1052598157116199,2.4607093687844155,2.641599652767616,0.7194476327277107,1.841286744848179,0.21511137961694554,0.07903155309323168
481820,0.01881040578678638,0.014996050130152509,0.10172741258119282,0.08109922752170974,2.4155511712319964,2.641599652767616,0.7194476327277107,2.0906373991740543,0.21511137961694554,0.07582816113942345
481830,0.06503366464259107,0.0802121615290953,0.43827067506222067,0.5405606215605053,1.9424215272579277,2.641599652767616,0.7194476327277107,2.0964123360734694,0.21511137961694554,0.15249864503743446
481850,0.006088564756409152,0.007049022456629652,0.03755181689354569,0.04347553342373619,2.1363348674397047,2.641599652767616,0.7194476327277107,2.1148714417128107,0.21511137961694554,0.037037711229056774
481890,0.049431390308009485,0.05365302500512449,0.3177651794223167,0.34490357263006066,1.7388636721971875,2.641599652767616,0.7194476327277107,2.0318589188239637,0.2461330695389085,0.06424772563957315
481910,0.018731776012823952,0.01479636960280534,0.13446122636488625,0.10621192572339506,2.2970138736557444,2.659154217044122,1.5747724371102407,1.9720962958665589,0.21511137961694554,0.060937653947254644
481920,0.014832673211676155,0.015254990533482423,0.10536704860369304,0.10836706951279754,2.3756188018369566,2.659154217044122,1.5747724371102407,2.055385549756136,0.21511137961694554,0.047652444407630154
481930,0.022776155518151507,0.022518050453837854,0.1593886120157441,0.15758238058558016,2.4595578612393485,2.659154217044122,1.5747724371102407,2.1277465865476546,0.21511137961694554,0.08770478315804905
481940,0.023504601446349985,0.023000600833267156,0.186034296433431,0.18204523073193862,2.140199603066998,2.659154217044122,1.5747724371102407,2.0690548975590435,0.21511137961694554,0.061978750450659044
481950,0.0271271172545273,0.02364153199996403,0.2602862405008462,0.22684185076555113,1.7324344285816464,2.659154217044122,1.5747724371102407,2.0009825870126616,0.21511137961694554,0.07795965741377942
481960,0.00917214868065257,0.006617938923941673,0.07629412772704663,0.05504815666780892,2.0065067604535063,2.659154217044122,1.5747724371102407,2.0154721739780066,0.21511137961694554,0.03450834693999685
482010,0.03978840880290661,0.027399120151337095,0.17773696635543512,0.12239334627905445,2.4327991264288102,3.412826228950727,0.35070281626399835,1.9870082283220987,0.21511137961694554,0.11310175109243144
482020,0.0036363855634610853,0.0018467099410393107,0.018640388014123592,0.009466375127105091,3.0429897601496183,3.412826228950727,0.35070281626399835,1.964440904241534,0.14842000511827325,0.025033854193994138
482030,0.049434414811900806,0.038833942653841234,0.20911963478144568,0.16427705143866403,3.0801300684869384,3.412826228950727,0.35070281626399835,2.4521342762685885,0.21511137961694554,0.1971224558111202
482040,0.03872727285382758,0.03844138282384544,0.18654065292077787,0.18516358428344576,2.547064958236923,3.412826228950727,0.35070281626399835,2.2884223239376404,0.21511137961694554,0.06942376704118475
482050,0.013747539388697437,0.00923305263213611,0.05453679182817299,0.03662772334017524,2.623056396652703,3.412826228950727,0.35070281626399835,1.8876865179069138,0.21511137961694554,0.04349070419614824
482090,0.014115866509068624,0.00645112268369341,0.06242133255538923,0.0285273081985961,2.7284131553783193,3.412826228950727,0.35070281626399835,2.24466558913151,0.21511137961694554,0.04438500595442076
482110,0.01400056655525337,0.0077114285961811455,0.11258610744353151,0.06201175681329846,2.001946155030409,2.446334259031505,1.6435608672175548,1.819458908658469,0.21511137961694554,0.02326653235059205
482190,0.018281532926092352,0.009697723417002516,0.14679992558363644,0.07787230325279706,2.0814192985451374,2.446334259031505,1.6435608672175548,1.951747860528728,0.21511137961694554,0.0483215609251426
482210,NA,NA,0.021619148222869828,0.013422662840046158,NA,NA,NA,1.4465404322266877,0.21511137961694554,NA
482290,NA,NA,0.07329340628947528,0.024601721696617423,NA,NA,NA,1.8605692220371677,0.21511137961694554,NA
482320,0.018219883791639004,0.014743378461120756,0.08838144246160168,0.07151752832524208,2.7657416986088434,3.035805722432231,0.749464516319487,2.1364966694677983,0.21511137961694554,0.06180549076330292
482340,0.00600559392773426,0.0014710269895016252,0.024449733238003795,0.005988786107086594,2.7723558902163306,3.035805722432231,0.749464516319487,1.6784339864784745,0.21511137961694554,0.018372770155305154
482361,0.04082223976778474,0.02763585473475977,0.2251497165681815,0.15242193706286813,2.0350023237176504,3.035805722432231,0.749464516319487,1.6649001712026261,0.21511137961694554,0.11874334583046134
482369,0.03988782150586105,0.029633208660921426,0.2888339828513205,0.21457871999704284,1.6366918421837664,3.035805722432231,0.749464516319487,1.7999372043746378,0.21511137961694554,0.08169211804875948
482370,0.08156785376620942,0.08435731835624465,0.559951227580085,0.5791004885862445,1.8113984496783186,3.035805722432231,0.749464516319487,1.925441596569893,0.21511137961694554,0.144842791017075
482390,0.023058423894351112,0.017603618613343818,0.11627677121678058,0.0887698111314837,2.479846356426775,3.035805722432231,0.749464516319487,1.9405306816226453,0.21511137961694554,0.0749151636848862
490110,0.027672675393017807,0.04214428339189753,0.1845325709027519,0.2810350951871912,3.3277056331368264,3.572271170614204,1.0777110360163171,2.7085518630243466,0.1706255170307633,0.07291869924103392
490191,0.01254865183335512,0.00447880302724685,0.0766318430861421,0.027351060126269578,3.099236962524354,3.572271170614204,1.0777110360163171,2.151608088083544,0.1706255170307633,0.011902288385696387
490199,0.04068099389059029,0.018653424574494835,0.31584316657521727,0.1448233221864122,2.795119142871746,3.572271170614204,1.0777110360163171,2.644935429826694,0.17154242253912744,0.06373652377651015
490210,0.017344332630159814,0.014483602657780537,0.13911342206151142,0.11616840915512856,2.696815937443618,2.762056843589634,0.21479377900418625,3.4758890698683307,0.1706255170307633,0.0023461079836291842
490290,0.005251078988293829,0.002504661768247647,0.048036176932235324,0.02291231499719673,2.7539413321531967,2.762056843589634,0.21479377900418625,4.153774952099706,0.17340619313600245,0.02446136463622707
490300,0.0316700141002489,0.024505636300747716,0.37864002724471946,0.2929842331990429,1.1855172325601835,3.048772257201012,1.1898592559553445,1.3943290550089273,0.1823215567939546,0.027801384756507872
490400,NA,NA,0.09874188241406182,0.028521924897697188,NA,NA,NA,2.323703801017272,0.1706255170307633,NA
490591,NA,NA,0.014717393804068625,0.002318704161273877,NA,NA,0.4486661160654241,2.0187829649226376,0.1706255170307633,NA
490599,NA,NA,0.26672240084654025,0.24622469368472183,NA,NA,0.4486661160654241,2.3184377218259327,0.1706255170307633,NA
490600,NA,NA,0.007118510940113265,0.007941929429189785,NA,NA,NA,2.4430748840298806,0.1706255170307633,NA
490700,NA,NA,0.011083377431325037,0.03884219315335374,NA,NA,NA,1.500778930868524,0.2461330695389085,NA
490810,NA,NA,0.09281256497838626,0.07715536698239032,NA,NA,1.3324310471577536,1.8383156147954696,0.2461330695389085,NA
490890,NA,NA,0.10060912268624737,0.0429132117280651,NA,NA,1.3324310471577536,1.9514831501730414,0.2461330695389085,NA
490900,0.07325666349060447,0.08688810977417637,0.4685685397196621,0.5557587907495838,1.9876194469308652,5.000575884771637,1.3717695541187958,1.857265908427928,0.2539882266653081,0.06566669377570285
491000,0.06508699452936596,0.07103624679518107,0.4099275609485046,0.4473968355467138,1.7329209744423617,2.992686677279241,0.6195237141608982,2.1233706462247075,0.2513144282809061,0.0626541064499394
491110,0.032139200648111634,0.032655928513524994,0.11771516237080858,0.11960776403332778,5.208810787532952,5.89430059126516,0.9397606585602828,2.3154559837266278,0.1706255170307633,0.04249975225832817
491191,0.13127457133847284,0.14806590964981373,0.6190106654488143,0.6981883568775664,3.2265033218956103,5.89430059126516,0.9397606585602828,2.9069312634730293,0.25283533332796654,0.12563407612896368
491199,0.06261968780082695,0.08035864866263888,0.27559540937574345,0.3536663220919002,4.566580483524456,5.89430059126516,0.9397606585602828,3.0081520783011992,0.1964334060821773,0.0840024946332398
500200,NA,NA,3.0807824201420504e-5,1.721151761446145e-5,NA,NA,1.7446450098485,2.5480002837595292,0.21511137961694554,NA
500300,NA,NA,0.0450034584163256,0.020928113595773006,NA,NA,NA,1.325392967027436,0.21319322046104172,NA
500400,NA,NA,0.06872126400150587,0.08189990775381735,NA,NA,168.33270236138213,2.5130940746164234,0.21511137961694554,NA
500500,NA,NA,0.0075397377123449134,0.005502328016869278,NA,NA,0.8881306462886503,1.4353973047479716,0.21511137961694554,NA
500600,NA,NA,0.024052619811281584,0.004092475956490338,NA,NA,NA,NA,0.21511137961694554,NA
500710,NA,NA,0.1585134646498712,0.027672902340509654,NA,NA,1.3660798891801496,1.7712965329757253,0.21120245192246975,NA
500720,NA,NA,0.019896234038242134,0.008025447250431299,NA,NA,1.3660798891801496,1.4287194936871266,0.21511137961694554,NA
500790,NA,NA,0.005939321287106635,5.536696907892368e-4,NA,NA,1.3660798891801496,1.3621180686997716,0.21120245192246975,NA
510111,NA,NA,4.813705113324515e-4,7.702380035430948e-5,NA,NA,1.4380105280321336,2.307848914634188,0.21511137961694554,0
510119,NA,NA,8.152463989697074e-4,2.0283961944582862e-6,NA,NA,1.4380105280321336,2.8639697304674874,0.21511137961694554,0
510129,NA,NA,4.122278607722672e-4,0.0016424312112530031,NA,NA,1.4380105280321336,2.0343502368926965,0.21409044746741857,0
510130,NA,NA,0.004813055310687083,0.005567195153964646,NA,NA,1.4380105280321336,3.122524210291791,0.21375229980059798,NA
510211,NA,NA,1.0322896779084594e-5,1.3926781339784217e-6,NA,NA,2.0402638248025906,1.704190832529798,0.21205871888971664,NA
510219,NA,NA,6.059522439360582e-4,2.2301575362169664e-4,NA,NA,2.0402638248025906,1.8070321732538026,0.21363516940870067,NA
510220,NA,NA,0.005008999722339894,1.4303768945146027e-4,NA,NA,2.0402638248025906,2.228897645603382,0.21511137961694554,NA
510310,NA,NA,0.028202485083478755,0.019676976206323336,NA,NA,NA,3.808176230866817,0.21511137961694554,NA
510400,NA,NA,0.13604909002161636,0.17577136407326086,NA,NA,NA,NA,0.21511137961694554,NA
510510,1.0084448016106839e-4,9.891102548730584e-5,0.0053799192629936455,0.005276772020557705,2.6315754452184366,2.651986229848828,27.06802899235956,2.0220622992653725,0.20720757692100178,1.2226798791471318e-4
510529,1.3897789576005067e-5,1.4742366117920737e-5,7.745158120032999e-4,8.215835764548598e-4,2.4812472608453184,2.651986229848828,27.06802899235956,2.028048217247331,0.21041652266251623,2.4289728738319136e-4
510531,7.460700909147459e-7,4.5527720951474136e-7,4.074063444921329e-5,2.4861313423188144e-5,2.5041135714418905,2.651986229848828,27.06802899235956,1.2267399646151884,0.20692071580732252,1.0760503014368399e-5
510539,9.148279937688477e-5,1.892564762394512e-4,0.004978308491272993,0.010298953782664067,2.5688569777457966,2.651986229848828,27.06802899235956,1.8578294831376279,0.20692071580732252,6.19287500270985e-5
510540,2.368548636881306e-4,2.652663386226311e-4,0.01808603127914674,0.020255506781362568,1.7245695988482335,2.651986229848828,27.06802899235956,1.2592644901767642,0.21511137961694554,0.007962717995605882
510610,3.9710900522013686e-4,0.0011691606699316794,0.0028049308109047203,0.008258223165126744,2.1272924500438672,2.143795347703485,1.2737073786184585,1.824732745718812,0.20620704178331134,0.0027532903613823657
510620,6.744927311318356e-4,6.855588330181362e-4,0.004680425062782056,0.004757214712581584,2.090227007272381,2.143795347703485,1.2737073786184585,1.7172138092146911,0.20620704178331134,0.0010487378797835699
510710,9.515528952258941e-5,1.0603972558982103e-4,5.66745088034764e-4,6.315728102568432e-4,2.999334452384313,3.003126528208851,1.6258784041136878,2.0578128070263917,0.20620704178331134,0.0060438696250099825
510720,0.004462228253723957,0.0014081486849340152,0.03379990906647993,0.01066626241343264,2.410298321663179,3.003126528208851,1.6258784041136878,2.1388880534241546,0.20620704178331134,8.238958494630354e-4
510810,NA,NA,0.03425661549594641,0.030591415178091802,NA,NA,0.7954795737784335,1.4397630820304386,0.2090917978585593,NA
510820,NA,NA,0.06728069404568748,0.05457698534140553,NA,NA,0.7954795737784335,1.7522775213613564,0.2090917978585593,NA
510910,NA,NA,0.013130544823601334,0.003942129628570398,NA,NA,97393.21165800016,2.376084454679971,0.2090917978585593,NA
510990,NA,NA,0.00712184913557437,0.0026615559055456943,NA,NA,97393.21165800016,2.3664235338801416,0.2090917978585593,NA
511000,NA,NA,0.008561639505923107,0.0026677492315722324,NA,NA,NA,NA,0.21511137961694554,NA
511111,0.001221710212630034,0.0023085862681000097,0.012014841448651333,0.022703663843526272,3.3150051430204504,3.386686393082964,3.2943256731192467,2.9642959546480334,0.19197498849459727,0.006457507755091164
511119,0.002484398840103273,0.00137682008778425,0.0266261080068673,0.014755827354131303,3.2891625504292317,3.386686393082964,3.2943256731192467,3.3556115594870066,0.18864523408999506,0.006294520402421677
511120,2.7366096033576073e-4,1.2294068666712107e-4,0.002230325005967521,0.0010019612859213777,3.3000967598722917,3.386686393082964,3.2943256731192467,1.9963247744239938,0.1967102942460544,0.003191601575233209
511130,6.509745761058781e-4,7.198410776670665e-4,0.005540044257394632,0.00612612469817496,3.2590575937096053,3.386686393082964,3.2943256731192467,2.161598552961877,0.1967102942460544,0.001010803326807633
511190,0.0011885028418943567,1.1288307188232957e-4,0.009451452190769673,8.976915489259633e-4,3.3124161744643708,3.386686393082964,3.2943256731192467,1.9398606038132389,0.1987037029697475,0.0026837152718807776
511211,4.259044396721102e-4,3.3242806117747136e-4,0.002868236727316416,0.0022387237263689166,3.0773155383217206,3.101931023872186,0.2533381427678188,3.6098659165335634,0.18641153972214602,0.014190150311565957
511219,0.0019339257617166294,0.0020230403921941906,0.012409831172918929,0.012981671902876397,3.0776669200915285,3.101931023872186,0.2533381427678188,3.3779947094621683,0.18387317170549855,0.007812359359142729
511220,0.002472865053422058,0.0033338256340426434,0.01104995456605607,0.014897141975598467,2.9845639901325116,3.101931023872186,0.2533381427678188,2.370083263785297,0.1967102942460544,0.001557995598377691
511230,0.0013295329714077802,8.034659074543915e-4,0.005750921773122578,0.0034754080421552395,2.965790039793641,3.101931023872186,0.2533381427678188,2.270176554844814,0.1967102942460544,0.0014423101126419095
511290,9.251317907058844e-4,2.2693349094338866e-4,0.005130637967905491,0.00125853807697507,3.061751965641305,3.101931023872186,0.2533381427678188,3.0610766197194117,0.1951951774591646,5.767673116566886e-4
511300,NA,NA,0.002929598613483101,0.0015146854851346098,NA,NA,NA,2.225847168135403,0.2110107294407995,NA
520100,NA,NA,0.0011396282900254754,0.0016860551200268837,NA,NA,7.300479845516093,9.47957593019833,0.21511137961694554,NA
520210,NA,NA,0.007377450726884819,5.909029332266786e-4,NA,NA,0.7933630584384682,2.3154537384242735,0.21511137961694554,NA
520300,NA,NA,0.007239010161802997,0.010971390244930991,NA,NA,0.7661546593379431,2.6170844137651814,0.20971527438758336,NA
520411,NA,NA,0.1086386952328091,0.0510772220037003,2.251865916708325,2.596098567526798,NA,1.9298983367761517,0.2085083968363658,NA
520419,NA,NA,0.0038763302343118953,0.001019080263890629,2.423918028623288,2.596098567526798,NA,1.464040746318414,0.2085083968363658,NA
520420,NA,NA,0.020104911100609697,0.006259508938643361,2.5125251791802294,2.596098567526798,NA,1.8292649831342345,0.2085083968363658,NA
520511,3.652071960414648e-4,1.1882889387368293e-4,0.0018286828996584962,5.950057079035935e-4,4.006230999713097,4.029180600145855,2.3158125398317786,1.8683645679970091,0.20858111968031878,0.0022562195650288235
520512,0.0010001604397951135,3.238254685697323e-4,0.0054767228414905975,0.0017732178456643984,3.9979533601519766,4.029180600145855,2.3158125398317786,2.2031826186051413,0.2064206122749357,0.0015557675930918983
520513,1.8155550364193682e-4,1.2314353508172224e-4,0.0010303842414098366,6.98878058965089e-4,4.014931820983631,4.029180600145855,2.3158125398317786,2.3538307309804414,0.20493481331362506,0.001933957587056403
520514,3.957803853448098e-5,6.30469410502175e-5,2.1194035803543814e-4,3.3761630828624614e-4,3.9569767501585473,4.029180600145855,2.3158125398317786,1.9868579827953365,0.2030557051105864,6.798992961098582e-5
520521,3.411380523050789e-4,1.779276179759188e-4,0.001905607567869718,9.939091023616511e-4,3.8375598853848008,4.029180600145855,2.3158125398317786,2.1106982758270494,0.20649191914812232,6.58958471809547e-4
520522,9.295090384247138e-6,6.633807897175044e-6,5.423574232501196e-5,3.870747683686526e-5,4.028752686347031,4.029180600145855,2.3158125398317786,2.488476023893253,0.20437440479678498,0.0019400530050442968
520523,1.0718645562324114e-5,1.262202718321258e-6,6.533141520794626e-5,7.693275179943958e-6,4.028468644229176,4.029180600145855,2.3158125398317786,2.6581922898056147,0.2025741658112224,0.0017962363452883935
520524,5.471971070764202e-6,8.065213416152512e-7,3.148716332993559e-5,4.640936306882115e-6,4.028524526512537,4.029180600145855,2.3158125398317786,2.339097384680244,0.20080546365460877,9.730788688891698e-5
520528,1.1197467075410395e-5,5.915457272960822e-6,5.5246779260093864e-5,2.9186061453081395e-5,4.004136169945188,4.029180600145855,2.3158125398317786,1.5961029484865412,0.19801288658863014,0
520531,0.0018734708523836382,0.0017440940785487318,0.009379321075745165,0.00873161081113243,4.019152702068635,4.029180600145855,2.3158125398317786,1.8391013727938386,0.20649191914812232,0.002807674102479254
520532,3.2575901942461384e-4,7.286564537412068e-5,0.0016136715174934833,3.609453907114599e-4,4.012989862003773,4.029180600145855,2.3158125398317786,1.7468734101194854,0.20437440479678498,5.749282177476022e-4
520533,0.0013833673497275877,2.923270235812544e-4,0.006908208271105767,0.0014598117864856525,3.8915915637132015,4.029180600145855,2.3158125398317786,1.6209499458473122,0.2025741658112224,9.17903552274587e-5
520534,3.1034535931368586e-4,5.89717465100414e-5,0.001815642852370687,3.450079945759671e-4,3.652017390570852,4.029180600145855,2.3158125398317786,1.9745454436908711,0.20080546365460877,2.32762732024932e-6
520535,0.01861733626561052,0.014895961931837879,0.31113502138751564,0.24894299421400135,1.0793130245902458,4.029180600145855,2.3158125398317786,1.2558648773578933,0.19801288658863014,0
520541,1.5573683210936783e-4,2.5213385838660196e-4,7.799720510015056e-4,0.0012627543528984614,4.025905863411698,4.029180600145855,2.3158125398317786,1.8707830507287593,0.20763936477824457,2.9549465949806075e-4
520542,2.482816099752672e-4,1.2732429738072438e-4,0.001157547568908492,5.936159786893646e-4,3.9993495779093946,4.029180600145855,2.3158125398317786,1.5158907845309755,0.20549829104489198,1.1524158675821943e-4
520543,6.310230748747462e-6,1.4449769917482375e-5,3.107335555255095e-5,7.11547415896968e-5,4.028645201121473,4.029180600145855,2.3158125398317786,1.7028912295075234,0.2025741658112224,0.0012908017907367752
520544,6.428455748202002e-5,1.2267063568476502e-4,3.3780283665964234e-4,6.446103128382777e-4,3.9138345005485706,4.029180600145855,2.3158125398317786,1.8140406743491169,0.20080546365460877,1.5562288267611065e-4
520548,1.1173007593538428e-5,3.8961546437383706e-5,6.345446723981828e-5,2.2127293401764036e-4,4.0219760344793585,4.029180600145855,2.3158125398317786,2.207171357230194,0.19801288658863014,2.8001839984811603e-4
520611,6.66154566431249e-5,1.2278120565581453e-5,4.0199403504795496e-4,7.409288290862092e-5,4.949599632198834,5.000012013161202,4.50492036684288,1.5211848407224762,0.20175394675877956,0.0025301746689677554
520612,5.1714111863809916e-5,1.6603242450770137e-5,3.4840249417743903e-4,1.1185749639314959e-4,4.982345354769482,5.000012013161202,4.50492036684288,2.2672527558420583,0.20175394675877956,1.4042003471318907e-4
520613,0.0036585065140431663,0.001503015268785157,0.04739985858734974,0.019473167786248014,2.664785545784144,5.000012013161202,4.50492036684288,2.4606633564085003,0.20175394675877956,0.0019054972105789502
520621,2.1801153038057572e-5,6.852446760768305e-6,1.2911390739280164e-4,4.058254051698411e-5,4.964520357141821,5.000012013161202,4.50492036684288,1.4269669979183928,0.20175394675877956,9.16324798431584e-5
520622,9.569399769851176e-4,4.508043493406645e-4,0.008778733020453379,0.004135568711205007,3.8399769633558485,5.000012013161202,4.50492036684288,2.6022676015999724,0.20175394675877956,6.740001813162144e-4
520623,2.0956074765809496e-4,2.961179910228228e-5,0.0014978986073819337,2.1165925934636188e-4,4.990599239478971,5.000012013161202,4.50492036684288,2.6920085478197895,0.20175394675877956,8.329785198442965e-4
520624,0.0013538466225055412,6.756471468883945e-4,0.012143047681888702,0.006060077548233683,4.070475222940941,5.000012013161202,4.50492036684288,2.860972352689499,0.20175394675877956,6.91489395857181e-4
520631,4.5179479302055313e-4,2.725887364938115e-4,0.0027615656925577786,0.0016661805636275606,4.964358945456449,5.000012013161202,4.50492036684288,1.6171648722104899,0.20175394675877956,0.007639004469207632
520632,1.4744347185380327e-5,1.4401831078106173e-5,8.620070329604936e-5,8.41982321817953e-5,4.985091095425454,5.000012013161202,4.50492036684288,1.3751212325582474,0.20175394675877956,7.732877536561561e-7
520633,2.7000204529975395e-4,4.8078414309189376e-5,0.0017970261950284942,3.1999079797016947e-4,4.144329498847016,5.000012013161202,4.50492036684288,1.0600604314272417,0.20175394675877956,2.003869857192365e-4
520641,5.8184615042297166e-5,2.233735552506708e-5,3.478219928258035e-4,1.335305476806771e-4,4.95755041349568,5.000012013161202,4.50492036684288,1.4742104060433188,0.20175394675877956,0.0012889918977747029
520645,5.137345077228215e-5,1.1945810902288299e-5,3.2120478962684314e-4,7.468938956037176e-5,4.860652921852107,5.000012013161202,4.50492036684288,1.6264835157523607,0.20175394675877956,0.0023637385824221433
520710,NA,NA,0.1362921040371032,0.08440366508103905,NA,NA,8.633480419900577,2.06389593238637,0.21511137961694554,NA
520790,NA,NA,0.1094878573454216,0.05457987520077025,NA,NA,8.633480419900577,1.627578349283515,0.20763936477824457,NA
520811,0.0025132411776456983,0.0014410322220649748,0.013415667907928286,0.007692222261755826,2.344680684621442,2.495324026769981,0.7564885333670076,1.7927262284064143,0.20367821791372087,0.007355319691200108
520812,3.084551719903598e-4,2.5466025293229054e-4,0.001774223548043011,0.001464797022489803,2.462838871003262,2.495324026769981,0.7564885333670076,2.1119146925704437,0.20248269865952861,0.003186114863601988
520813,3.265923393470048e-5,2.0860412970553692e-5,1.2558916238314765e-4,8.021749062383248e-5,2.485020605642783,2.495324026769981,0.7564885333670076,1.1885354841333828,0.2035395471173616,0.001043554660511816
520819,5.150489801914564e-4,4.1845279266986923e-4,0.002420977106096306,0.001966928719399146,2.398865891783118,2.495324026769981,0.7564885333670076,1.5277012233348213,0.2025741658112224,0.0018336325872985741
520821,0.009512534542751347,0.008999829475540662,0.07403504090656146,0.07004471209846594,1.768995818286327,2.495324026769981,0.7564885333670076,2.008388161316238,0.20082042769925312,0.025567014697257893
520822,0.001441998121397057,0.001363922271778455,0.007558471556654907,0.007149224082717751,2.389157198514294,2.495324026769981,0.7564885333670076,1.7697304411297208,0.20172372467685717,0.01437464588282372
520823,3.090890804471049e-4,3.0684414985971277e-4,0.0017192576836479634,0.0017067706227784974,2.384819203628338,2.495324026769981,0.7564885333670076,1.9216191320002476,0.20189021053496525,0.001255452085933392
520829,6.146008976598592e-4,0.0010355106104039684,0.0035535825584608214,0.005987255238714558,2.355421987452148,2.495324026769981,0.7564885333670076,1.9773421126532995,0.20073803261309514,0.0075987558841257765
520831,0.0010661868258176755,0.0010353582526850399,0.006059063791541627,0.005883867206206227,2.2240544541620806,2.495324026769981,0.7564885333670076,1.7950583722925422,0.2018765746055961,0.0033223168352213
520832,0.0027958853026597806,0.004487016880889795,0.01653900620437179,0.02654286281399279,2.274711830832576,2.495324026769981,0.7564885333670076,1.966031962584675,0.2023274055209875,0.011270800342096652
520833,4.615112673704132e-5,3.12033319680249e-5,2.1278820129518684e-4,1.4386866265961683e-4,2.441607377464675,2.495324026769981,0.7564885333670076,1.4980181630798701,0.2002674951900394,7.684188534528344e-4
520839,6.01285268236116e-4,5.926167647993425e-4,0.0033196203554029897,0.0032717626379770996,2.34147371937609,2.495324026769981,0.7564885333670076,1.8463123761100144,0.20134637116353282,0.003665586809337363
520841,5.135166863653038e-4,1.1313788134103254e-4,0.002361218937033525,5.202232274264568e-4,2.361312450433804,2.495324026769981,0.7564885333670076,1.432605125805809,0.20161794721932852,0.0034891678072170077
520842,2.2151492702560571e-4,2.1220774091869503e-4,0.001043744248705272,9.998902199896598e-4,2.411901593395858,2.495324026769981,0.7564885333670076,1.534800473981932,0.20161794721932852,0.0029672253135508836
520843,4.1952798233058444e-4,5.275760154286918e-4,0.001914386937708234,0.002407430910744319,2.273972333014076,2.495324026769981,0.7564885333670076,1.4756305012858748,0.21511137961694554,0.002896468827580061
520849,5.760387965550727e-4,5.940042779068569e-4,0.002943150800391947,0.003034941702560591,2.316416321038222,2.495324026769981,0.7564885333670076,1.6305145821210363,0.20168592397574586,0.0030536793622119784
520851,6.784436398376475e-4,4.564362049018035e-4,0.0035638638453999883,0.0023976589842752217,2.4022197154518,2.495324026769981,0.7564885333670076,1.7793204965201188,0.2009539229218419,0.003914501732917969
520852,0.006500642156979333,0.0031143963992634168,0.03853406523593839,0.018461307532662834,2.336386816788282,2.495324026769981,0.7564885333670076,2.0365380011607823,0.20167020801896623,0.016620414867570786
520859,4.983059875222529e-4,3.478331431101099e-4,0.0024853534583663102,0.001734854340124761,2.376197633101762,2.495324026769981,0.7564885333670076,1.630213122807463,0.20138333086772975,0.024590356600217148
520911,0.004178579327606518,0.0030978743658953414,0.025659935185879158,0.01902351234968737,2.993947585499934,3.063805718079728,1.4316767794037426,2.3464742204613818,0.20549829104489198,0.003303342154673785
520912,8.428636306654639e-4,6.202881206712184e-4,0.004853555784053081,0.003571874365354043,2.9690096821378327,3.063805718079728,1.4316767794037426,2.0816823056840987,0.20549829104489198,0.0024420621422745754
520919,0.0020794133583739547,0.0029226202765625132,0.013209559377340852,0.018566066205740896,2.9591978608351632,3.063805718079728,1.4316767794037426,2.4313678070394684,0.20549829104489198,0.006553756279158503
520921,0.004113856696585408,0.0022214688915172466,0.02312606485254274,0.012487997867250817,2.943367495838233,3.063805718079728,1.4316767794037426,1.9407119307912688,0.20381707149731698,0.0045227324472108844
520922,9.292553664309572e-4,8.940104942102494e-4,0.005725781848476368,0.005508613934355753,2.9102690058356098,3.063805718079728,1.4316767794037426,2.2232056490058696,0.20381707149731698,0.0037736976648239753
520929,0.0028196144568419608,0.0028618581456933577,0.017247991360668798,0.017506402143952885,2.8345408529765157,3.063805718079728,1.4316767794037426,2.10236822086721,0.20381707149731698,0.006216996927763688
520931,7.316357145786866e-4,9.406545056772447e-4,0.0037049923109836393,0.004763460341507819,2.904043915772025,3.063805718079728,1.4316767794037426,1.5697566611686136,0.20409535634351533,0.0028440655312737743
520932,3.7459542045792984e-4,2.720377476616625e-4,0.0021824249646960002,0.001584915189594959,2.944501317889053,3.063805718079728,1.4316767794037426,2.0481816839311913,0.20284904619177757,0.0015911635633278063
520939,3.7487871082243193e-4,3.3224392569354127e-4,0.0018270599673757674,0.0016192692690035655,2.9528325413534016,3.063805718079728,1.4316767794037426,1.4875901834946743,0.20284904619177757,0.003080194618892134
520941,0.003610009688988312,0.004010738821919283,0.017429401903869813,0.019364152697959935,2.8779757071425554,3.063805718079728,1.4316767794037426,1.4335878102647635,0.20620704178331134,0.01470514708192123
520942,5.60713331362549e-4,4.398071743767914e-4,0.0033447400975974797,0.002623516526304861,2.9659706265336467,3.063805718079728,1.4316767794037426,2.157222831809101,0.20284904619177757,0.00332765361156329
520943,7.052815501704578e-4,0.001028184879145819,0.0030777238517363135,0.004486816826240376,2.9118819794236543,3.063805718079728,1.4316767794037426,1.1459133850281051,0.20284904619177757,0.003919773369425962
520949,0.0029736314856981133,9.380090488945694e-4,0.015493828501154477,0.0048874083443098595,2.7536283402932122,3.063805718079728,1.4316767794037426,1.4787045167294686,0.20284904619177757,0.003913503100134904
520951,0.003771224722869869,0.0045672992353139995,0.021621714198931836,0.026185880180539644,2.983528869536466,3.063805718079728,1.4316767794037426,2.0564321876169793,0.20391636879883163,0.018232191240305763
520952,0.002421926790349373,7.615587024173925e-4,0.014491943545288767,0.004556894851583918,2.618685200200819,3.063805718079728,1.4316767794037426,1.7468208073877072,0.20284904619177757,0.009454267852860604
520959,0.0016724211671388842,0.0015670758647629464,0.008687291744716334,0.008140081870997285,2.9793445122011244,3.063805718079728,1.4316767794037426,1.70762051788737,0.20284904619177757,0.00797329762783879
521011,8.395486520564545e-4,3.1335826540305475e-4,0.0036916450872327322,0.001377892154534922,2.992968085113636,3.00511390591481,1.1169460567720912,1.800392045914477,0.22167188052001308,0.01870070564167052
521019,0.018103643043800344,0.04742307474642296,0.10815959784881951,0.2833275424685392,2.560905107748393,3.00511390591481,1.1169460567720912,2.0310329085129495,0.20574971838858414,0.03791056499884761
521021,1.8361279660919217e-4,1.6918976695343293e-4,8.908188097011333e-4,8.208438060657692e-4,2.9910833380657733,3.00511390591481,1.1169460567720912,1.7845022085645306,0.19994009053313927,0.020618157622560137
521029,1.6954340238978138e-4,1.6822667277894751e-4,8.170110330237272e-4,8.106658576621577e-4,2.9739614699830614,3.00511390591481,1.1169460567720912,1.7390977228240048,0.19928861811022835,0.004558558943232132
521031,3.5990233678911954e-4,1.8625797267001097e-4,0.001791063376116366,9.269176642062441e-4,2.8627388668488387,3.00511390591481,1.1169460567720912,1.7003119520200471,0.19775096012760268,0.004941038573016749
521032,5.919899781153936e-5,1.5305222860957253e-4,3.0318598355082735e-4,7.838526357044878e-4,2.9981877819204272,3.00511390591481,1.1169460567720912,1.9643792516524379,0.200670695462151,3.8488081812034766e-4
521039,7.908041066313887e-4,8.642741432908416e-4,0.004553525845330617,0.00497657335859062,2.5679024971270943,3.00511390591481,1.1169460567720912,1.8333861214418623,0.19953243218373518,0.0027995217656118427
521041,3.2065745857286964e-4,2.4159588000198032e-4,0.001846141205166469,0.0013909550429769628,2.222485082740922,3.00511390591481,1.1169460567720912,1.4072859507352795,0.19727263480761265,9.79655941504651e-4
521049,4.368236366337603e-4,3.6011105494557823e-4,0.0022250638508961706,0.0018343102878823569,2.658854619835766,3.00511390591481,1.1169460567720912,1.5787656950121116,0.19904098498676515,0.0022714553864858944
521051,1.5585569820656433e-4,1.368496938164531e-4,7.185124126218564e-4,6.308925807788058e-4,2.935270711255238,3.00511390591481,1.1169460567720912,1.5590061466637035,0.19775096012760268,0.002038191269451765
521059,3.0081724825271064e-4,1.198552009934754e-4,0.0016258771861740737,6.478014079029588e-4,2.840415001997273,3.00511390591481,1.1169460567720912,1.9776101896648963,0.20157263824874605,0.0024083775139242458
521111,0.0016047734205093473,0.0013309613036195103,0.005525714918297361,0.004582897895176095,5.05341137090309,5.096193587201811,1.5502024796330114,1.9962975104556913,0.20381707149731698,0.0017493599376768748
521112,0.0028067296069448308,0.001768393034959937,0.009159897129884947,0.005771235763273314,4.761283484046266,5.096193587201811,1.5502024796330114,1.6168453162284495,0.20381707149731698,0.025069249322152445
521119,0.0013302806429568027,0.0014640567766475074,0.004005169386189971,0.004407938589889694,4.873444767031266,5.096193587201811,1.5502024796330114,1.4403692385720892,0.20381707149731698,0.01511145018570317
521120,0.0010059687191401484,4.484490393283443e-4,0.0034654497389725015,0.0015448567899916685,4.682406197584714,5.096193587201811,1.5502024796330114,1.7218268198958353,0.20284904619177757,0.00971597198967422
521131,5.384132999943411e-4,0.0012286429425900003,0.0016612407279846314,0.0037909013324946552,4.874745456278912,5.096193587201811,1.5502024796330114,1.5070169413354002,0.2032627869897825,0.00724020753536951
521132,5.311901559349032e-4,7.254955933324723e-4,0.0018579519850118287,0.0025375771043366054,4.70217215347714,5.096193587201811,1.5502024796330114,1.7928321052719038,0.2032627869897825,0.0022400648857034237
521139,0.0011078267657153923,0.005647591345519235,0.0035242653137965434,0.01796635620430961,4.576716247992927,5.096193587201811,1.5502024796330114,1.4092311541646212,0.2032627869897825,0.004684327475016633
521141,4.0624641007709785e-4,2.5960086580647867e-4,0.001114953705363628,7.124812430751292e-4,5.036878553385657,5.096193587201811,1.5502024796330114,1.2596702825646504,0.2032627869897825,0.005828385425383689
521142,1.812812818636112e-4,1.706235156154215e-4,5.856066460743277e-4,5.511780570711773e-4,4.7880958542042835,5.096193587201811,1.5502024796330114,1.5937338738980753,0.2032627869897825,0.003921384015442756
521143,2.6839010396481837e-5,1.1211413755876106e-5,7.627268999978899e-5,3.186125990596886e-5,5.064748326305701,5.096193587201811,1.5502024796330114,1.3754201761642044,0.2032627869897825,0.0036990932924528554
521149,6.169484449563566e-4,5.627761154740045e-4,0.001932690543500646,0.0017629869811270512,4.968749153572119,5.096193587201811,1.5502024796330114,1.6136658106208968,0.2032627869897825,0.010614736348522152
521151,0.002947681962222482,0.0054520348476368155,0.00864216066023883,0.015984547072022896,4.721087208848746,5.096193587201811,1.5502024796330114,1.4272656417501328,0.21511137961694554,0.010688205038380338
521152,6.459979580889038e-4,3.780451549533398e-4,0.0033687501249741398,0.0019714298583272984,3.118615052223082,5.096193587201811,1.5502024796330114,1.755450802859263,0.2032627869897825,0.00870231331318733
521159,7.013392569800791e-4,3.5324120388222687e-4,0.0022791143615758635,0.0011479139273266126,4.903230750846422,5.096193587201811,1.5502024796330114,1.6885531205329891,0.2032627869897825,0.0032458349419718156
521211,0.002116515601072333,0.0016130885624072112,0.008855565287280738,0.0067492113317404725,5.05945236682821,5.706811301937583,2.609540345601071,1.656136662555572,0.20150676989108057,0.0022049364318339165
521212,0.0013855654600146332,7.155113214426105e-4,0.00544683853208887,0.0028127683232939973,5.226084188067558,5.706811301937583,2.609540345601071,1.5302990740335778,0.20150676989108057,0.004972764831519085
521213,9.23517092848414e-4,2.9654177476146304e-4,0.003541790276824554,0.0011372705309471095,5.65722979701477,5.706811301937583,2.609540345601071,1.762371184447748,0.20150676989108057,0.016124155223116866
521214,1.377105040041679e-4,5.980550838926597e-5,4.7184696715750355e-4,2.0491572488859466e-4,5.613779933252263,5.706811301937583,2.609540345601071,1.2322871187810247,0.19973233211748792,0.003202760954491093
521215,0.001011051155818198,3.623896681702345e-5,0.003936670511731673,1.4110153697292378e-4,5.385500700035558,5.706811301937583,2.609540345601071,1.7030996222670607,0.2056653740170753,0.017543565943028364
521221,0.0016202957214965764,0.0014144498009601725,0.00617292566578343,0.005388703656666272,5.606372944740797,5.706811301937583,2.609540345601071,1.6842478738263005,0.20103046340222058,0.009802164371587346
521222,0.004392780046529498,0.001204169392868837,0.017323155027327414,0.0047487042034599445,5.548096291444474,5.706811301937583,2.609540345601071,1.7888462373723593,0.20103046340222058,0.011724740094546071
521223,0.0012092941906185692,5.100663630356967e-4,0.004923484068221801,0.0020766688797682277,5.421370724295509,5.706811301937583,2.609540345601071,1.827685667666733,0.20103046340222058,0.0019955192852229853
521224,0.006907411685078029,0.00282056467773208,0.027808789768330032,0.011355409772444005,5.4041608272183375,5.706811301937583,2.609540345601071,1.7480558659993044,0.20028663573255612,0.02605327922791016
521225,0.004822534952880762,0.0014560267088473708,0.018525909628562466,0.005593369356248307,5.516015832322061,5.706811301937583,2.609540345601071,1.948656191301037,0.21511137961694554,0.009548383835694847
530129,NA,NA,0.0035271597997483476,1.0435569057378232e-4,2.275103219586882,2.275436843143573,NA,2.604845239070574,0.20938473660952822,NA
530130,NA,NA,0.10282041630069569,0.04478409511838183,2.271193329323255,2.275436843143573,NA,1.9327880661015464,0.21511137961694554,NA
530290,NA,NA,0.0018334512970355188,4.0093278239168687e-4,NA,NA,NA,NA,0.21511137961694554,NA
530310,NA,NA,0.18114562746216398,0.18162462740775992,NA,NA,NA,6.89086035645259,0.21511137961694554,NA
530390,NA,NA,0.006593202217958309,0.0023942850036098094,NA,NA,NA,5.185665845513023,0.21511137961694554,NA
530500,9.716559612147431e-4,8.649308588042814e-4,0.009380784154468977,0.008350414157742458,2.4901107114212184,2.492953549071195,2.44675887944989,2.724647488457108,0.21511137961694554,0.03347154414554982
530610,1.7719284298664926e-5,4.657966043922224e-5,1.6694493949744182e-4,4.3885737498005196e-4,1.872036330016483,1.922160873623546,1.3726868006252608,2.4213779737516647,0.21511137961694554,7.448181740620973e-5
530620,0.0011235210273795374,0.002349685388923656,0.011132364054020082,0.023281765560649013,1.8870023007282049,1.922160873623546,1.3726868006252608,2.6493126849823025,0.21511137961694554,0.0018410621264475743
530710,NA,NA,0.011046930339472983,0.011643017394598058,3.517271517832193,3.528176443707628,NA,3.3089446930517723,0.21511137961694554,NA
530720,NA,NA,0.14110625936017027,0.10886165692650815,2.762490680577135,3.528176443707628,NA,3.3571960629924167,0.21511137961694554,NA
530810,NA,NA,0.10222268614262509,0.12350448814537213,NA,NA,0.33433928375182126,3.086528061291224,0.21511137961694554,0
530820,NA,NA,0.040507913279908235,0.04116710132497857,NA,NA,0.33433928375182126,1.212405501200333,0.21511137961694554,NA
530890,NA,NA,0.027765232035821243,0.019489191377028644,NA,NA,0.33433928375182126,1.6290297113677097,0.22721686315171008,NA
530911,0.0027432445077485673,0.002382826866460781,0.014155068350279043,0.012295322952934912,3.386181953066484,3.617583709976088,1.9240082471110933,1.8345486484021873,0.21511137961694554,0.022690704080557993
530919,0.001882968314955358,0.0022714176807616753,0.008941166728758663,0.01078569619734783,3.4534010318373523,3.617583709976088,1.9240082471110933,1.6034475584651386,0.21511137961694554,0.021471654191448277
530921,0.00202146686588257,0.002547570547557019,0.009878261458908029,0.012449161734241175,3.2528615981411386,3.617583709976088,1.9240082471110933,1.345151565582394,0.20566324141610598,0.0229904951251167
530929,0.0015504308187513506,0.0021171885514635327,0.007285462658171391,0.009948652945648956,3.3366357113294587,3.617583709976088,1.9240082471110933,1.4196047293941563,0.21325659189079377,0.016402491086984647
531010,NA,NA,0.1695630190239155,0.047109224467969696,NA,NA,NA,2.689861474271635,0.21511137961694554,NA
531090,NA,NA,0.46722732122128235,0.24143567154493395,NA,NA,NA,2.491604391744483,0.21511137961694554,NA
531100,0.0011512594553147472,7.81705191380902e-4,0.010939385321620452,0.007427842835035699,2.6244222240725605,2.874456352117356,3.8304527950382425,1.483289680727675,0.21308215797344923,0.0019213747001004858
540110,0.004512714253768625,0.0013381983077966947,0.0238405453117275,0.007069664862219284,3.302075798475774,3.80450429342736,1.393893880500969,2.074176019561815,0.19880278033422072,0.006741302781063403
540120,9.744683730943734e-4,2.741862001454287e-4,0.0037621977425973878,0.0010585697101311534,3.67318848951396,3.80450429342736,1.393893880500969,1.4253947418545512,0.19880278033422072,0.0011069418331149487
540211,0.0034134137652213877,0.00567812153111556,0.027625896182507746,0.04595493154932142,2.900862840254635,2.925451573230802,2.6546972276268845,2.099979592173838,0.20251927694445637,0.013160856262025473
540219,0.0012781696440624932,0.0010446652892938397,0.01023764934055711,0.008367368885439652,2.8574932122591394,2.925451573230802,2.6546972276268845,1.980447793451609,0.20251927694445637,0.007836137707732744
540220,0.01054302261961884,0.011065100167310552,0.098936238584627,0.10383543976076672,2.2114729195311753,2.925451573230802,2.6546972276268845,1.6985029548421056,0.20976680155310556,0.03321670231238772
540231,1.5151085733782702e-4,1.550097076720495e-4,0.001173449634342368,0.0012005481850169072,2.8657713963713025,2.925451573230802,2.6546972276268845,1.8476108798653335,0.20284904619177757,0.002333781183974017
540232,6.345747884605744e-5,4.928987788774184e-5,4.83157354508614e-4,3.7528700221555643e-4,2.9195320910389206,2.925451573230802,2.6546972276268845,1.8666959330496617,0.20340107258500845,0.0029102400250894237
540233,3.833583363724904e-5,2.3300123902145475e-5,2.7672279752469946e-4,1.6818925942460591e-4,2.9159347914014537,2.925451573230802,2.6546972276268845,1.6149383187010364,0.20284904619177757,0.004979980253613274
540234,7.93294677042337e-4,5.1194021512015e-4,0.006114558368183538,0.003945933859084164,2.8872053594622673,2.925451573230802,2.6546972276268845,1.8595069673742044,0.20284904619177757,0.004786882804914854
540239,0.006258190223171458,0.0014718099508703856,0.09835734466546078,0.02313181821859864,1.3919536534004042,2.925451573230802,2.6546972276268845,1.782980717586732,0.20284904619177757,0.007556640124566924
540244,0.0015816478412116022,0.0013628696617589892,0.014222671254190406,0.012255349551553251,2.6527933890701623,2.925451573230802,2.6546972276268845,2.197383793329186,0.20340107258500845,0.00527609425042941
540245,0.0016035332789282367,0.0012789247116630766,0.013774935579849577,0.010986429621474041,2.6628708541037587,2.925451573230802,2.6546972276268845,2.0622953751732545,0.20620704178331134,0.013714901706186335
540246,1.960561288808406e-4,8.132829365998364e-5,0.001352023928360412,5.608485677479159e-4,2.8045698247770643,2.925451573230802,2.6546972276268845,1.2579090580254728,0.2023000250936765,0.0012300718030698972
540247,4.3107173363571033e-4,3.249260203767412e-4,0.003127970556639307,0.002357749176111217,2.754120311399048,2.925451573230802,2.6546972276268845,1.4101970735185811,0.20340107258500845,0.006180286316316674
540248,5.51661902683318e-4,6.662169336030559e-4,0.004227800553046461,0.005105722013130945,2.894653114553384,2.925451573230802,2.6546972276268845,1.8575331374812967,0.20340107258500845,0.008961339310545836
540249,0.00395902344895431,0.002261723159496356,0.03275048417684325,0.018709797883882193,2.687778496732974,2.925451573230802,2.6546972276268845,1.9175531840182396,0.20563966217691187,0.004992608709924566
540251,6.927570600792475e-5,2.986020913922556e-5,5.207392167965733e-4,2.2445649155511225e-4,2.916366268531588,2.925451573230802,2.6546972276268845,1.7801363610239007,0.2023000250936765,0.006256943505744837
540252,5.123772131149175e-4,1.9762494478300815e-4,0.004032789549304717,0.0015554552224477792,2.764851502521863,2.925451573230802,2.6546972276268845,1.7476419451010146,0.2023000250936765,0.0014885038079593316
540253,0.0037075963552127013,0.003445422654434812,0.0303884772350068,0.028239629632838596,2.548767147176488,2.925451573230802,2.6546972276268845,1.5944315258474617,0.20340107258500845,0.008808377961252598
540259,0.00803580522869722,0.006373308011016903,0.06792350315646578,0.053871067613421655,2.549743714228544,2.925451573230802,2.6546972276268845,1.7289989155564947,0.20340107258500845,0.004310166893972756
540261,6.807879129573154e-4,5.222836425893868e-4,0.005222872268769558,0.0040068583789370105,2.7974627322042855,2.925451573230802,2.6546972276268845,1.7255134698631087,0.20409535634351533,0.004455546175431576
540262,0.002329826198418787,0.0013808056967439708,0.018090296134441356,0.01072147955721976,2.7839722478149524,2.925451573230802,2.6546972276268845,1.7571470702309906,0.20409535634351533,0.00523975531584924
540263,8.31395186781001e-5,3.411712696267227e-5,5.932780554816784e-4,2.4345754058794475e-4,2.920585550671541,2.925451573230802,2.6546972276268845,1.5988752243271964,0.20409535634351533,2.5059707038571714e-4
540269,0.0026541638708519407,0.001363311901727204,0.019688358996519408,0.010112930267872708,2.7660231689379793,2.925451573230802,2.6546972276268845,1.5329561190740442,0.20409535634351533,0.005665840668693799
540310,8.161570110176171e-5,3.313139171630102e-5,0.0013154571062250248,5.340017188358423e-4,2.214599761215531,2.215707396215925,5.121913763109135,2.0553258014211324,0.201075528128435,3.932357911914496e-5
540331,1.0005313558927853e-6,1.2649866977728865e-6,1.463941955234279e-5,1.85088362176371e-5,2.2151068313368882,2.215707396215925,5.121913763109135,1.3819552499994017,0.200670695462151,8.403893587428518e-6
540339,3.551171839471763e-6,7.619072269138308e-6,5.352598464849424e-5,1.1484049878429093e-4,2.215220583620698,2.215707396215925,5.121913763109135,1.638882920602404,0.20248269865952861,2.0066387718090876e-5
540341,5.461463829460537e-4,2.6203568539886855e-4,0.008338685957905417,0.0040008198507496045,2.107137764123659,2.215707396215925,5.121913763109135,1.373349345105162,0.20189021053496525,0.001503860030192755
540349,4.412500565577053e-4,4.1547381339677726e-4,0.007312305644743068,0.0068851470176454765,1.868136169744417,2.215707396215925,5.121913763109135,1.1622259637927366,0.20298677416993322,0.004775013123502143
540411,0.001313156279834928,4.74311289074027e-4,0.014443303692477066,0.005216912943315183,1.5886724468602296,2.167481232627246,1.9278630521939264,1.653103231955698,0.20493481331362506,0.001854529109669088
540412,3.1966621098719394e-4,2.478738879517878e-4,0.003113116190359512,0.0024139561430875896,2.1646030647052825,2.167481232627246,1.9278630521939264,2.392225074365955,0.20493481331362506,0.00580237005963453
540419,0.0029433262526460417,0.0022511019819446104,0.030413074080783933,0.023260395030531535,2.105966602293842,2.167481232627246,1.9278630521939264,2.5640000259378066,0.20642063714282516,0.010712245168860799
540490,0.006111690315137726,0.005800125963677883,0.057170951083155196,0.054256465993417095,2.1271559358397365,2.167481232627246,1.9278630521939264,2.3524623907927227,0.21511137961694554,0.023259532891909053
540500,NA,NA,0.0467393244875037,0.007807731624148452,NA,NA,NA,1.6781528891185828,0.20571040519750228,NA
540600,NA,NA,0.09410635655413799,0.03854973029301603,1.3465457691650586,1.600825524071614,NA,1.4916671404296833,0.20409535634351533,NA
540710,0.0019295243197116983,0.0013290956688154203,0.0139000555544564,0.009574641503602358,2.5616081086494917,2.716911487386775,1.4820423679195194,2.133682175234714,0.1959369613795705,0.006828085091814039
540720,0.014446734513870128,0.018206440219611698,0.09372203637648535,0.11811282687520239,2.567143675459575,2.716911487386775,1.4820423679195194,2.100452571470566,0.21511137961694554,0.0637168289509242
540730,0.0014463927282320366,0.0010370352224648588,0.00941389897280836,0.006749580957490732,2.562267976478119,2.716911487386775,1.4820423679195194,2.0049006404769236,0.2090917978585593,0.009571521776951386
540741,0.0017367431678486295,0.0024348746571716913,0.010890563206127442,0.015268323401999623,2.4270094283855808,2.716911487386775,1.4820423679195194,1.4999228464069474,0.1959369613795705,0.0031971843269214574
540742,7.006937896813783e-4,9.522433225875868e-4,0.0050032135767598615,0.006799370552599821,2.3703334864786463,2.716911487386775,1.4820423679195194,1.8061946534139652,0.1942821444821557,0.002352183682914028
540743,0.004599199111456188,0.005338025821396556,0.03764167947335399,0.043688531876994036,2.063128636548823,2.716911487386775,1.4820423679195194,1.9193122519369865,0.20143680545561066,0.02903025365822161
540744,0.0013562731013369654,0.0011271141584280958,0.00983573339260251,0.00817386583454182,2.445165469052248,2.716911487386775,1.4820423679195194,2.029204044972179,0.19801288658863014,0.005448076140174581
540751,8.511551107853456e-4,4.294277276315314e-4,0.0055388202842399014,0.0027944648140877087,2.265464882416352,2.716911487386775,1.4820423679195194,1.3821275942904707,0.1942821444821557,0.0036122889738401066
540752,0.00152889027501283,4.7949649308170095e-4,0.013372037580773342,0.004193790247821234,1.7139564163585939,2.716911487386775,1.4820423679195194,1.4176614551907498,0.19343390382200987,0.005490486611324735
540753,0.007296452778970056,0.0035252227521884736,0.05513298027821746,0.026637058082923035,2.169525696621394,2.716911487386775,1.4820423679195194,1.7352671106395152,0.1962584419502264,0.016867116440374273
540754,4.18504076309216e-4,4.0035456881476304e-4,0.002692998855797479,0.002576210022228898,1.9467653421731002,2.716911487386775,1.4820423679195194,1.2640737928736625,0.21921426995781043,0.0034872495794906143
540761,0.0017946874612047397,0.0017439542929467602,0.014093006016295971,0.013694617516381059,2.01873508974145,2.716911487386775,1.4820423679195194,1.5989670317290805,0.1943564162627514,0.006110489598225628
540769,0.002523284018367546,8.045826557296909e-4,0.02187983702124645,0.006976676921560491,1.827402130935019,2.716911487386775,1.4820423679195194,1.6593128311260683,0.1982462463475509,0.005528928004782067
540771,0.002255965178385735,0.00110599064408786,0.014526270509132414,0.007121528040643729,2.5674341410529333,2.716911487386775,1.4820423679195194,1.7297978806716732,0.1942821444821557,0.007940130215003031
540772,7.400107087279685e-4,7.247282598042094e-4,0.004852323343621306,0.00475211481584483,2.348031440416286,2.716911487386775,1.4820423679195194,1.5091787973776156,0.1942821444821557,0.0038343199994115107
540773,0.00456542060027783,0.004300610550617027,0.028845157551176996,0.02717203950305323,2.6000898919574396,2.716911487386775,1.4820423679195194,1.913301339737766,0.20668228766093383,0.02271865646886789
540774,4.991605128389195e-4,1.5761108305455888e-4,0.0032763686211344373,0.0010345209478330902,2.324563831104035,2.716911487386775,1.4820423679195194,1.482290028727313,0.1942821444821557,0.004304705634734633
540781,2.3771158001022617e-4,3.0840937326210747e-4,0.0013160394647471997,0.0017074427190018368,2.6559071144523503,2.716911487386775,1.4820423679195194,1.3746557261971941,0.1942821444821557,0.008531510629910553
540782,6.672149410628613e-4,5.798803826844295e-4,0.004384568214194444,0.0038106537151324327,2.499023543997867,2.716911487386775,1.4820423679195194,1.7084984453539276,0.1942821444821557,0.005374170935086229
540783,0.002429193246703577,0.001532949334330098,0.014570916586508288,0.009195018515788292,2.5717945507962536,2.716911487386775,1.4820423679195194,1.6450412384113007,0.20271151249700387,0.016384779894620928
540784,3.235507945903146e-4,7.056409971215529e-5,0.0018453242637406968,4.024519411634787e-4,2.573936359208082,2.716911487386775,1.4820423679195194,1.370032454612574,0.1942821444821557,0.003870204474005928
540791,0.0011948515053965226,8.806177244227019e-4,0.008734853726516896,0.006437676127175135,2.3060884488676696,2.716911487386775,1.4820423679195194,1.7528584517760954,0.1918860080215129,0.004050005262887948
540792,0.0012284009295525746,0.0011365622037582887,0.008967729935321174,0.008297277096420159,2.3852703125964627,2.716911487386775,1.4820423679195194,1.869688586436569,0.19248157461858434,0.007947928750731194
540793,0.0092785595156551,0.0098297131462428,0.06895096316665206,0.07304670384899609,2.365738044205597,2.716911487386775,1.4820423679195194,1.9671091986970528,0.19619405605027468,0.03036682268217437
540794,0.0012779392115198924,4.279557858719759e-4,0.0077501983597973705,0.0025953834109105063,2.578990480144038,2.716911487386775,1.4820423679195194,1.630104193842948,0.1989791998568699,0.00864309978602192
540810,1.8824234764567094e-4,2.762779696565537e-5,0.001201357665047442,1.7631986674719865e-4,2.532362865300222,2.567368925206073,1.3848045638590305,1.7550809859816983,0.1942821444821557,0.0020624609684348947
540821,3.4746454940858587e-4,2.1763590011682777e-4,0.002359550964876975,0.0014779147944346828,2.5053170951840027,2.567368925206073,1.3848045638590305,1.9205225870039708,0.1942821444821557,0.0011424319890315485
540822,0.001589554357829288,6.330103854852631e-4,0.01230397493749486,0.0048998286090830845,2.427967446204202,2.567368925206073,1.3848045638590305,2.2664810149453483,0.1942821444821557,0.006079351823397455
540823,0.004463016079594558,9.516262106541846e-4,0.031660839292907965,0.006750879670856623,2.092352640828895,2.567368925206073,1.3848045638590305,1.6508499852067127,0.20451421286465826,0.003615596592489381
540824,0.0010135351194034015,4.5436499005265777e-4,0.006545306940423259,0.0029342429936000352,2.1495918318329146,2.567368925206073,1.3848045638590305,1.3639798128408795,0.19801288658863014,0.006551749983907144
540831,0.0011907818297587699,0.0010958005112727401,0.008755835346240973,0.008057436391160322,2.260193945895154,2.567368925206073,1.3848045638590305,1.8041945766002714,0.1918860080215129,0.0034901221306140617
540832,8.738724375660869e-4,7.168727236964759e-4,0.0064307591111727545,0.0052754104618544006,2.350158423615536,2.567368925206073,1.3848045638590305,1.9767629128607642,0.19437056374348366,0.00491401373292282
540833,0.0033522742508386673,8.194020684175923e-4,0.019949489735104076,0.00487628753784993,2.288101167655496,2.567368925206073,1.3848045638590305,1.2961185794474432,0.1968869314642393,0.0021498473141964764
540834,0.0019682777588892805,2.546811971352358e-4,0.013568765394820702,0.001755702110026478,2.098212509529354,2.567368925206073,1.3848045638590305,1.5428047838959855,0.20239962557101898,0.0013719746272563154
550110,8.673905321750201e-4,0.001597548550485566,0.007167914461573325,0.013201771212993152,3.630852886623695,3.76140340213021,3.923434337420503,2.200350356490204,0.20409535634351533,0.0020148211175989236
550120,0.0016087339003531401,0.001512949886107182,0.027120817336674912,0.025506043909218786,1.6674159175072285,3.76140340213021,3.923434337420503,1.8137080246285886,0.20409535634351533,0.008085444005060087
550130,5.335173363856711e-5,1.9161926717674236e-5,4.713567682423547e-4,1.692935399649431e-4,3.7606948681657513,3.76140340213021,3.923434337420503,2.8577013172757613,0.20409535634351533,0.0019957412241851493
550140,0.006970029179095843,0.006005317028334167,0.1914974416190434,0.16499254414691686,1.0028012524434509,3.76140340213021,3.923434337420503,1.6996729691988206,0.20409535634351533,0.04311126831931309
550190,0.003933172090515208,0.0017283693933251277,0.02906353611365968,0.012771504812053355,3.6019838947575638,3.76140340213021,3.923434337420503,1.508823742524973,0.20409535634351533,0.0043744159643086524
550210,NA,NA,0.0049966860814890605,0.006172820341317223,NA,NA,2.700286407299697,4.262660315794804,0.20409535634351533,NA
550290,NA,NA,0.0036646476240655298,0.004031829393415575,NA,NA,2.700286407299697,2.0193943582875504,0.20409535634351533,NA
550311,0.00443470538700931,0.001981428719552845,0.033735525107928946,0.015073050515115578,3.0535831341528352,3.128202453020274,1.7393376833125167,3.1075061156467343,0.20865393259467924,0.019621875721108167
550319,4.8784876346781353e-4,1.8871786401077333e-4,0.003759110812399389,0.0014541624704612374,3.1084797729036575,3.128202453020274,1.7393376833125167,3.3345653663285626,0.21183328410214206,0.061564585880114146
550320,0.005024393942599606,0.006015168846272222,0.03789121588526329,0.04536309531940974,2.964566412649797,3.128202453020274,1.7393376833125167,2.9255653048278396,0.20865393259467924,0.0351434230994577
550330,1.7762406894002277e-5,1.4249876824984137e-5,1.4357551552274107e-4,1.151833433099371e-4,3.128065554495702,3.128202453020274,1.7393376833125167,3.5363732329373443,0.20865393259467924,0.002026224383689152
550340,0.003313691851245254,0.0020109251126582154,0.022438732438312448,0.01361702070742165,3.043887958392755,3.128202453020274,1.7393376833125167,2.561384977571034,0.20865393259467924,0.07057185480341205
550390,2.5656662516535103e-4,1.487669668336554e-4,0.001633617185720245,9.472326088021281e-4,3.116649459714652,3.128202453020274,1.7393376833125167,2.4643678814477776,0.21183328410214206,0.011795741919038826
550410,0.0025514142560866962,0.0021043962701970615,0.05242302413310615,0.04323830056016217,1.6829030836060943,1.765518783711832,1.8850887916707035,6.334317103396746,0.23770604632484202,0.009049252932970148
550490,1.6970151999883636e-5,1.5502905165469384e-5,3.809483826098356e-4,3.480114172565882e-4,1.7647609680292984,1.765518783711832,1.8850887916707035,6.380862959676282,0.20865393259467924,3.9093107071241944e-4
550510,NA,NA,0.025557193458015756,0.006149369956218388,NA,NA,NA,2.289893013793209,0.21511137961694554,NA
550520,NA,NA,0.005116867380236179,4.6062533087453235e-4,NA,NA,NA,1.5301807824539413,0.21511137961694554,0
550610,NA,NA,0.02680919563242994,0.012367518731300207,NA,NA,21.259602249113744,1.9966349622347879,0.20763936477824457,NA
550620,NA,NA,0.0011579613479484737,6.076962054881027e-4,NA,NA,21.259602249113744,1.8086802730880696,0.20663465068495673,NA
550630,NA,NA,0.023062541073448194,0.002568184703432138,NA,NA,21.259602249113744,2.0345220825712964,0.20763936477824457,NA
550640,NA,NA,0.017698146937577545,0.004388207732283652,NA,NA,21.259602249113744,1.7184190048088555,0.20763936477824457,NA
550690,NA,NA,0.022167759519576582,0.01237649435931975,NA,NA,21.259602249113744,1.6639551345194967,0.20763936477824457,NA
550700,NA,NA,0.010429049181367188,0.003639375771234904,NA,NA,NA,3.313594078677546,0.20763936477824457,NA
550810,0.002328088963011066,0.002402244798335879,0.010191664009612564,0.010516295658140792,3.640919035644699,4.951842493110632,1.6082122882950776,1.5604722243825742,0.19880278033422072,0.005499453998295956
550820,5.227049997079369e-4,8.26082517504903e-5,0.001740555481010128,2.750772337003096e-4,4.849397849780504,4.951842493110632,1.6082122882950776,1.6106175861355987,0.19933290262049141,0.0010974017556842333
550911,8.239544683699796e-4,2.0907293367809267e-4,0.00775631178552747,0.001968112221941409,3.2768443558302107,3.322115870272883,4.838143071991695,1.3769011574515266,0.20148205181752815,6.068762288146455e-4
550912,3.124477130179025e-4,1.0709897867245006e-4,0.0032355249839637738,0.0011090541131016716,3.2993783826135386,3.322115870272883,4.838143071991695,1.990559049860423,0.19986586911683207,3.010370057974911e-4
550921,2.4563413048425464e-4,1.2489849348843853e-4,0.002400664198945316,0.0012206745912255014,3.2658186446896953,3.322115870272883,4.838143071991695,1.5797723111180164,0.201075528128435,9.582146413948903e-4
550922,1.920315556650331e-4,1.476796166379938e-4,0.0018030009726573357,0.0013865767608758144,3.260164440038392,3.322115870272883,4.838143071991695,1.2797446636888923,0.19986586911683207,8.055620164158353e-4
550931,8.52653616881051e-5,3.254847775781464e-5,8.131653803510839e-4,3.1041087226718985e-4,3.31302463567052,3.322115870272883,4.838143071991695,1.5450726579382208,0.20202662787328707,0.003650809450027892
550932,3.8932874550863723e-4,2.0892571164226337e-4,0.003835028959302681,0.0020579938258713185,3.268644690270429,3.322115870272883,4.838143071991695,1.6229180193611792,0.200670695462151,4.4329266733042326e-4
550941,5.236203442500743e-4,2.599622847813367e-4,0.005345237309110516,0.0026537549941168404,2.9599922046330787,3.322115870272883,4.838143071991695,1.2663507898569109,0.20202662787328707,0.001365635235890511
550942,0.0027356398970772404,0.0011645344221591389,0.02712589792034853,0.011547222240021655,3.0856436713622513,3.322115870272883,4.838143071991695,1.427837880686027,0.20479441264601322,5.304690467684204e-4
550951,5.254350416091332e-5,2.007934796831729e-5,5.338337472905998e-4,2.040030207397646e-4,3.267991110956774,3.322115870272883,4.838143071991695,1.8178783365077402,0.2004688279853608,0.0019525646149330547
550952,2.815430076946958e-4,4.7407921751550796e-4,0.002891592998937405,0.0048690399294025605,3.1242836477567386,3.322115870272883,4.838143071991695,1.515697732556585,0.19801288658863014,1.6830909952093495e-4
550953,5.053458392962225e-4,3.4087896355241854e-4,0.005461777263887114,0.003684219455454257,3.1558284192715744,3.322115870272883,4.838143071991695,1.8624726305904256,0.19645181113347837,0.01210692138436754
550959,3.0067346703776805e-4,5.237505828773815e-4,0.003176060421237777,0.0055324585613273185,2.93563878781794,3.322115870272883,4.838143071991695,1.2537504620555886,0.19645181113347837,3.110633971233612e-4
550961,1.6063227954650296e-4,8.597278888805332e-5,0.001597639595347207,8.550805108273184e-4,3.2726543219511455,3.322115870272883,4.838143071991695,1.5562917466415096,0.19645181113347837,3.9620820770362996e-4
550962,2.6638415959861497e-6,5.776552609186378e-6,2.6752349197839993e-5,5.801259083629506e-5,3.3215154974370664,3.322115870272883,4.838143071991695,1.767015775743639,0.19801288658863014,2.0571173687258278e-4
550969,9.28165831327979e-5,7.450703889898882e-5,8.689872656757984e-4,6.975657347114078e-4,3.186232855901034,3.322115870272883,4.838143071991695,1.1187119514956703,0.19968786937602068,4.0869338619206694e-4
550991,8.529169543970016e-4,9.425056321024984e-4,0.010013669419650649,0.011065485071410926,2.6137986732125684,3.322115870272883,4.838143071991695,1.2383371763126465,0.19801288658863014,3.6045139473866197e-4
550992,3.045222398442065e-4,1.0281987133014994e-4,0.0030937199964129907,0.0010445735987146077,3.1818067956847718,3.322115870272883,4.838143071991695,1.7591977051965877,0.20409535634351533,0.02951838247278042
550999,6.819469182582354e-4,3.5843832735046676e-4,0.006820001661981115,0.0035846631501635843,3.144984422308045,3.322115870272883,4.838143071991695,1.4341227240414438,0.19942153090644965,5.315709376775456e-4
551011,9.075431509743876e-5,4.4426429717579755e-5,5.675082829404884e-4,2.778090145810765e-4,4.2131979413435925,4.252335997833129,2.7879610237495904,2.5346582117072787,0.20202662787328707,0.006379761346181471
551012,4.0499818106285406e-4,7.588698158383158e-5,0.0022853586423837572,4.2822160028444927e-4,3.952150705524501,4.252335997833129,2.7879610237495904,1.6693549778493497,0.19986586911683207,0.0010131347017850638
551020,1.7902076616521001e-6,6.234252244472336e-6,9.602363425652618e-6,3.3439447847837146e-5,4.252192303993963,4.252335997833129,2.7879610237495904,1.7828047325159793,0.20040167192175778,8.082409539257226e-4
551030,3.4213013126510025e-4,2.882819044036955e-4,0.0020398799014473674,0.0017188210245311889,4.223944529535471,4.252335997833129,2.7879610237495904,2.3520565609615294,0.20409535634351533,0.041429189025319876
551090,1.1423323432255917e-4,9.31977172501298e-5,5.586711923300357e-4,4.557944990995077e-4,4.183415303868342,4.252335997833129,2.7879610237495904,1.29210161997346,0.19942153090644965,0.015230012203292204
551110,NA,NA,0.2296105456202006,0.17052131188103412,NA,NA,NA,2.6149848658995616,0.20409535634351533,NA
551120,NA,NA,0.07465463334451611,0.03636313531791003,NA,NA,NA,2.8415789303665266,0.20409535634351533,NA
551130,NA,NA,0.06343877196727955,0.03908278927933891,NA,NA,NA,2.2572789103499553,0.20409535634351533,NA
551211,0.004489921550024858,0.0015556710703148987,0.016425413308714276,0.0056910883670541305,3.685648027898721,4.644604282508821,1.0233797666935132,1.6464579683111553,0.19801288658863014,0.011708769970513745
551219,0.003165218765073056,0.0013136727079868557,0.013028243408681335,0.005407161106161105,3.318277866655529,4.644604282508821,1.0233797666935132,1.6527751556345465,0.1959369613795705,0.006786972714411669
551221,3.112353035447732e-4,1.8179353943564825e-4,0.0012429046153865603,7.259845738532076e-4,4.5679905039489705,4.644604282508821,1.0233797666935132,2.5887853537393037,0.19801288658863014,0.0074794088147997016
551229,0.009757615547332187,0.01064583596280353,0.032616743414104504,0.03558579433090549,4.479540397973001,4.644604282508821,1.0233797666935132,1.9416141510130553,0.19801288658863014,0.03290040177470981
551291,0.01742747985002281,0.019694165651352406,0.07886010351842325,0.0891169552534352,4.082554444761453,4.644604282508821,1.0233797666935132,2.5657373272384905,0.1942821444821557,0.007974884832178238
551299,0.0019462448230264048,0.002183449001108238,0.006796778997706264,0.007625155960707134,4.279157574067112,4.644604282508821,1.0233797666935132,1.9357050413963648,0.19801288658863014,0.012526687516372368
551311,6.187681167037583e-4,6.644185597974875e-4,0.004312426142694698,0.004630581133083844,2.603120729400362,2.785454625393398,1.8656113277024329,1.6590787959838613,0.1942821444821557,0.0019237499371654273
551312,3.4721750664660936e-4,2.6562490739755147e-4,0.0023825159192345175,0.001822648795943253,2.7247381759354354,2.785454625393398,1.8656113277024329,1.7667735772804758,0.1942821444821557,0.004871210776833858
551313,2.5212269549779415e-4,5.394910132718256e-4,0.001563624501093138,0.0033458366959224035,2.702473744421755,2.785454625393398,1.8656113277024329,1.3906173528993984,0.1942821444821557,0.001193502375725361
551319,5.975863057400475e-4,1.1214290550778396e-4,0.004201186131440828,7.883936007792756e-4,2.5842117821661112,2.785454625393398,1.8656113277024329,1.664043828316229,0.1942821444821557,0.001890627473478316
551321,0.002077376943313961,0.002164153220229931,0.019594426241921734,0.020412925437771127,1.5827425554192418,2.785454625393398,1.8656113277024329,1.5976175425431918,0.23198166957132896,0.003106486940249994
551323,5.532092145642491e-4,5.299138293431643e-4,0.004831306833080789,0.004627862727605201,2.148428315867124,2.785454625393398,1.8656113277024329,1.7796525413158129,0.1942821444821557,0.0016321913340262338
551329,4.080807668437746e-4,1.5684064908171898e-4,0.0032080276068377545,0.001232964582036103,2.498074111353844,2.785454625393398,1.8656113277024329,1.9497017178948082,0.1942821444821557,0.004838249371756204
551331,9.511020426121262e-4,4.681287331498888e-4,0.009278332004648678,0.004566758993757707,1.8451302768753175,2.785454625393398,1.8656113277024329,1.6314457293083542,0.1942821444821557,0.003048861881770036
551339,2.2537873066127368e-4,8.911527765246404e-5,0.001711940270409828,6.76905190096628e-4,2.2562677096039754,2.785454625393398,1.8656113277024329,1.4640433610170214,0.1942821444821557,0.0027360962260509583
551341,7.116786132664067e-4,5.610943825296046e-4,0.0047981496657678166,0.0037829081467575724,2.618741881794291,2.785454625393398,1.8656113277024329,1.5645572014049527,0.1942821444821557,4.89651340294214e-4
551349,1.692842665696152e-4,3.701906789283708e-5,0.0011037480543246245,2.4136752332401345e-4,2.545830918840409,2.785454625393398,1.8656113277024329,1.4495522864264547,0.19972022917537258,0.004178019726795406
551411,0.0016052916723396364,0.0011734456202860705,0.010474812471054126,0.0076569404982721415,2.986131834919812,3.168897536041662,1.7234883259607916,2.0621068535500946,0.1942821444821557,0.005229667765954872
551412,6.457593008240922e-4,6.71011505165371e-4,0.004247426969828438,0.0044135211997216655,2.9952267730764337,3.168897536041662,1.7234883259607916,2.104035016559095,0.1942821444821557,0.004949959505520516
551419,0.005121199833036028,0.004116405634452615,0.035754262317233505,0.028739172783090527,2.9157533120860903,3.168897536041662,1.7234883259607916,2.3369739498700466,0.1994658733780525,0.005708970769212592
551421,4.213224120174876e-4,3.575654394592043e-4,0.00257212947272377,0.0021828997912939716,3.0386806350211075,3.168897536041662,1.7234883259607916,1.8806065142325967,0.1942821444821557,0.0033494544086696046
551422,6.167823798529093e-4,6.47759293628233e-4,0.005638783546524646,0.005921982479282848,2.1386072863383085,3.168897536041662,1.7234883259607916,2.0750577279056004,0.1942821444821557,0.0030481880640816153
551423,0.002078688782494051,0.00107440366932418,0.01787308742949299,0.009237992179550382,2.2187317707677208,3.168897536041662,1.7234883259607916,1.9828733635310822,0.1942821444821557,0.0018280085076906908
551429,7.716601738468148e-5,1.0131430490122306e-4,4.95344719909419e-4,6.50357601506545e-4,3.152787620491391,3.168897536041662,1.7234883259607916,2.2839756127145567,0.19801288658863014,0.002797128244294642
551430,0.0020993530094582653,6.380025422212691e-4,0.013399590600022975,0.004072194065992231,2.8851659748009193,3.168897536041662,1.7234883259607916,1.9896273179715669,0.20163300197751072,0.02780561424962917
551441,5.7250041413528005e-5,2.1076180957797232e-5,2.838911037228587e-4,1.0451241827325401e-4,3.1272200488218473,3.168897536041662,1.7234883259607916,1.2892909021201069,0.1942821444821557,2.0890471786393062e-4
551442,1.4757919548695258e-4,1.5935796797174413e-4,0.001169226273859349,0.0012625460010579391,2.834444327853499,3.168897536041662,1.7234883259607916,2.6394015117347136,0.1942821444821557,7.711769325264886e-4
551443,1.077906546273732e-4,1.3136080811659228e-5,5.218522249294778e-4,6.35963574218516e-5,3.1091075708038036,3.168897536041662,1.7234883259607916,1.5144275700826746,0.21511137961694554,0.0018468193749624612
551449,1.5247505623731775e-6,2.5048439457336773e-8,7.033603597623844e-6,1.1554728899904305e-7,3.158283214037273,3.168897536041662,1.7234883259607916,1.2298185225255598,0.20271151249700387,0.008744414130607617
551511,1.4540129255526224e-4,1.1881891507333645e-4,7.435886005952599e-4,6.076451538424216e-4,2.9465638779409744,3.308106554298846,1.4005757796799465,1.5270341071570466,0.1942821444821557,0.0015583667153896755
551512,0.0046219570684688785,0.0026147910147664715,0.02815285584903283,0.015926983618316667,2.635893671108437,3.308106554298846,1.4005757796799465,1.778624526933899,0.19801288658863014,0.025417662902472903
551513,3.859262083887191e-4,2.926990584155056e-4,0.001983665160358013,0.0015044765347048273,3.279707075265474,3.308106554298846,1.4005757796799465,1.7997393233220034,0.18984256418723794,0.0017051347144983247
551519,0.004241953570877122,0.001562707106885726,0.030010581303099873,0.011055695895895641,2.386496305020858,3.308106554298846,1.4005757796799465,1.9426269918345407,0.19801288658863014,0.010521398909249238
551521,0.027571711860929004,0.014774984970846453,0.16084126143494515,0.08619077525472255,2.7988872727416227,3.308106554298846,1.4005757796799465,2.1116508563387226,0.21511137961694554,0.02144577231336425
551522,0.0012074034516018216,0.001528837164395856,0.006358248388223903,0.008050934775348366,3.185219368136101,3.308106554298846,1.4005757796799465,1.80614348808597,0.19117738489758923,0.004979230421844259
551529,0.006186285559475602,0.009468860754941784,0.032977781388532044,0.05047649627111464,3.196021589303807,3.308106554298846,1.4005757796799465,2.264344747172072,0.21511137961694554,0.00392706655188108
551591,0.002395944138111839,0.0022571809377569365,0.013067438341508256,0.012310626220614223,3.059186874359277,3.308106554298846,1.4005757796799465,1.9032202998721512,0.19801288658863014,0.009787460920695093
551599,0.0012989099545173488,0.00225657672204305,0.0075409021254106146,0.013100695810534165,2.951814451660587,3.308106554298846,1.4005757796799465,2.0072665986886618,0.19885942793617123,0.003288057712143691
551611,3.8623889159730956e-4,1.836624928725169e-4,0.001690959722693288,8.04077178071087e-4,3.1668722593025045,3.789221657245218,1.1898981462086218,1.5037489418179002,0.1942821444821557,0.0020871264695380256
551612,4.2091796057713886e-4,2.1342310461496702e-4,0.0019078028097859127,9.673362431467156e-4,2.837762179463667,3.789221657245218,1.1898981462086218,1.3089790361155889,0.1942821444821557,0.0055294696357370745
551613,3.756805045138831e-4,1.996382912343396e-4,0.0013121381620256672,6.972760560709129e-4,3.726913781842553,3.789221657245218,1.1898981462086218,1.3390687391075522,0.1942821444821557,0.004565520716312879
551614,4.7886325972989986e-4,1.2655011910541592e-4,0.0021895960614600808,5.786487828003675e-4,2.6414859521623804,3.789221657245218,1.1898981462086218,1.2338346913452582,0.200670695462151,0.0031148205352867914
551621,0.00146522965670333,0.001214224790443959,0.0070029226799084065,0.005803269326829281,2.7784121326611393,3.789221657245218,1.1898981462086218,1.3900037176137794,0.1942821444821557,0.005352382472249893
551622,7.090661872407214e-4,4.509082446040664e-4,0.003179434959351435,0.0020218612340447873,3.1094630917797588,3.789221657245218,1.1898981462086218,1.5189300667680734,0.1942821444821557,0.0016860578280475265
551623,0.006979444081218038,0.006112759143225629,0.027689842721429037,0.024251407031884387,3.2796701388655474,3.789221657245218,1.1898981462086218,1.4476976174438383,0.20271151249700387,0.05509238691716177
551624,0.0011952933482874465,0.0012597901022900146,0.005837778635651026,0.006152778943420234,2.9450596514338665,3.789221657245218,1.1898981462086218,1.604576054354414,0.1942821444821557,0.009652794963160374
551631,0.0010990425618097254,0.001045072427282486,0.005189190445613738,0.004934367460436459,2.9473454523104587,3.789221657245218,1.1898981462086218,1.4739423002059242,0.1914220966281454,0.005877262984064583
551632,5.739339187858699e-4,2.872752086893792e-4,0.002667926432092139,0.0013353961100060522,3.619406075439114,3.789221657245218,1.1898981462086218,1.9608325598960394,0.1872673291121883,0.0015744492705030194
551633,5.767423644720899e-4,4.429568183876794e-5,0.00302214298704597,2.3211037106314448e-4,3.425902705174457,3.789221657245218,1.1898981462086218,2.171888874533722,0.1872673291121883,0.0031016684661597915
551641,0.0016684811946044193,0.0010660885921957024,0.006969964953077266,0.004453511462106261,3.572598401517437,3.789221657245218,1.1898981462086218,1.7096235740426113,0.1942821444821557,0.004304694245989309
551642,0.005227145269088014,0.004395077632624104,0.03028629446724472,0.0254652603927494,2.7697365126551583,3.789221657245218,1.1898981462086218,1.987806155025542,0.19801288658863014,0.0072570777276831765
551643,0.01806856419852957,0.018362820694383032,0.08273041021364105,0.0840777204006877,3.2799659874133145,3.789221657245218,1.1898981462086218,2.04063543928861,0.21511137961694554,0.09876435753994803
551644,0.007316245296546636,0.00468778606687728,0.03154259492369912,0.020210494728254244,3.174743671862597,3.789221657245218,1.1898981462086218,1.5846753987035147,0.20271151249700387,0.02299588653939145
551691,0.0030538827008382155,0.0014551039422732537,0.01809034590413049,0.008619628263705733,2.375701653121267,3.789221657245218,1.1898981462086218,1.596735483383688,0.19801288658863014,0.009719529441067801
551692,0.0018704604909615043,0.0018168934801044282,0.008356201967994338,0.008116893645949332,2.90740523944593,3.789221657245218,1.1898981462086218,1.3820334434390675,0.19801288658863014,0.01943883795132233
551693,0.006341859353659559,0.006855588859506284,0.024748028982228585,0.026752771123409035,3.4854752611528412,3.789221657245218,1.1898981462086218,1.5672774656649473,0.20271151249700387,0.045171483171123746
551694,0.0016667326405392642,5.027559484229844e-4,0.006995155857262193,0.002110030206312264,3.2516514951024313,3.789221657245218,1.1898981462086218,1.5123728651583679,0.19801288658863014,0.003835599337450714
560121,0.014596368044806409,0.01438668919140024,0.1743897048842441,0.17188457256271575,1.6573854251326496,1.99647525147964,2.1404474658165022,2.0115150326740747,0.209678484786888,0.031607243427427247
560122,0.002534973199770522,0.0016444892007086564,0.0329137587017021,0.021351831547796813,1.777058484250592,1.99647525147964,2.1404474658165022,2.6075615630730105,0.2057812052389309,0.013284698102353401
560129,0.0025206643732975016,0.002233888269422035,0.03603687244045404,0.03193695577411455,1.35404870627378,1.99647525147964,2.1404474658165022,1.9072062689866043,0.2090917978585593,0.0027551385630089514
560130,0.0013370445444802097,5.553389856995689e-4,0.013802449616226824,0.005732821992871354,1.9843457135496978,1.99647525147964,2.1404474658165022,2.2660245581601868,0.21511137961694554,0.013905035811466866
560210,NA,NA,0.087907020195965635,0.04101317296127603,NA,NA,4.435342067311575,1.88956736783055,0.19924435333744273,NA
560221,NA,NA,0.08397465854715559,0.03960571957455059,NA,NA,4.435342067311575,2.2563579278099613,0.20409535634351533,NA
560229,NA,NA,0.0828757573515023,0.07035646092444875,NA,NA,4.435342067311575,1.8156867184304795,0.2057812052389309,NA
560290,NA,NA,0.034446292324200295,0.03171672824770459,NA,NA,4.435342067311575,1.9057135259975597,0.20797645251384977,NA
560311,0.003535909946849226,0.0024431606986641194,0.029868331608327463,0.02063772409847647,2.724585560665048,2.859390118124074,2.929180463542401,2.021599274928056,0.21511137961694554,0.009511910028544079
560312,0.010327710328142939,0.010112433101797389,0.09478765643767571,0.09281184349159682,2.620954298182495,2.859390118124074,2.929180463542401,2.245345510072418,0.21511137961694554,0.03506072016297171
560313,0.008073743532877977,0.00904140913485043,0.0736616983973641,0.08249030329814301,2.6709418745199156,2.859390118124074,2.929180463542401,2.3127903788652393,0.21511137961694554,0.04142215366119734
560314,0.00789908619034568,0.008410132565714898,0.07103380770557945,0.07562947473361852,2.68917048981224,2.859390118124074,2.929180463542401,2.272814951276389,0.21511137961694554,0.02151855431812649
560391,0.0015420670900664533,0.0011113594587176454,0.012134470796556994,0.008745247845024375,2.7021683773131615,2.859390118124074,2.929180463542401,1.6447900956433226,0.21511137961694554,0.010144442270070919
560392,0.00959677045191692,0.00901728970993423,0.09194259441807365,0.08639083478183514,2.2589573787449373,2.859390118124074,2.929180463542401,1.7262845800732303,0.21511137961694554,0.01766663970060016
560393,0.014956051166646084,0.01579869053930835,0.15482633490223954,0.1635494105496785,2.16779311975087,2.859390118124074,2.929180463542401,1.8981731182426498,0.21511137961694554,0.029902391764103847
560394,0.0064637557693139735,0.0075436532200873945,0.057412991352163385,0.06700496004887949,2.586950140754754,2.859390118124074,2.929180463542401,2.013660997384057,0.21511137961694554,0.018041150900974183
560410,0.002749540581992003,0.00227443242658066,0.024582987012634394,0.02033515823332173,2.1190715907339275,3.090996775580284,2.4404228597783675,1.4583313197087928,0.2057812052389309,0.011642282983303252
560490,0.004729331009462505,0.00396383340782217,0.03247730670560508,0.02722047432463292,3.0050568132573994,3.090996775580284,2.4404228597783675,1.7886846202413613,0.20493481331362506,0.00871039785357943
560500,0.001819748691593443,7.655761049161663e-4,0.01951728942079748,0.008211007642056256,1.7452084158363954,1.875474967489645,2.3330632395069784,1.4142533220054496,0.20020042604844202,0.0028460521572502844
560600,0.013535109044111392,0.010157719006788747,0.13234316969878585,0.09931983007206588,2.3944051568960565,3.372999943029222,2.9006860167712576,1.8613277983112686,0.20340107258500845,0.023798252586491663
560721,0.002702274343891715,0.0027146296217836073,0.016350177340134088,0.01642493325271406,2.666547938703554,2.680589911737973,1.1876969404641795,2.2829130370049127,0.21511137961694554,0.06274159041208648
560729,0.01427050350259971,0.01136021434546879,0.11830460367582801,0.09417787225014913,1.7803750450402065,2.680589911737973,1.1876969404641795,1.907068342894808,0.209678484786888,0.06290681632393214
560741,0.013613422624878352,0.01630612467645342,0.07788284777516664,0.09328788659350522,2.612998487455595,2.680589911737973,1.1876969404641795,1.9523043991037412,0.21004685303724982,0.04869876044965458
560749,0.01887046996842414,0.011882677584906147,0.1381323943866427,0.08698154891076333,2.2283719995045863,2.680589911737973,1.1876969404641795,2.2075187935705505,0.20814541970352135,0.046291245068548786
560750,0.022221916005876148,0.011955288052878786,0.18401797134953832,0.09900081765264446,1.8141788415981335,2.680589911737973,1.1876969404641795,1.8861377144330016,0.20460755613466008,0.04218643310696363
560790,0.021429608690585654,0.010531196633913295,0.16026297545651128,0.07875836334846371,2.0139866885489432,2.680589911737973,1.1876969404641795,2.007639436344496,0.21214901857140372,0.05043181542853932
560811,0.002761902517996856,0.0019919239547855475,0.01577601809135004,0.011377891921428811,2.410662539504151,3.122778506809299,0.7420829766242456,2.0586951600470487,0.20340107258500845,0.006981719360107593
560819,0.004578383734037484,0.003374677060718058,0.025720477205374466,0.018958285163038345,2.769071349175986,3.122778506809299,0.7420829766242456,2.4491866131592364,0.20514574595953838,0.03796437044626868
560890,0.007564681122396507,0.0035292092996359664,0.05062043106429403,0.023616341941336338,2.4078396888941103,3.122778506809299,0.7420829766242456,2.4847259383305675,0.2002674951900394,0.03486025713515585
560900,0.039422911442380505,0.04081726217799607,0.19760996222713392,0.20459923790757387,2.2920723346689527,3.739679652928692,0.5423175355373223,1.8798819830234708,0.2108246818005624,0.1473482738451375
570110,0.024812105398766195,0.015762252105759076,0.13574996228915204,0.08623714491617877,3.1297227186363954,3.150457255579159,1.614593574703351,2.0391896390818136,0.21338348977196875,0.07679724232951744
570190,0.022331224389635466,0.005494125216447845,0.1272658719375225,0.03131107475368387,3.0243962659455015,3.150457255579159,1.614593574703351,2.0930800768804962,0.21511137961694554,0.09105085141455016
570210,0.06456215496500231,1.4325257972925607e-4,0.5014711003799086,0.0011126801580280566,3.2356128413275997,3.370939058759571,2.380713842284893,3.0254328759227764,0.21511137961694554,0.06030688944938957
570220,0.04112491859657989,0.025427368312435146,0.30378406907218253,0.18782844259273546,3.2967381314905535,3.370939058759571,2.380713842284893,2.8577961989441905,0.21511137961694554,0.03992671591097445
570231,0.06382063795671901,0.036361846854409526,0.4979112160829262,0.28368521478237735,3.2076816327027595,3.370939058759571,2.380713842284893,2.7797117172147754,0.20620704178331134,0.16369006342005102
570232,0.008613041650582753,0.004856943662750252,0.06081827022046255,0.03429577193635445,3.3466843530715487,3.370939058759571,2.380713842284893,2.44237646096542,0.20409535634351533,0.01876606654250813
570239,0.007133890530282852,0.0034523865830554164,0.05089390917425152,0.02462968116017059,3.3170521076587014,3.370939058759571,2.380713842284893,2.6232824048402605,0.21145858013875946,0.06606730385209543
570241,0.023583708573407813,0.019830984729503738,0.1635312322106448,0.13750955913790874,2.894824191818858,3.370939058759571,2.380713842284893,1.9372021493884966,0.21511137961694554,0.06761190289227467
570242,0.037829521470747064,0.040098729461013186,0.281495385429934,0.29838091696737623,3.1981778758445754,3.370939058759571,2.380713842284893,2.7385372592549797,0.21511137961694554,0.10289942162666889
570249,0.009388057414914433,0.00986024308847182,0.06441623620004358,0.06765614223532496,3.3127365675817533,3.370939058759571,2.380713842284893,2.473904538683282,0.2135741002980591,0.08668997524045587
570250,0.01952797343653639,0.01915181314826648,0.14924701554430503,0.14637212427240626,3.107620799575575,3.370939058759571,2.380713842284893,2.552238036637267,0.20769707462083065,0.0433243481735207
570291,0.002747164723368145,0.0024313872673482153,0.018314350215762283,0.016209176517731922,3.36630188014737,3.370939058759571,2.380713842284893,2.357000171720534,0.2111100789759453,0.00454897983977756
570292,0.02892258363780352,0.030838040731119495,0.231466340933561,0.24679567147184597,2.5763891627407234,3.370939058759571,2.380713842284893,1.9700625478634963,0.2110107294407995,0.03738202723584109
570299,0.008560130618399126,0.015072147095758128,0.06176219652591762,0.10874704516714982,3.2283533651272736,3.370939058759571,2.380713842284893,2.4412935056411458,0.20701626147044527,0.040764918549049615
570310,0.036318014184664016,0.02780828423043981,0.22429263410275582,0.1717382808489911,2.67824681584887,2.859997027163624,0.6465405402784202,2.764186832455857,0.20620704178331134,0.11496343378862525
570320,0.007974350606719615,0.011307280800329795,0.04188357838354361,0.05938908446115712,2.7768084736104357,2.859997027163624,0.6465405402784202,2.350156852476998,0.20547004269671248,0.06236724000932681
570330,0.0238744560061084,0.02036456826249104,0.13845586387176498,0.11810086438984484,2.4348547153347964,2.859997027163624,0.6465405402784202,2.265211667648808,0.20620704178331134,0.05218416407798419
570390,0.03403933717522727,0.04038186284836023,0.1972778998443553,0.23403655169657722,2.7142509914530417,2.859997027163624,0.6465405402784202,2.6472226085589012,0.20938473660952822,0.16234971078499824
570410,0.002096974569490653,0.0012641237110902663,0.013711592045320733,0.008265788662137554,2.313581818377597,2.332319722692833,1.0344852064736174,2.11322855586307,0.20807296245020895,0.021523054496450245
570420,0.007590557633109399,0.005776858273508062,0.056273069839484005,0.04282709713709844,2.1484423921941835,2.332319722692833,1.0344852064736174,2.391725156385042,0.21511137961694554,0.018155941765036408
570490,0.02348159824912974,0.022632546572666643,0.184490395618745,0.1778195600976901,2.089938563878581,2.332319722692833,1.0344852064736174,2.4976963145566256,0.21511137961694554,0.056668123783870865
570500,0.02530406593403171,0.03517774133137557,0.11248438971173277,0.1563759269128065,2.3883091878144453,3.485754064482416,0.2879218895824733,1.9515404431926604,0.21093627233750875,0.0962061005611267
580110,0.0040824104455429375,7.507407294548156e-4,0.030597091562404612,0.005626696077028206,2.2186194945988613,2.224177500175176,1.243120499074476,2.333803313980617,0.21511137961694554,0.007266794956624958
580121,0.010506989534203006,0.012642942420378288,0.12199367148340384,0.14679361383148204,1.1802249678165004,2.224177500175176,1.243120499074476,1.3305711158073217,0.1878160521012553,3.2785463653509436e-4
580122,6.533198746282639e-4,4.610596338157028e-4,0.0055671687084587135,0.0039288514949475705,1.6467981377833394,2.224177500175176,1.243120499074476,1.4796928554809579,0.19403004857658274,0.004141297204951053
580123,0.0036520531712404183,6.786085256583274e-4,0.02685383782159355,0.004989862534282302,1.7621630304211218,2.224177500175176,1.243120499074476,1.357034940724954,0.200670695462151,0.013887426738211058
580126,0.007979138775365147,0.004383204319160973,0.061767812078886326,0.033931098118657306,2.0586659903820212,2.224177500175176,1.243120499074476,2.184995233633397,0.21511137961694554,0.01903020782295833
580127,0.0016448444027282786,0.0010290026483027862,0.011942619636795677,0.007471215644198353,2.1911864195599224,2.224177500175176,1.243120499074476,1.8291664095364037,0.19311128929254634,0.013449764077492994
580131,0.009398686764327984,0.0061675128816599915,0.09597442058119332,0.0629793810653383,1.0243900958473469,2.224177500175176,1.243120499074476,1.1409423433380705,0.22791032741291856,0.012636182620418792
580132,0.0017390345078621631,0.0011789715735133403,0.01710417096683259,0.011595705126747336,1.1284674441101334,2.224177500175176,1.243120499074476,1.3497648357396195,0.23361485118150505,0.007827769510470305
580133,0.00928082247142522,0.004460801841341041,0.0898649043532248,0.04319331956246781,1.143889023868521,2.224177500175176,1.243120499074476,1.2793164436601785,0.22773656954543758,0.014442288089181627
580136,0.035756543672366595,0.022107014273288598,0.3533608156265072,0.21847057328175656,1.2731855451999956,2.224177500175176,1.243120499074476,1.6222931841778196,0.22773656954543758,0.04275712383229646
580137,0.004093010404991872,0.002475051422694583,0.03301555929997061,0.01996457348771678,2.035658796571332,2.224177500175176,1.243120499074476,1.9216912614441921,0.19273788429251842,0.013671038747079254
580190,2.8130006424404304e-4,9.919402492726883e-6,0.0015830824680640523,5.582377743889664e-5,2.1998272953721427,2.224177500175176,1.243120499074476,1.3630690553915081,0.21051531942951057,0.010271152665972444
580219,1.3478900762166305e-4,1.3867460141688386e-4,0.0012512112416796035,0.001287280196581527,2.07847531651914,2.092943355843853,2.1104071292737574,1.7717453128334482,0.20121092234318733,0.012355234750249638
580220,5.148383393539111e-4,4.493393905902483e-4,0.004798775689151396,0.004188264118885508,1.9141209204220972,2.092943355843853,2.1104071292737574,1.3762446451995543,0.19542478179238165,6.670222543111248e-4
580230,0.005742274884267506,0.004473582519976421,0.08000015623814671,0.0623250032008888,1.1582755133770188,2.092943355843853,2.1104071292737574,1.2125404304750729,0.20592295214406203,0.0018426099375790672
580300,NA,NA,0.07236084247036986,0.09930953535984734,NA,NA,2.7159891202521314,2.2658226560245316,0.21003632262190636,NA
580410,0.0064126559388045816,0.0026200401921734895,0.04048360550598157,0.01654052151900427,1.6821852655568583,2.570259324353327,0.613186287841346,1.6388283189611825,0.21205871888971664,0.01343410713973043
580421,0.0026652142735617353,6.16797161250698e-4,0.018824799824083166,0.004356528931945998,1.4481265994814638,2.570259324353327,0.613186287841346,1.412155027193237,0.19801288658863014,0.0033604812130814976
580429,0.002004338840992969,5.971020732750606e-4,0.00910689675983085,0.0027129878567353507,2.215901136813155,2.570259324353327,0.613186287841346,1.46293701447878,0.20620704178331134,0.014441469672400935
580430,9.946645339302452e-4,8.289102472527377e-4,0.004165754957389335,0.003471559358892422,2.393738004444878,2.570259324353327,0.613186287841346,1.3562853861654711,0.19645181113347837,0.003069444282917945
580500,NA,NA,0.04080258886766957,0.024186237512042245,NA,NA,NA,2.8267354938363782,0.21511137961694554,NA
580610,0.013618407459458389,0.011610925135472534,0.07541890761647517,0.0643014458732342,2.9739517878635833,3.41818832595545,1.513101207662388,1.8885588122228454,0.2065394748107619,0.04547662364686777
580620,0.0028504438364394644,0.0014026256759662357,0.020394615635059753,0.010035634161776531,2.2062525638779693,3.41818832595545,1.513101207662388,1.7196804079026211,0.20479441264601322,0.007621101044242709
580631,0.011459434838172607,0.006997062103106135,0.0830459740393545,0.05070737309231609,2.2635174142048213,3.41818832595545,1.513101207662388,1.8053478918719137,0.2023000250936765,0.00996970578706473
580632,0.009878652953552383,0.009912229847054112,0.054516246674970535,0.054701543821993125,3.016178023847323,3.41818832595545,1.513101207662388,1.9187525427613425,0.20617859756810442,0.03532619412830489
580639,0.005123106288247026,0.004349566477764185,0.02857348742220747,0.02425916544608249,3.0808310117682507,3.41818832595545,1.513101207662388,2.122954021759387,0.2116083059990518,0.04661000569093483
580640,0.0013566942571579586,0.0011429113684368888,0.007166671467250412,0.0060373737491387644,3.3814741923583145,3.41818832595545,1.513101207662388,2.120144970634584,0.20340107258500845,0.008893509273587017
580710,0.0074674074424077655,0.0023209659408052067,0.02993135565272858,0.009303048958811183,2.096907078331208,2.627469814655101,0.21502805449862492,1.529768810951952,0.20759129950482974,0.016355364259409932
580790,0.005170508710279894,0.0029197697606000205,0.023349455808157695,0.013185363146102282,2.36690736869338,2.627469814655101,0.21502805449862492,2.003852368147222,0.20759129950482974,0.020628439848030554
580810,0.0068707592793944665,0.005759486359726753,0.02398017240257303,0.020101632183610354,3.010498382152321,3.266490085004661,0.6308597815642122,1.5822045746806979,0.2106241071914727,0.02731155915120335
580890,0.02450247681980893,0.011786109117411106,0.11566942003173335,0.055638963198182435,2.4276575364816355,3.266490085004661,0.6308597815642122,1.7670725246738126,0.20923817618406088,0.0566008403910442
580900,NA,NA,0.03722437713946599,0.012605408873736772,NA,NA,NA,1.2291192796665675,0.1942821444821557,NA
581010,0.01704583774757572,0.004490459678161597,0.10989337185309306,0.02894969214837886,1.7684704756113745,3.290728017489365,0.5044369048941915,1.7221871126484043,0.1952971595259616,0.010555086690600202
581091,0.005019323759409884,0.0024027484004610815,0.024408566341990016,0.011684371550214531,2.337251738071102,3.290728017489365,0.5044369048941915,1.4061143210800255,0.1680955178112677,0.016423884080680237
581092,0.013842079457242416,0.004794971566790528,0.05211354936898756,0.018052416780347746,2.5237654628984494,3.290728017489365,0.5044369048941915,1.446791378344219,0.20535712437444748,0.03277250664211038
581099,0.0033197076069407384,8.846593625359869e-4,0.01253993280654493,0.003341730741493036,3.2171662126243588,3.290728017489365,0.5044369048941915,2.004975009187542,0.20649192873322397,0.0204060701820808
581100,NA,NA,0.049525322067314324,0.012366809250913942,NA,NA,0.8997552561407914,2.172033944665029,0.2049699282234711,NA
590110,NA,NA,0.02028633355610208,0.009183732835679411,NA,NA,2.370845445948276,1.4979474911815238,0.20684912682169632,NA
590190,NA,NA,0.07988893919047274,0.057476111252308594,NA,NA,2.370845445948276,1.3930243873158379,0.20684912682169632,NA
590210,0.0012856832317450669,0.0012118270545605648,0.01872151968440057,0.01764606047264941,4.505077867571862,4.746718815062314,11.223547807386222,2.3224961845562513,0.20649191914812232,0.006872772636831383
590220,0.0015911114467248042,0.0015642066210034859,0.02349218192734477,0.023094941959101348,4.571485420127164,4.746718815062314,11.223547807386222,2.7138968194170436,0.20649191914812232,0.015176338701762661
590290,4.5769223530614886e-4,6.120585324184204e-5,0.0060932291669713,8.148298384679775e-4,4.731146476308988,4.746718815062314,11.223547807386222,2.325343139021905,0.21511137961694554,0.003946019217833555
590310,0.014616055962467378,0.01057124934960041,0.05558715665994793,0.04020412176831949,2.6480987919942907,3.086917825100005,0.3358892781082102,1.8095689709348215,0.2130304189743063,0.03644812031394164
590320,0.007116616361347151,0.007127110762109673,0.029968233944559847,0.030012426105720507,2.7678592359516117,3.086917825100005,0.3358892781082102,2.111947217512124,0.21001523971723401,0.01901171407460006
590390,0.006973653003005495,0.008223854365560902,0.029214283985176788,0.034451673575483004,2.8552365992255417,3.086917825100005,0.3358892781082102,2.176158094053573,0.21001523971723401,0.02998305928735253
590410,NA,NA,3.77899526840389e-4,1.1972222056356031e-4,3.0555066413851715,3.055714021122704,NA,1.9106248355608475,0.21511137961694554,NA
590490,NA,NA,0.04210223452413369,0.03724032386463541,2.272856638560288,3.055714021122704,NA,1.946374221936156,0.21511137961694554,NA
590500,NA,NA,0.21743770095140974,0.20849268430320717,2.729018747455621,2.982302866072331,NA,2.434514478554416,0.21511137961694554,NA
590610,0.020902667349902912,0.017541741656822724,0.12539808397903826,0.10523541118454754,2.9127077713384333,3.432099749622614,0.21406080439123443,3.4678893172621836,0.2107132253430439,0.0943772173932444
590691,0.012656818005623698,0.014838820102935718,0.06072577781220037,0.07119474200906649,3.0177167022737637,3.432099749622614,0.21406080439123443,2.8298004855590584,0.2102315247458093,0.05432198886544317
590699,0.022080639135183416,0.019375049404111413,0.12321775715941323,0.10811961183783927,2.8396627215564996,3.432099749622614,0.21406080439123443,3.1582531965920118,0.21281370181263287,0.09307054038572855
590700,NA,NA,0.05618332490888291,0.062485356390949744,NA,NA,0.8838530398153799,1.9309150466539056,0.21162969546581137,NA
590800,NA,NA,0.34366205689375445,0.08025303835550557,NA,NA,NA,3.1417964398088802,0.2099731007507272,NA
590900,NA,NA,0.08048930482587441,0.056733042237770336,NA,NA,4.601999685808884,1.8556782650431807,0.21258665371783209,NA
591000,NA,NA,0.07909510544483087,0.04948494030529756,NA,NA,NA,1.9111622158091317,0.20938473660952822,NA
591110,0.0013044365321141442,0.001580825285276437,0.008106502052496089,0.00982413716899013,2.131464204103478,2.141487950301776,0.9191996923515392,1.8631057083989142,0.2100468686196419,0.03732309613468603
591120,0.011401259498066528,0.013539990804751984,0.07848602020264527,0.09320899958689761,2.047508854840641,2.141487950301776,0.9191996923515392,2.0889786476929406,0.21342157173821255,0.03519955551560211
591131,8.11702167375286e-4,7.97230670667238e-4,0.00537905716597673,0.005283156217083681,2.1369413802522725,2.141487950301776,0.9191996923515392,2.0459531403884297,0.20938473660952822,0.0037404896115448083
591132,0.0014797664941278573,0.002145316515428246,0.009963989767981673,0.014445462776481937,2.1294724641417027,2.141487950301776,0.9191996923515392,2.0831213633598846,0.20938473660952822,0.004926925770914956
591140,0.0092765955131671,0.014609371677158218,0.06652323395679227,0.10476501305483024,1.8936045720266959,2.141487950301776,0.9191996923515392,1.842823147705931,0.20340107258500845,0.06497204171403126
591190,0.013972024209362319,0.009157658853623607,0.10290961525305972,0.06744986518229007,1.958925013182637,2.141487950301776,0.9191996923515392,2.1018610453410953,0.20938473660952822,0.04098147285146192
600110,0.00363194115177306,0.0020960489754696106,0.01777878561915575,0.010260410019015022,3.0406241370949108,6.51242620603158,1.1863309127624284,1.7396233308197273,0.19658098258390283,0.010321158193962404
600121,4.00488328913426e-4,4.794038467005057e-4,0.0011696594669434685,0.0014001387988102332,6.000826204241408,6.51242620603158,1.1863309127624284,2.335333621681009,0.20094044461944566,0.0034023133780467243
600122,0.029475584987346874,0.009958977666070219,0.19508167290608766,0.0659126536204572,2.0861714290856774,6.51242620603158,1.1863309127624284,1.9604610800719697,0.22791032741291856,0.04156878216120511
600129,0.0033489154220848827,0.00419809795955282,0.011147024472514916,0.013973568990290284,4.526005185807126,6.51242620603158,1.1863309127624284,1.8989017897540763,0.20479441264601322,0.011066944020347748
600191,1.6188654068117212e-4,1.9671352287996185e-4,3.549472527256518e-4,4.3130778029125996e-4,6.3069901957231185,6.51242620603158,1.1863309127624284,1.4389079419947144,0.18984256418723794,0.0011576183205388175
600192,0.0029681060875745547,0.0010527642281638386,0.01671738410160515,0.005929526590818899,2.305047401595197,6.51242620603158,1.1863309127624284,1.2988655420326018,0.1914220501705381,0.009360089782596772
600199,0.0018001952529283407,0.0012689097111891305,0.006928714323929641,0.004883866279164956,3.729047922690302,6.51242620603158,1.1863309127624284,1.7835222689792773,0.20692071580732252,0.016122320441920083
600240,NA,NA,0.007847334296769946,0.005434390042781531,NA,NA,NA,NA,0.20303272337096945,NA
600290,NA,NA,0.024611175554445426,0.028793309705872797,NA,NA,NA,NA,0.20303272337096945,NA
600310,NA,NA,0.002705928588138847,6.591784000421876e-4,NA,NA,NA,NA,0.20020042604844202,NA
600320,NA,NA,0.0366315623703702,0.02268471528132729,NA,NA,NA,NA,0.19926650801058632,NA
600330,NA,NA,0.12139937419907527,0.01760718898323993,NA,NA,NA,NA,0.19953243218373518,NA
600340,NA,NA,0.06065268919189156,0.012783363641178653,NA,NA,NA,NA,0.19953243218373518,NA
600390,NA,NA,0.024912395235003923,0.0032367854320359416,NA,NA,NA,NA,0.20020042604844202,NA
600410,NA,NA,0.008776715575316013,0.012293161836152124,NA,NA,NA,NA,0.19762032043403294,NA
600490,NA,NA,0.01780253805824349,0.06358708746742836,NA,NA,NA,NA,0.19936618015480678,NA
600521,0.012574346223982295,0.0021427537398353747,0.13287726952209095,0.02264318646360618,1.5254576079506783,2.847470653206943,1.632407992644861,1.602406500123139,0.200670695462151,0.002469784918037616
600522,7.603268581038397e-4,0.001396622722269072,0.005488186808509892,0.010081093833693664,2.4014286565802214,2.847470653206943,1.632407992644861,1.8460134392057805,0.200670695462151,0.005819687355165903
600523,7.193910335103105e-4,0.0014163738514105181,0.003628043815472484,0.007143078176735746,2.7318904213424258,2.847470653206943,1.632407992644861,1.1323347968364297,0.200670695462151,0.0021909719981018576
600524,0.00661681411579551,0.0029830845093063024,0.03953858060547505,0.01782533486056242,2.4064223365567035,2.847470653206943,1.632407992644861,1.2531376358686264,0.200670695462151,0.012107329606972916
600535,0.007506560857633915,0.006833002193863384,0.04579957328878657,0.0416900083401079,2.6691796902971694,2.847470653206943,1.632407992644861,2.0707248669535665,0.2273898421956609,0.031209521967638553
600536,0.007136736913673827,0.0042522583487589055,0.04835823470278532,0.028813127026186963,2.6516138833671516,2.847470653206943,1.632407992644861,1.9730877859860543,0.200670695462151,0.0288615115037721
600537,0.0031455866086503976,0.002783905657997332,0.02261825528840756,0.02001759821149597,2.3697584457244383,2.847470653206943,1.632407992644861,1.7869572263920541,0.200670695462151,0.014278975950083457
600538,0.012920824628500293,0.012119360900364124,0.11239541616677087,0.10542365918867992,2.0569430122598793,2.847470653206943,1.632407992644861,1.958171807365667,0.200670695462151,0.020079729089110064
600539,0.003633217263043166,0.0023821520513377637,0.02700479606594762,0.01770594095729166,2.1504490696159113,2.847470653206943,1.632407992644861,1.575062354532905,0.200670695462151,0.025242210080322208
600541,0.05283935197220839,0.07548365040637023,0.4266679842505942,0.6095165016350309,1.6464999639044837,2.847470653206943,1.632407992644861,1.5738855329336041,0.24116205681688796,0.013179500179189505
600542,0.0028229396629506306,0.0057427203804956166,0.023119829322012127,0.047032785285365544,1.9411888993328095,2.847470653206943,1.632407992644861,1.5579159480064744,0.200670695462151,0.013339124072996963
600543,0.014204343560164171,0.01587289094012671,0.1845788005649403,0.20626079331418495,1.1006650773412967,2.847470653206943,1.632407992644861,1.2377102850188026,0.200670695462151,0.02226732930327512
600544,1.6499482994813368e-7,4.726407672960224e-7,8.084416398106845e-7,2.3158451514771154e-6,2.8474646699162056,2.847470653206943,1.632407992644861,1.1673509364687467,0.200670695462151,0.004898090591427453
600590,0.016897306292514392,0.03202824230599729,0.11393272414715787,0.21595542108294966,2.7667689966323334,2.847470653206943,1.632407992644861,2.11117841167071,0.200670695462151,0.010190896511179368
600610,NA,NA,0.004951492050660066,0.00245793190382123,NA,NA,NA,NA,0.200670695462151,NA
600621,NA,NA,0.010644698611945556,0.022748203307076435,NA,NA,NA,NA,0.200670695462151,NA
600622,NA,NA,0.002990099457793331,0.005236524913395286,NA,NA,NA,NA,0.200670695462151,NA
600623,NA,NA,0.00919155903680548,0.007255500107070761,NA,NA,NA,NA,0.200670695462151,NA
600624,NA,NA,0.009817761994832136,0.01254985685149023,NA,NA,NA,NA,0.22595647806825767,NA
600631,NA,NA,0.053852656578060105,0.06272240550636707,NA,NA,NA,NA,0.200670695462151,NA
600632,NA,NA,0.006432590695394924,0.014887926353462921,NA,NA,NA,NA,0.200670695462151,NA
600633,NA,NA,0.03258798555329128,0.020764260478471273,NA,NA,NA,NA,0.200670695462151,NA
600634,NA,NA,0.009488309839794156,0.014004808191866358,NA,NA,NA,NA,0.200670695462151,NA
600641,NA,NA,0.05485826707456278,0.05219185454977117,NA,NA,NA,NA,0.24116205681688796,NA
600642,NA,NA,0.012153527496396642,0.02646974020756972,NA,NA,NA,NA,0.200670695462151,NA
600643,NA,NA,0.006099126382906074,0.00938383667824879,NA,NA,NA,NA,0.200670695462151,NA
600644,NA,NA,0.0044940679941556615,0.0063501164765094155,NA,NA,NA,NA,0.200670695462151,NA
600690,NA,NA,0.003632171154146223,0.002095084118888085,NA,NA,NA,NA,0.2098256889820609,NA
610120,0.039016855732118626,0.026574032497104504,0.27085666906017947,0.18447806186846336,2.522888037306551,2.789686653579881,1.078330843299599,2.7330262409952235,0.21761779049967803,0.020621558222664364
610130,0.021918180730486556,0.03569257885873007,0.1507195952759679,0.24543875726240277,2.4738669903529193,2.789686653579881,1.078330843299599,2.567904807558164,0.21433997304745045,0.052804824459651165
610190,0.014815904560721248,0.006664869563101217,0.0943011403890432,0.04242095362917706,2.3795636720119386,2.789686653579881,1.078330843299599,2.4566771720686504,0.23340185310896616,0.011154277531103282
610210,0.016357318145535236,0.012385749442023882,0.12297507906724686,0.09311664072241203,2.8290566277169336,3.485380115622448,1.217792260766858,3.393923642602997,0.2168282652051884,0.022226667375146763
610220,0.024139879225660087,0.008853064339534308,0.15130621006932507,0.05549007102284707,3.0638313220442748,3.485380115622448,1.217792260766858,2.9612898905278398,0.21761779049967803,0.01647421952237331
610230,0.022786584970105914,0.033846173539995236,0.16635057115717758,0.24708969366184882,2.7047520918521437,3.485380115622448,1.217792260766858,2.9509694951095287,0.2111225178002539,0.034061254606225264
610290,0.015902196452486896,0.005823358828426356,0.12070752523050836,0.044202902083922496,2.4444128870750492,3.485380115622448,1.217792260766858,3.177355688523747,0.2368763500321312,0.03144269937782111
610310,0.018244100433658206,0.018654581274854115,0.11532309402778072,0.1179177914653428,2.1407745418402846,2.925781705456734,0.48968343069310954,2.677393802538479,0.23404204896393987,0.011852179243177705
610322,0.0010879759187380033,0.006172863771140184,0.004959172554063536,0.0281369247853576,2.7703337298956754,2.925781705456734,0.48968343069310954,1.8802253800473263,0.18767637604442172,0.001998828980094499
610323,9.395943672589682e-4,6.77857937589894e-4,0.004009455013152752,0.002892568326057347,2.8627544023988256,2.925781705456734,0.48968343069310954,1.8704051801136263,0.1931965102936804,0.00266764181346829
610329,0.0016737591296283481,8.148995378601514e-4,0.0074906386572885135,0.0036469512679863265,2.9140122304477414,2.925781705456734,0.48968343069310954,1.9702424167917698,0.18862739062969303,0.003940810946218061
610331,0.006573304579238662,0.004613583102820575,0.03116017218738805,0.021870284900348227,2.7542088841746533,2.925781705456734,0.48968343069310954,2.4791376686224167,0.2273898421956609,0.0053781555895064835
610332,0.005670449458554276,0.0104797153391898,0.022681841077495567,0.041918941275864714,2.597636440082294,2.925781705456734,0.48968343069310954,1.8117155727848542,0.22148929121818328,0.0038924764299331466
610333,0.007911067343307031,0.009119786184379863,0.04153110913662916,0.04787657832879395,2.4818284521462246,2.925781705456734,0.48968343069310954,2.281087574483827,0.21266226107523473,0.004503178425776989
610339,0.022800541338612,0.00865914774892616,0.11622174251914398,0.044138480098568814,2.511513139847837,2.925781705456734,0.48968343069310954,2.504175383598282,0.23385875695736347,0.012579112803191309
610341,0.016614795369388587,0.0067639023224871486,0.10172141288546599,0.0414109042913838,2.41925236568058,2.925781705456734,0.48968343069310954,2.7532400029868596,0.21894656376779714,0.02129913525978349
610342,0.020193866855856654,0.027883009389473946,0.10453382024168102,0.14433676878834342,2.73957892388537,2.925781705456734,0.48968343069310954,2.635912589809241,0.2204000532654932,0.03420171432066701
610343,0.04175359087875958,0.02076974344876585,0.2495655762274785,0.12414292717815066,2.3631668563335024,2.925781705456734,0.48968343069310954,2.461651638000571,0.208945624920434,0.038685151606854706
610349,0.018404327063642374,0.027453674216601602,0.088994110367115,0.13275222205986645,2.4386768426041163,2.925781705456734,0.48968343069310954,2.2030269350977347,0.2283463449704821,0.013402791716837056
610413,0.04024815497755576,0.01723960457121845,0.1862640352214989,0.07978299414839798,1.9608241118607337,3.062102320886101,0.3819691801427331,1.7854422206889626,0.23884694133200696,0.0450985459606238
610419,0.042183906351105714,0.00225790672298451,0.17817983281207722,0.009537131034240972,2.480781002049463,3.062102320886101,0.3819691801427331,2.092033489778278,0.23610217272123368,0.01632352433541694
610422,0.0019422742102003804,0.0013738919706715825,0.007382622843033779,0.0052221906635388496,2.926501379098711,3.062102320886101,0.3819691801427331,1.691744240552846,0.1864231606018774,0.0019440386405866802
610423,0.0020391822610076825,0.0016785193397582945,0.0070232215533247155,0.005781049310833728,2.93666463179797,3.062102320886101,0.3819691801427331,1.503565582776646,0.1864231606018774,0.0014064057792080762
610429,0.0016739741351207915,0.002639171089034216,0.007543283853305571,0.01189266682461981,3.0392580321396485,3.062102320886101,0.3819691801427331,2.211607957039756,0.1893737978176428,4.4426144690404876e-4
610431,0.033432250146188544,0.017796338133144095,0.17349151112303746,0.09235135480486639,2.599973987326119,3.062102320886101,0.3819691801427331,2.552028947448131,0.21745941095922017,0.01822884228008115
610432,0.007228954565628387,0.010953685429020052,0.023284144875224497,0.0352813392491931,2.6578706859433194,3.062102320886101,0.3819691801427331,1.4946988966192802,0.21921426995781043,0.004394750927841373
610433,0.010344210765481254,0.01781852675089001,0.0415060851484899,0.07149673429035915,2.4956803658210975,3.062102320886101,0.3819691801427331,1.755213707436955,0.21342157173821255,0.008212304019435481
610439,0.06655581124044728,0.09039235344152326,0.3450340797781233,0.4686058498483303,2.015403681645553,3.062102320886101,0.3819691801427331,2.1189619550195236,0.23936666758576092,0.03137524326287377
610441,0.02845332594421756,0.019030827236964688,0.15688369386447093,0.10493066715943476,2.29371658572913,3.062102320886101,0.3819691801427331,2.417111382853494,0.2213252054833798,0.03431841121739385
610442,0.027440656433834906,0.03596854596547543,0.12414286532139343,0.16272345263915164,2.684808724123071,3.062102320886101,0.3819691801427331,2.34877487082422,0.2248228128339298,0.057322592707562486
610443,0.06266434691741084,0.05466937926305761,0.3831009442486707,0.3342233957176525,1.8018982069090144,3.062102320886101,0.3819691801427331,2.0231850868170245,0.2183333003394077,0.07487268732173359
610444,0.03587895802773427,0.06493716118838053,0.1853333031671889,0.3354338933711432,2.2665707521730014,3.062102320886101,0.3819691801427331,2.1845927375453034,0.21921426995781043,0.0834018295078854
610449,0.061069778191493694,0.011666047164981916,0.3507565332246709,0.0670043740324984,1.8953688432077054,3.062102320886101,0.3819691801427331,2.198332853549437,0.237026760560116,0.043106945720295047
610451,0.02344906556468567,0.014782676931487805,0.12161839787558432,0.07667024000425261,2.439667408120606,3.062102320886101,0.3819691801427331,2.391818296367917,0.21921426995781043,0.03452879536418271
610452,0.03365407632652455,0.04038613227398428,0.13375140834605828,0.1605066208588298,2.4971603292435822,3.062102320886101,0.3819691801427331,1.9043423459076976,0.230371256212531,0.04251391707896547
610453,0.028815276599493858,0.031493381902789906,0.12638932813804965,0.13813601149185378,2.454657629758392,3.062102320886101,0.3819691801427331,2.0092170912517227,0.22209299967512613,0.04183658281003702
610459,0.036703159245478796,0.04135970052659482,0.17575755269204996,0.19805596831629274,2.339336655167808,3.062102320886101,0.3819691801427331,2.2471136617777256,0.2346934646837282,0.07445011551124081
610461,0.019513399899204024,0.004539600896521839,0.09533100506088765,0.022177822331124707,2.3293211940299603,3.062102320886101,0.3819691801427331,2.1126222535576233,0.21921426995781043,0.042452122954811024
610462,0.02883532560169804,0.03392048254573313,0.13009353616048022,0.15303574454468477,2.796965203531929,3.062102320886101,0.3819691801427331,2.4077887958205095,0.22107956709335833,0.055994061034172496
610463,0.05730250278193644,0.027532864184920406,0.3440662076334835,0.1653178780243357,2.087116822331496,3.062102320886101,0.3819691801427331,2.203077787365803,0.20627816051526454,0.047406200195542765
610469,0.0357941651559058,0.056820167893282286,0.17206130801258454,0.2731325724913505,2.5845224128204602,3.062102320886101,0.3819691801427331,2.4641445873784984,0.2290872774471177,0.06763667535912794
610510,0.013414034010822345,0.01872637083988266,0.08183125928888065,0.11423875222784143,2.8838691726837484,2.979963301832822,0.7773465213024289,2.9480770608339406,0.21175821786675011,0.03368312409021715
610520,0.040689240897613776,0.028922581555143715,0.25269257190230193,0.17961803557883416,2.697922273038828,2.979963301832822,0.7773465213024289,2.5871326708985243,0.20080546365460877,0.03995887450356035
610590,0.020063174340385823,0.015043408904804031,0.11336650312010364,0.0850024344906662,2.6764979125358055,2.979963301832822,0.7773465213024289,2.794377735695225,0.236170642219648,0.01733064676840665
610610,0.0222665339392646,0.026401061594491616,0.10543690104955207,0.12501479244746241,3.373567088341811,3.500109292420465,0.9742931613584708,2.4084547795653024,0.21175821786675011,0.03488746919505392
610620,0.024131399156055278,0.034872617358473475,0.1460683130423604,0.21108533143822183,3.1310615756906786,3.500109292420465,0.9742931613584708,2.8895912553940954,0.2038726686412191,0.037248956932965385
610690,0.005673256524548208,0.03288515412517994,0.02592759560614067,0.15028986859908897,3.4015454024525806,3.500109292420465,0.9742931613584708,2.6630689047722043,0.23398091664061293,0.002658055526900502
610711,0.006710164383180754,0.009710959416024869,0.0323935847398943,0.04688004179706284,3.1994183337624285,3.320359503507283,0.9193671785179184,2.663663826349213,0.23198167827454905,0.013873605897964837
610712,0.0515804817451691,0.056659741386095246,0.3185027790431173,0.349866547980154,2.352055190711111,3.320359503507283,0.9193671785179184,2.2644209701708906,0.21921426995781043,0.048083578190708076
610719,0.014405824313630952,0.0021307571469946955,0.06706453343519787,0.009919476373989974,2.92702456621978,3.320359503507283,0.9193671785179184,2.4484262930371465,0.24715209136621874,0.02060859537317454
610721,0.034321118107449936,0.055698863436879555,0.1914176172343572,0.3106467478236103,2.832434645436788,3.320359503507283,0.9193671785179184,2.7030919077471185,0.2293100627089454,0.06277363321052684
610722,0.05630531864935798,0.047046639520024636,0.4017019644354162,0.33564728818907547,1.6883671655352257,3.320359503507283,0.9193671785179184,1.7000196531848402,0.21745941095922017,0.07926215780890632
610729,0.0606180517701369,0.06785289780993135,0.3632063354463099,0.4065555002725958,2.227870768664726,3.320359503507283,0.9193671785179184,2.236133602866197,0.23638877806423045,0.019228545656164327
610791,0.03387837451906717,0.029953840008126866,0.15476149748754897,0.13683363505386423,2.9007313603834204,3.320359503507283,0.9193671785179184,2.123887772247895,0.22966270113196063,0.08098865288043167
610799,0.058505503027932705,0.05119372525082885,0.34579523253632277,0.3025791628363425,1.9153423846782391,3.320359503507283,0.9193671785179184,1.803813915716504,0.2405513620943928,0.07985176501240411
610811,0.05136542087390512,0.01894430545840307,0.28410547525961694,0.10478218252967218,2.488897966920515,3.483143680249735,0.8285320764335004,2.189227710257132,0.21921426995781043,0.020758526324876812
610819,0.024675203703855203,5.310360057438443e-4,0.11544233614331999,0.0024844389458762144,2.801335560314932,3.483143680249735,0.8285320764335004,2.3381015067991844,0.24161746245393967,0.06349279502043911
610821,0.027444536848268992,0.02190182071664993,0.11094542895646972,0.08853881950242068,3.0913304039761136,3.483143680249735,0.8285320764335004,2.066000369886284,0.23162183037870754,0.026744585759822977
610822,0.04107829443801778,0.05588876932837514,0.20826754305308645,0.28335686355830747,2.606950108769232,3.483143680249735,0.8285320764335004,2.106204537577635,0.2220379558322068,0.059807709129594565
610829,0.010664230854037896,0.008036790840616396,0.04536171180295516,0.034185549330511066,2.8182785878307506,3.483143680249735,0.8285320764335004,2.029030894299026,0.23837021670679037,0.005448105658197031
610831,0.03181740829980124,0.05016035884049331,0.14768990840677576,0.23283413699191016,3.0574294698288305,3.483143680249735,0.8285320764335004,2.4358525744645063,0.23001643060197183,0.08183512550290306
610832,0.05893095600112089,0.07120118946405853,0.3363958839607553,0.40643812172949667,2.1666831435915728,3.483143680249735,0.8285320764335004,1.8610252082650454,0.21745941095922017,0.07513660886015017
610839,0.03853038499724535,0.019156348954687718,0.1939056979110467,0.09640508948332165,2.3007509439378824,3.483143680249735,0.8285320764335004,2.098598055928268,0.25280473215890314,0.02775119105327635
610891,0.029330298060937763,0.0422039561323877,0.12431897720490168,0.17888507813586207,2.7277647922243604,3.483143680249735,0.8285320764335004,1.8308867042151724,0.23001643060197183,0.04785347434796212
610892,0.05236515413456705,0.06420301637616452,0.2910851344700418,0.3568889266937447,2.1125314478479984,3.483143680249735,0.8285320764335004,1.7251041499264912,0.21745941095922017,0.08119036917911619
610899,0.00492794688828774,0.001831358900354009,0.017777017997140057,0.006606422688562651,3.381266911510602,3.483143680249735,0.8285320764335004,2.18299904046612,0.24689654167745045,0.05005564953118716
610910,0.024002297826872635,0.017440130105671036,0.19853342188948456,0.1442548848052448,2.0207247173804226,2.18589599617777,1.1374891353292054,2.48401364584402,0.21667103680859234,0.032948326984854885
610990,0.028060331108195027,0.017760314045818175,0.25490129155318353,0.1613354800131724,1.7672488745408212,2.18589599617777,1.1374891353292054,2.226954813264415,0.20957348675363396,0.031626753497503435
611011,0.014258043680562243,0.012251808314716854,0.10818156668375015,0.09295944435925589,2.042118493180659,2.774620902829499,0.7788108171850612,2.59058840516557,0.21745941095922017,0.014537181209785656
611012,0.04186248545013582,0.04019089458685624,0.34518375845475524,0.33140039106552627,1.6060505854809013,2.774620902829499,0.7788108171850612,2.287525288616695,0.23154488588824174,0.04583037846038175
611019,0.011797836671815458,0.012098292787013019,0.07262849516368582,0.07447812879708379,2.4109168901086218,2.774620902829499,0.7788108171850612,2.4486807268235817,0.21745941095922017,0.04519443980344962
611020,0.03139649308928533,0.050358316344979115,0.18345821644553123,0.2942572877033385,2.504284249153693,2.774620902829499,0.7788108171850612,2.486495950471829,0.2231435513142098,0.06457227981067971
611030,0.03724064299517172,0.028764051640253547,0.24982636448469814,0.19296171792915431,1.9766196988992477,2.774620902829499,0.7788108171850612,2.0757458569969587,0.2152754240936003,0.03813470545264933
611090,0.01787186147353474,0.011796079453065248,0.10359728738662015,0.06837798261497532,2.478939828001187,2.774620902829499,0.7788108171850612,2.6478413857708714,0.23846544011356016,0.02920091776871216
611120,0.032099853932500595,0.03905966883328358,0.19432584586777174,0.2364591191381656,2.665569136783441,3.083417734839473,0.8376399541853997,2.786462611408364,0.22458617481651158,0.06299175738006006
611130,0.0361710452742897,0.040954032331729964,0.2338431713460173,0.2647648340609677,2.22544191261776,3.083417734839473,0.8376399541853997,2.163911832232171,0.20862480545621104,0.06010478912953544
611190,0.03540987812866986,0.012148675808118568,0.2678438688478234,0.09189380200633486,1.9113387622346958,3.083417734839473,0.8376399541853997,2.395157667331296,0.22360606191455776,0.01961879660744412
611211,0.009538344755325954,0.019094354572118236,0.05272983812014463,0.10555733216019947,2.6063514122061586,3.163034950549104,0.78099565615372,2.3775358615406086,0.21921426995781043,0.01647949070098302
611212,0.008668490108564133,0.010726617270533863,0.05634661576382101,0.06972478184997936,1.993597066722791,3.163034950549104,0.78099565615372,1.8072776777071675,0.19973233211748792,0.016230026797759915
611219,0.012310280052053058,0.0017711667579669934,0.05872643218994385,0.008449385722259362,2.8355941284709303,3.163034950549104,0.78099565615372,2.1529385984831286,0.21689054764880863,0.00509942928205325
611220,0.02427038207497693,0.005780720816873925,0.14332449105335396,0.034137034449663525,2.3690727989934057,3.163034950549104,0.78099565615372,2.109353340689758,0.20659893750994113,0.015649281954677102
611231,0.006336135991782637,0.008156400884974126,0.033890011416081986,0.04362603950805434,2.624265227778094,3.163034950549104,0.78099565615372,2.066269550842889,0.20284904619177757,0.011673499302069424
611239,0.007425986431530011,0.0019277652581984348,0.03219238199674492,0.008357052112091083,2.9920156936159086,3.163034950549104,0.78099565615372,2.0982750412912723,0.2219829758796599,0.004023261632659576
611241,0.03236971889333523,0.042870370787054524,0.18991335190643444,0.25152074506638794,2.359791331870592,3.163034950549104,0.78099565615372,2.046616744060264,0.20423478143420054,0.05507655888616076
611249,0.01681876817311588,0.006605552241105361,0.08711610726542342,0.03421475292722843,2.7069868485921957,3.163034950549104,0.78099565615372,2.331509586602982,0.2219829758796599,0.016430553332773826
611300,0.027690102573176955,0.03420557086816973,0.20561064665473286,0.25399073646666354,1.9894125360977903,2.676896877666546,1.4065744039530368,2.0423062410072257,0.2334706434953709,0.04499404720434454
611420,0.04441483904362948,0.07910852653724892,0.22480388911429103,0.4004045677212792,2.7567197919037216,3.214401679706595,0.6497414475650147,2.503830139166006,0.2260134798695424,0.07501397577072864
611430,0.04154403622090889,0.06226823024915903,0.24916685469912794,0.3734634496360117,2.3039785316218113,3.214401679706595,0.6497414475650147,2.2683017617465464,0.2111697514081719,0.0667122906210577
611490,0.007926577566450897,0.0063116196482237725,0.0311324074188763,0.024789502495144024,2.8883816124696056,3.214401679706595,0.6497414475650147,2.082960658707444,0.24088553875306484,0.02802498147452314
611510,0.02784507489518902,0.022145803266213834,0.1694744416001973,0.13478676773025564,2.4360691393273224,2.710267248810736,1.248770890176803,2.072120813862698,0.22398002145917578,0.04016130388050163
611521,0.027485890374516663,0.024592059650531288,0.20585845947605236,0.18418481067999895,1.9233895820660294,2.710267248810736,1.248770890176803,1.8838250094267448,0.21745941095922017,0.03628895842767856
611522,0.019840177478038026,0.010913034530489146,0.18854205837363536,0.10370703567337508,1.3969452765476549,2.710267248810736,1.248770890176803,1.8308393468093702,0.23198166957132896,0.007510069778140602
611529,0.010849060364694076,0.013588434270417298,0.08456166593072931,0.10591337873241728,1.7358242132505948,2.710267248810736,1.248770890176803,1.8990332894168334,0.23265937703417022,0.008563506893401891
611530,0.025976580465995592,0.011237943856352219,0.22977415429533468,0.09940450202796994,1.506478118252122,2.710267248810736,1.248770890176803,1.7667639983496464,0.226298843034667,0.02621282367251705
611594,0.017351096341735664,0.00877271553450012,0.1138203059442195,0.05754755471541158,2.007687540028269,2.710267248810736,1.248770890176803,1.7166306120828776,0.22516171716752525,0.04698378790479291
611595,0.009552300822564436,0.009395097526108937,0.057607514586481424,0.056659461194757114,2.3446053322820326,2.710267248810736,1.248770890176803,1.9241917116037879,0.22440062250426093,0.020680753707225125
611596,0.04284132636949464,0.048442304080585655,0.3672043050559478,0.4152117619282335,1.4454072867787429,2.710267248810736,1.248770890176803,1.506486585657174,0.2223960623771943,0.053109778146376616
611599,0.012305040351361094,0.008133610170631267,0.08227158166828039,0.05438137172276953,2.1166557604990492,2.710267248810736,1.248770890176803,1.955827586117725,0.22644179273259044,0.01792155404701631
611610,0.0329725835475077,0.02373885153142898,0.23285123712312158,0.16764294308363845,1.939813399555453,3.048953089102565,1.1693654613252027,1.9005753603243736,0.2241013519529818,0.04364729685348389
611691,0.008898800805604122,0.010481266712715423,0.047518936227520035,0.05596918679104431,1.948807496171203,3.048953089102565,1.1693654613252027,1.2522729240141521,0.23270468455819254,0.02795538615565475
611692,0.019321505580148522,0.02549206075824538,0.11365425947697504,0.14995111410971948,2.1131848986282797,3.048953089102565,1.1693654613252027,1.5697876669450603,0.22036065832398874,0.022530872073468062
611693,0.025773960584950337,0.019022925298413502,0.16517370747474439,0.12190936228826085,1.9569756216137235,3.048953089102565,1.1693654613252027,1.7612502843646132,0.2336757827119188,0.03553467008650008
611699,0.042070392620551886,0.016084848049213972,0.34922132334582734,0.13351840978111046,1.4049434629813853,3.048953089102565,1.1693654613252027,1.7127234822130781,0.24712935903224656,0.045886084529478975
611710,0.031821019682236606,0.010732461428762082,0.24847109679946572,0.08380330012023801,1.2526283842614139,2.720794007079367,0.4920786390036873,1.7967917505955466,0.2340114822695398,0.026616782639500656
611780,0.0299592587032151,0.03305400635394981,0.17771372266665322,0.1960712905615799,1.650347740584016,2.720794007079367,0.4920786390036873,1.8172937851005273,0.23590036428480507,0.047453115597453695
611790,0.0014659448010422918,0.0033668361984006186,0.007038342924381926,0.016164965909846896,2.504442299919529,2.720794007079367,0.4920786390036873,2.217349625925254,0.2253273045048653,0.005064102125003533
620111,0.02728229889474804,0.03214311057529667,0.16378419914617687,0.19296517657664905,2.692664187496212,3.186717530557398,0.9223364013180269,2.5915963753612616,0.21738031603356464,0.03860749826342094
620192,0.03933140853384691,0.06020757347242125,0.2150717949111492,0.32922672684898185,2.6607883198717692,3.186717530557398,0.9223364013180269,2.433968141423741,0.23067847695137864,0.0315153541433151
620193,0.017271049701903848,0.023533229889510374,0.1024050071845256,0.13953526956990625,2.492652437598766,3.186717530557398,0.9223364013180269,2.2333314831694757,0.2135143676748201,0.03230363933685034
620199,0.011359813252577384,0.012029541451149118,0.05955034013179095,0.0630611849964061,2.5698277785554327,3.186717530557398,0.9223364013180269,2.3334122626492246,0.24167615190986907,0.013038964844524313
620211,0.01499448717929387,0.0137577459567693,0.09953742435013242,0.0913276046740235,2.7377771765466434,3.23235409893731,0.865157555163288,3.0948965636666013,0.2178954898330541,0.02261155326138392
620292,0.02114917914500009,0.0127195159245697,0.11834407268630731,0.07117436127386464,2.781695547915918,3.23235409893731,0.865157555163288,2.7398824283210117,0.23160476772387648,0.029269741205073835
620293,0.012847871933118657,0.018697654219756964,0.08510756991473106,0.12385801493299611,2.4267178436354135,3.23235409893731,0.865157555163288,2.5898397205076877,0.21492722650795798,0.02470694268213534
620299,0.014422450096809427,0.01276083613651454,0.0826549103944349,0.07313221819744828,2.6484492314854218,3.23235409893731,0.865157555163288,2.8253671039189356,0.24314584064095274,0.0331047593126787
620311,0.05179286630273422,0.04139706816337856,0.3044223119630848,0.24331905334468476,2.559427686226256,3.277230442489177,0.9056086247985964,2.4512553070883674,0.2231435513142098,0.041150634373557045
620312,0.037451904062700075,0.02658973455607274,0.38093095601747934,0.27044961419687996,1.3605058251278226,3.277230442489177,0.9056086247985964,1.9374219933421972,0.2054512400272553,0.026417434931165756
620319,0.03179518443854152,0.019486607208867943,0.18429941548586104,0.1129532783600883,2.509698740233872,3.277230442489177,0.9056086247985964,2.5289191247502725,0.23609284615619036,0.05280119878028799
620322,0.00643239345078385,0.00835133111223372,0.033411816289236396,0.04337936462181654,2.7911424644470944,3.277230442489177,0.9056086247985964,1.9433884875992824,0.1965090341893984,0.00884670875525409
620323,2.8299056060732044e-4,0.0031591210620620716,0.001217950055492353,0.013596395811182507,3.2307179210681727,3.277230442489177,0.9056086247985964,1.813637454116302,0.195565363780631,9.577420767276104e-4
620329,0.0025092151630504854,0.002900751282175562,0.011851076266058818,0.013700309634721757,3.2372836487408136,3.277230442489177,0.9056086247985964,1.99906646785396,0.1899752030362754,0.0010782384302327364
620331,0.044570819443768485,0.04913115413904825,0.25592493830692303,0.28211030779560464,2.985193411416657,3.277230442489177,0.9056086247985964,2.781601168100354,0.21511137961694554,0.04970670869512476
620332,0.008707623028397693,0.013085370389424016,0.03657803200780946,0.054967595103444525,2.922241976823059,3.277230442489177,0.9056086247985964,1.9222990954178727,0.23037128364737305,0.012274471184087003
620333,0.008935491778771162,0.012685450472755835,0.04652595557416278,0.06605150782365185,2.8633454463698977,3.277230442489177,0.9056086247985964,2.1631021340972336,0.2058284329156821,0.009318741341259162
620339,0.019432421503170448,0.026013630727618312,0.10058086087470086,0.13464474165679952,2.9905539708338407,3.277230442489177,0.9056086247985964,2.553862610948005,0.22349594761404795,0.02259612757705479
620341,0.03906762273931359,0.013934730381076439,0.20899584458812837,0.07454512306862954,2.9867603605129824,3.277230442489177,0.9056086247985964,2.667440366181883,0.22362375007813226,0.04644666525030591
620342,0.03997872517195549,0.03328902841225857,0.20486999769110514,0.17058881053922717,2.9385452017956193,3.277230442489177,0.9056086247985964,2.414102712250114,0.22045427492889694,0.046219955372290525
620343,0.024915258478135277,0.029409697789266432,0.1335171945200629,0.15760223173890325,2.949249661889628,3.277230442489177,0.9056086247985964,2.4864307644731625,0.21462363553904457,0.03518131093386631
620349,0.01966585795321939,0.008365254511070255,0.10302347508971654,0.04382303542466612,2.8666500179101164,3.277230442489177,0.9056086247985964,2.5062758143352335,0.22719373004479987,0.029079912680183506
620411,0.006227901480019901,0.002362126288871058,0.025616652721514192,0.009715916191110922,3.6601350057025224,3.838159354960629,0.8262583863001534,2.495925960208129,0.2206713621688207,0.004829084138057667
620412,0.015048223352217508,0.010771497524918317,0.06033640856308661,0.04318871804916269,3.3379726053298864,3.838159354960629,0.8262583863001534,2.1076450577501444,0.21921426995781043,0.034741098427293164
620413,0.01396952359605923,0.01975962352077417,0.07075078707086521,0.10007563298100791,2.596697068842362,3.838159354960629,0.8262583863001534,1.8962886828972962,0.20701624613694164,0.042834329460897144
620419,0.018272751427025127,0.010412784448727059,0.06506347188152856,0.03707662258165294,3.381939310118355,3.838159354960629,0.8262583863001534,1.9502307902332925,0.23056686111742844,0.018915977395401153
620421,4.2469293825848366e-4,9.87472901188558e-4,0.0014035385522209644,0.003263431437722849,3.8352785132911875,3.838159354960629,0.8262583863001534,1.65252258840463,0.195565363780631,0.0020140607090446804
620422,0.0307951193887818,0.011166589424359242,0.18303985641892837,0.0663719110525161,2.2037578227724572,3.838159354960629,0.8262583863001534,1.7293406734674377,0.1951035081174753,0.011511889658503844
620423,3.258953791716937e-4,2.6907495185810975e-4,0.0010780366228418654,8.900790588983258e-4,3.7809302562464358,3.838159354960629,0.8262583863001534,1.5236470733671885,0.18788686142426891,0.00558951720373348
620429,6.930251762288357e-5,4.5333270600950245e-5,2.7663076361459147e-4,1.809541369294627e-4,3.837515793491169,3.838159354960629,0.8262583863001534,2.1280113527858484,0.1928628172747397,0.00382441460541737
620431,0.027643172980137604,0.017272132056811957,0.11927987181646199,0.07452898765325741,3.5574050654696965,3.838159354960629,0.8262583863001534,2.6476817879355905,0.22631312607548884,0.019566470359054382
620432,0.010668401443292577,0.020227732070222097,0.03832350023293182,0.07266294756767147,3.325735519516759,3.838159354960629,0.8262583863001534,1.9306314660720796,0.23076284653863083,0.008620009046399564
620433,0.010484984169548633,0.016815238690752896,0.042204332610458146,0.0676849783607571,3.0886994929683897,3.838159354960629,0.8262583863001534,1.86754426635626,0.21667103680859234,0.00956528713823477
620439,0.04941678507354239,0.023122973457905267,0.2833191022102537,0.13256993693085733,2.3631411067371437,3.838159354960629,0.8262583863001534,2.206741852663112,0.22386253673974663,0.012001642333879445
620441,0.05342275215880851,0.04556529720236228,0.2555526380705885,0.21796578113233972,3.482223178948735,3.838159354960629,0.8262583863001534,2.919674987045523,0.22487922487902295,0.012671862753984119
620442,0.027902189710467273,0.04778787417750986,0.11066862440717265,0.1895413354093884,3.2869697279100767,3.838159354960629,0.8262583863001534,2.173361698907494,0.23008289012459276,0.0535731023427995
620443,0.033053086862490436,0.05202098321757544,0.1701428117614715,0.2677812330224129,2.477590599693391,3.838159354960629,0.8262583863001534,1.987565722400515,0.22063063810497147,0.05296825240729737
620444,0.030119539909782247,0.04600481157894999,0.14536426470173014,0.22203047018469724,2.9204445161131645,3.838159354960629,0.8262583863001534,2.329271343247547,0.22387932774345692,0.0598669913265192
620449,0.03828073062588487,0.026496623820831837,0.16336665852138182,0.11307686203826962,3.161701361420298,3.838159354960629,0.8262583863001534,2.31604227464729,0.23288616136344367,0.038839538975773406
620451,0.026050421506942877,0.013242301343935082,0.11674960216221679,0.059347731214428365,3.5166629089780095,3.838159354960629,0.8262583863001534,2.6516438614911815,0.2206713621688207,0.010087847251372373
620452,0.028045059170038848,0.052298949849379085,0.11028499168291453,0.2056615111486658,3.0654839204425355,3.838159354960629,0.8262583863001534,1.9535718781688551,0.2305999359150772,0.035983849362577716
620453,0.03245005370386463,0.024629390726041554,0.16347155893407317,0.12407390552647737,2.4065846952947245,3.838159354960629,0.8262583863001534,1.83685580567216,0.21966550043095737,0.026224987341117008
620459,0.03541636676390214,0.034239411070183086,0.166169466054881,0.1606473270816963,2.939873971867268,3.838159354960629,0.8262583863001534,2.3207075028543986,0.22814770494699257,0.03770995180964063
620461,0.04011251426442167,0.02330471489466485,0.1794063250815984,0.10423214134035515,3.4344103953343894,3.838159354960629,0.8262583863001534,2.673928271641679,0.227866850270335,0.03573404404862869
620462,0.04895097916475247,0.07026398789370138,0.21320627362247424,0.3060352067371453,3.2346558374255694,3.838159354960629,0.8262583863001534,2.290682143520152,0.22123907839271603,0.07632957359844121
620463,0.03754978511593084,0.031167980311374476,0.1746652745732866,0.14497989328496486,2.874512303970662,3.838159354960629,0.8262583863001534,2.0522275917628057,0.21527858559843327,0.03319617018287044
620469,0.036911516558802385,0.05024613232447501,0.16165585200968854,0.22005547559024763,3.2579170313136583,3.838159354960629,0.8262583863001534,2.3789704545757435,0.2246412360701311,0.06248459163057713
620520,0.020938794053099504,0.025758035107407734,0.11841705241580266,0.1456717414435086,3.1883750124576835,3.373728370180868,1.020200563133889,2.815704433905016,0.21273348973032066,0.051225316032293515
620530,0.05523770270870044,0.037217716657338924,0.3484516974632187,0.23477762305477254,2.6853893533814936,3.373728370180868,1.020200563133889,2.473946850872258,0.20626568550882962,0.03377343577553939
620590,0.03464298571800765,0.008424559843172938,0.18168500886474878,0.04418257254867203,2.952254852219789,3.373728370180868,1.020200563133889,2.6788968237965034,0.2389120971591812,0.050331326001997995
620610,0.05080558634734137,0.038589993453759144,0.3004737881648722,0.22822847548762532,2.2999839638759894,3.50878662141678,0.7813235480619025,2.386519198989119,0.23288616136344367,0.022872158733534022
620620,0.03319101494450601,0.0044152812976533,0.1603885455065606,0.0213359111348944,3.1478954140243847,3.50878662141678,0.7813235480619025,2.6427000250534336,0.2250938528840147,0.01077185259841689
620630,0.02138845335393879,0.0312893197549624,0.0894757055533032,0.1308946427789554,3.189658303237046,3.50878662141678,0.7813235480619025,2.17258698953814,0.22137441483598452,0.053990763498533004
620640,0.021959777779829465,0.031010195688445513,0.11300251152052812,0.15957492970425716,2.8996547393793657,3.50878662141678,0.7813235480619025,2.3471510931858517,0.20966512354588585,0.023007569715368856
620690,0.023328772969080674,0.012546899679262993,0.10623498042907255,0.05713629446515068,3.031113985501221,3.50878662141678,0.7813235480619025,2.438257988894723,0.2332499258071842,0.034301468335352685
620711,0.007580689031968202,0.0313455367116819,0.02966591586059575,0.12266616540693775,3.6963446586961894,3.839391116854528,1.5965160106775202,1.7933539813546273,0.23434813639949606,0.022462938353977373
620719,0.012440307594587998,0.001736065323602637,0.05407711181155111,0.007546549625304957,3.4475403671282114,3.839391116854528,1.5965160106775202,1.8755143572882351,0.23168172884000027,0.017868367536724637
620721,0.013614769951657536,0.020686098088123737,0.05950693971173487,0.09041404270302406,3.4833052668939266,3.839391116854528,1.5965160106775202,1.8946617167687425,0.2293100627089454,0.041018041047851214
620722,0.021441368758208394,0.01733679209701536,0.12396122420671904,0.1002310065368686,2.565150101268757,3.839391116854528,1.5965160106775202,1.6284440534928493,0.21745941095922017,0.019186770162084338
620729,0.01909019593801471,0.010107418177224133,0.0893550447760383,0.04730956176293332,3.170477792692915,3.839391116854528,1.5965160106775202,1.9087143871249495,0.23620177824936012,0.03638583129399255
620791,0.0347107443346898,0.034079134297187987,0.15938125862587085,0.15648109602010485,3.5861850031270968,3.839391116854528,1.5965160106775202,2.2393422212844225,0.23294668389689677,0.0836708963194487
620799,0.02529610032097342,0.025773272236009653,0.16086947361185228,0.16390402810128848,2.330294674103488,3.839391116854528,1.5965160106775202,1.911928315926488,0.2367465620073422,0.04053003847148753
620811,0.029727823761782776,0.02489265260844594,0.14913147556538162,0.12487553895574373,2.2897579368178027,3.228919146084597,0.6810579447697084,1.8369934607652012,0.21921426995781043,0.05079794311213312
620819,0.014582309084778616,0.0016750358735110307,0.06815338395137814,0.007828620443856302,2.8476711911157446,3.228919146084597,0.6810579447697084,2.4136370616583007,0.23252351927528375,0.018113645929044186
620821,0.04477019868511756,0.0370387780599685,0.22881551348290927,0.18930108128799678,2.530311707684081,3.228919146084597,0.6810579447697084,2.284412378437849,0.2293100627089454,0.05545964292866447
620822,0.042308935612037524,0.02374843205524519,0.24747797273315628,0.13891188080257513,1.9796650339380164,3.228919146084597,0.6810579447697084,1.8370501535515165,0.21745941095922017,0.04024016775597729
620829,0.026444208442936053,0.010019689144532275,0.1518887571841678,0.05755052698282744,2.128481706393239,3.228919146084597,0.6810579447697084,2.206615915496269,0.23620177824936012,0.03268232226796473
620891,0.04537601636776484,0.020591144659017478,0.23711449977788934,0.107599991284065,2.4787844192333632,3.228919146084597,0.6810579447697084,2.27897011219615,0.2285205830404225,0.07103353503827425
620892,0.03174987300929884,0.0312828352435748,0.17774894611167905,0.17513427516079094,2.1465644526554843,3.228919146084597,0.6810579447697084,1.9322295020837426,0.21745941095922017,0.06274178171522442
620899,0.024529894381316013,0.005775724016368914,0.13755138643932205,0.03238737329205784,2.1032209239370987,3.228919146084597,0.6810579447697084,2.109628311138806,0.2366229289755619,0.02794575835177541
620920,0.025053296691619854,0.023310350889411503,0.13942969863567065,0.12972964155609656,2.9584716412692087,3.230602465623499,0.92516461190141,2.7832872781800333,0.2252344573114781,0.04682108170008123
620930,0.0135873283978585,0.016186537352557633,0.08007696089397845,0.09539540670805957,2.524079389729004,3.230602465623499,0.92516461190141,2.2383292781617987,0.212662286618019,0.031910928324713136
620990,0.022754344213829953,0.008073669123715424,0.1331089817803753,0.04722956927214946,2.7909498813741624,3.230602465623499,0.92516461190141,2.7082356174408035,0.2225451652764297,0.025948705807686823
621010,0.03413579921717109,0.03646321367113785,0.2809108996845192,0.3000636983063743,1.959652893677171,2.573742586028266,1.7199315473546326,2.209886782830284,0.2436883714472607,0.04266473145141841
621020,0.022486170522822084,0.011526272432251228,0.19378174613562446,0.09933132883118564,2.083440105118739,2.573742586028266,1.7199315473546326,2.5939072280360693,0.2402622417063266,0.017514980624571103
621030,0.009016358341942077,0.00868838052217648,0.07390737324588613,0.07121892872954198,2.400331274269728,2.573742586028266,1.7199315473546326,2.9509905321292114,0.2373967862067003,0.033497106685537605
621040,0.016937790816459162,0.02895411974357447,0.15932076679305435,0.27234912801506317,1.881510551411918,2.573742586028266,1.7199315473546326,2.455237989307936,0.2359129786009858,0.025833161098348184
621050,0.017194100782069146,0.02658275301026645,0.16297862927308626,0.2519713419637679,1.698034943605819,2.573742586028266,1.7199315473546326,2.084087382538346,0.23634414793320624,0.018947311121864163
621111,0.030907866123485655,0.04047180003134952,0.1586382643802895,0.2077262819655106,2.77340121151288,3.129680606873118,0.5932703591645271,2.5553083277934525,0.2211886933771576,0.047920554746317276
621112,0.023737398882837792,0.031967696651948783,0.11255296238053576,0.15157764237009885,2.4429840307965422,3.129680606873118,0.5932703591645271,2.0838671916440554,0.23111400059458984,0.043166351794261995
621120,0.01472175552944631,0.02865615721667699,0.06687610533602092,0.1301755204883601,2.5066916824839316,3.129680606873118,0.5932703591645271,1.9358092092138905,0.2221008401917659,0.012683186422984308
621132,0.03625927362769084,0.04145828694667787,0.16622840734644667,0.19006296378742787,2.894919880705244,3.129680606873118,0.5932703591645271,2.468844128205359,0.2307271657880448,0.0533282756274363
621133,0.029367425053003163,0.020055594727545204,0.16223026506048702,0.11079025289834332,2.28401635973508,3.129680606873118,0.5932703591645271,2.156244317889362,0.21791685542097403,0.023652261873297806
621139,0.02532829786395112,0.01561721878144255,0.10905482241825233,0.06724230068777035,2.6961830091788324,3.129680606873118,0.5932703591645271,2.185018190484652,0.23932557527623305,0.022578516991633827
621142,0.04776654995612688,0.059425327919347425,0.22986571649369902,0.28597094813421214,2.625778958649388,3.129680606873118,0.5932703591645271,2.3221905552485382,0.2307271657880448,0.09152927716463856
621143,0.039052780889109,0.06254415585041322,0.21752163763067212,0.34836718141636697,2.2968063128725698,3.129680606873118,0.5932703591645271,2.1887037248554053,0.21745941095922017,0.07410223728819237
621149,0.030929498604399287,0.021446816837432988,0.15284568217694258,0.10598469092464131,2.5780024012478018,3.129680606873118,0.5932703591645271,2.4023936172008464,0.23514160842497883,0.061495721979613005
621210,0.02277838792731019,0.028971104167517567,0.1319617600958084,0.16783794841253633,1.7721568615274141,2.051538611914141,0.3875632859546773,1.8844874251307053,0.22130475492653234,0.04423910534270805
621220,0.023485475279722636,0.01725328906250541,0.12873119419305373,0.09457064327294738,1.8432505451357055,2.051538611914141,0.3875632859546773,1.74738324560738,0.211309093667207,0.041093108434146514
621230,0.014335960524671506,0.023039842474550012,0.08619937057833925,0.13853413701247652,1.6411880180271716,2.051538611914141,0.3875632859546773,1.6473182343427668,0.20620704178331134,0.014867091738073362
621290,0.01834781644510939,0.01849067699539142,0.11576883536753417,0.11667023960686664,1.761096711696228,2.051538611914141,0.3875632859546773,2.2063252329255523,0.2334322322581958,0.0088247024660761
621320,0.03982336699916235,0.026035459526808302,0.22718325085961297,0.14852637480523945,1.526008262583837,2.815663601896587,0.2594169572315601,1.7759163674683014,0.23379774855909502,0.02550598947769689
621390,0.043385206457815934,0.02819559104655441,0.20130024681084835,0.1308229209919236,1.9199864040330707,2.815663601896587,0.2594169572315601,1.8738787390171459,0.23946953173019686,0.05974088273067465
621410,0.029523114642636943,0.01320450045717823,0.18982690565056148,0.0849019316826284,2.404602817353389,2.630893623353607,1.2385460019158934,2.4885674302156633,0.24106472424134634,0.05162140416011778
621420,0.01591998540882625,0.01356082244428866,0.09954037845957422,0.08478961278313779,2.4482236832458755,2.630893623353607,1.2385460019158934,2.3319555927762683,0.2332499258071842,0.02078135405242457
621430,0.020145564048985883,0.026547030640432453,0.17681110700531408,0.23299471108505088,1.1904555823145027,2.630893623353607,1.2385460019158934,1.3806314252398195,0.25068111149483246,0.01756554939762372
621440,0.01734117901552713,0.014091685509487913,0.1290286535150888,0.10485049519523938,1.7193377793434679,2.630893623353607,1.2385460019158934,1.7783853631885085,0.23582871270397265,0.041364153198132345
621490,0.021951798504396335,0.0039231072072883994,0.18315248255444672,0.032732025314381956,1.6298514055681605,2.630893623353607,1.2385460019158934,1.8233135489783938,0.22516171716752525,0.024177283264723685
621510,NA,NA,0.2608213542087672,0.2637760643521485,NA,NA,1.5680081745315906,2.124823182812698,0.23234261641296314,NA
621520,NA,NA,0.3180070146488016,0.3017267865372454,NA,NA,1.5680081745315906,1.348590927303454,0.23601510157165417,NA
621590,NA,NA,0.14364353571066027,0.18735128801415063,NA,NA,1.5680081745315906,1.5263407536014433,0.2513144282809061,NA
621600,0.03815288396232598,0.03845306126194824,0.24058995140215425,0.24248285265699682,2.141220011164907,3.096130937184336,1.072351966523036,2.0161416678719064,0.2287364119536914,0.058654911909856416
621710,0.029806397133518053,0.03246339848632474,0.16870161210211618,0.18374000837550997,2.094104661377156,3.061443203439136,0.6844819565196089,2.0103519205903932,0.22736513317397572,0.04920617445960855
621790,0.0076789803768531105,0.0021350548955663975,0.04766768720817772,0.01325346907265503,2.212762543391356,3.061443203439136,0.6844819565196089,2.414962096320887,0.22564643010420532,0.00891612471014243
630110,0.05629419047025456,0.05839827392199981,0.4214593998068371,0.4372121043276459,1.0148056262838603,3.174144272441055,0.6555757268319558,1.1561834918883844,0.23846544011356016,0.06988206636805051
630120,0.038502770954972475,0.009642711790218455,0.17449509170916158,0.043700903504501704,2.769075984242524,3.174144272441055,0.6555757268319558,2.433268951792573,0.2461330695389085,0.06601511176547882
630130,0.051185807320131164,0.05215193792315256,0.23598131844245263,0.2404354588658454,2.6885847154368934,3.174144272441055,0.6555757268319558,2.197709976163034,0.23019371889105295,0.0976802310979718
630140,0.0590212217988843,0.057943709149112115,0.3918902756717889,0.3847357858715279,1.1917663559724896,3.174144272441055,0.6555757268319558,1.276174826356919,0.24412015264687897,0.039901650614964035
630190,0.031315092074339655,0.008900127036617272,0.18337229411428735,0.05211661868145786,1.8173285184950245,3.174144272441055,0.6555757268319558,1.9702091665522794,0.24674347580938472,0.012474686567006218
630210,0.0472624730598024,0.048152194550688913,0.2744863169772502,0.27965355346231374,1.9899706316253518,2.588400452974637,0.8599663873019882,1.8505584950018863,0.23453219827821847,0.07211021247998883
630221,0.017848227479869902,0.022234360079101772,0.09611959991409633,0.1197406183644627,2.245065738389468,2.588400452974637,0.8599663873019882,1.878876642696493,0.22652764929845035,0.038731007904350245
630222,0.04542711375887431,0.04903429098556087,0.3763669031621795,0.406252625798475,1.1067030463968714,2.588400452974637,0.8599663873019882,1.2865526363229063,0.23410320275381744,0.036319534069892336
630229,0.008886460641205752,0.003160804223251646,0.045918772836085316,0.016332739992548733,2.0612100243464013,2.588400452974637,0.8599663873019882,1.6677772023007031,0.23732818630616606,0.016373277152390498
630231,0.0476678345613037,0.0496717946304019,0.2666068032308897,0.27781497731183147,2.2345800898872037,2.588400452974637,0.8599663873019882,1.9803381416509735,0.22726009156664748,0.07535717052744002
630232,0.06657276683234167,0.07570452780820765,0.4847533098921177,0.5512467360905943,1.341229600886932,2.588400452974637,0.8599663873019882,1.4368445211328207,0.2351786734359364,0.05571960696421222
630239,0.029566868221398184,0.030845504285575677,0.16754831491897626,0.1747940372708798,1.8932144187427316,2.588400452974637,0.8599663873019882,1.6902367209864217,0.23770604632484202,0.047072493870801584
630240,0.04448152280436375,0.06266806325515141,0.2958451238137743,0.4168031974631696,1.7276012446681168,2.588400452974637,0.8599663873019882,1.820824183320101,0.23331067499850086,0.06935413943255825
630251,0.041102548568456555,0.04946134789578352,0.2579032110695228,0.3103515691953689,2.037438525493226,2.588400452974637,0.8599663873019882,2.189224798255396,0.2385130486453112,0.07455039627714251
630253,0.0660777434753036,0.052092442533395185,0.5032935125522661,0.39677184784402275,1.3085452796162842,2.588400452974637,0.8599663873019882,1.384170973454162,0.22516171716752525,0.07327364068738443
630259,0.029857972730497805,0.014284314535119545,0.15758060717992978,0.07538793667977557,2.311253225786346,2.588400452974637,0.8599663873019882,2.010786559215569,0.23534546629780598,0.05884963999961042
630260,0.0393871437529295,0.04343048312518319,0.20840251246017982,0.22979634820497563,2.2776221243298687,2.588400452974637,0.8599663873019882,1.8992575079957341,0.22895851904625292,0.06096282652829327
630291,0.02718161726378159,0.020982910072140426,0.16641359086202162,0.1284633426316582,2.1016331326771085,2.588400452974637,0.8599663873019882,2.0837395887911505,0.22878314410407805,0.04435793149890806
630293,0.026257286125590643,0.031947922216812676,0.19114612224919006,0.23257245308801403,1.204210304508417,2.588400452974637,0.8599663873019882,1.287977196440454,0.24502188455850454,0.02388211767356552
630299,0.018751057113667237,0.01173063579691771,0.10736128576120456,0.06716507417789992,1.9655420058881652,2.588400452974637,0.8599663873019882,1.8480396361282834,0.24062754990374036,0.023860101250618066
630312,0.01440919800002946,0.018806827988107577,0.12884904572437972,0.16817326261775728,1.7532144576308497,2.834961018256513,1.5318015792799686,1.9981682440377189,0.22516171716752525,0.01710228374687468
630319,0.0200018024584601,0.0036132443020433355,0.16379693238249723,0.029589249961465728,1.7614903701060385,2.834961018256513,1.5318015792799686,1.8067627931345591,0.23144236101595717,0.014352060649077547
630391,0.04843875935418398,0.028004775883151967,0.35243484870728053,0.2037595323053508,2.3262114998452095,2.834961018256513,1.5318015792799686,2.308058788792553,0.2268717390196796,0.09412613647275343
630392,0.03801986645910157,0.04217644400660109,0.3059537038843491,0.33940254036324646,1.8373497232229128,2.834961018256513,1.5318015792799686,1.845059435982747,0.22838955063306154,0.04770813055447475
630399,0.023186242463841357,0.007517685516590398,0.17037794835633208,0.05524171657836539,2.231039615715442,2.834961018256513,1.5318015792799686,2.159545190324559,0.22516171716752525,0.038861767898323116
630411,0.07201926938547912,0.06839861961821445,0.6832208338632212,0.6488730353611719,1.2093914154773286,2.940275568143181,1.4179582879788792,1.3348259908295512,0.23993461526846938,0.01459661558987211
630419,0.057109078408485295,0.04525760286364911,0.41932675409173487,0.3323066005555969,1.8715466424614726,2.940275568143181,1.4179582879788792,1.806054247385851,0.23461114885551917,0.06963115209780515
630420,3.108088564016095e-4,5.692781682568899e-4,0.001657166239791844,0.0030352692404197966,2.494976574200222,2.940275568143181,1.4179582879788792,1.7068569337369244,0.2349011686479237,0.0028622726217324085
630491,0.035897442798033447,0.036638827607732974,0.2791485721428411,0.2849137881277344,1.6416116200848108,2.940275568143181,1.4179582879788792,1.6718594284318535,0.2420418940775669,0.05960203493033231
630492,0.019636279689249782,0.013542253257548193,0.12129276343242458,0.08365012857344008,2.675503472713502,2.940275568143181,1.4179582879788792,2.448930113138339,0.23398091664061293,0.04083614320573382
630493,0.03547804994371286,0.057672347839799576,0.2594920794872113,0.4218246914247732,1.7027259103252679,2.940275568143181,1.4179582879788792,1.6025553609112984,0.24253347659469016,0.05438496344806988
630499,0.02277659806882555,0.0052296770092861615,0.13749466597780363,0.03156980210085768,2.4831680509723872,2.940275568143181,1.4179582879788792,2.0967711709104417,0.23447081731532918,0.04461812263188848
630510,0.019020474154769377,0.022234952755085417,0.09542235111603464,0.11154882110613336,2.7380048659452503,3.207542356642841,1.4604123007397174,1.920492618336532,0.2461330695389085,0.04476349012083626
630520,0.016802811620830926,0.014833829174164,0.0972006536144908,0.08581051337544789,2.710420032358132,3.207542356642841,1.4604123007397174,2.2110975179582955,0.2341643992874311,0.016912921526491917
630532,0.018581649010427373,0.01604706329536495,0.08848242231725441,0.07641318758391169,2.9833614605724508,3.207542356642841,1.4604123007397174,1.8097709922423362,0.23019371889105295,0.049410200187097235
630533,0.008978180607591701,0.007721915863463246,0.044130449895484626,0.03795553197287718,2.8735139082223813,3.207542356642841,1.4604123007397174,1.7908857985950781,0.23019371889105295,0.01862905833181352
630539,0.019975007807921406,0.02531379102505819,0.11743967993805539,0.1488281528892682,2.3099902939306474,3.207542356642841,1.4604123007397174,1.6658939974226932,0.23019371889105295,0.02707732025342621
630590,0.03139414765089398,0.013048135920390001,0.24483387805043214,0.10175863840110524,1.6538260922298016,3.207542356642841,1.4604123007397174,1.5597725394204518,0.2341643992874311,0.021295601817989705
630612,0.028821518954682893,0.04322635741995824,0.22222314636478488,0.3332890666468892,1.5278501212532782,2.918108027226885,1.04372306336849,1.825026511005083,0.24352270460801556,0.01618874216112618
630619,0.012253276794053173,0.012891116394671167,0.07033180968029783,0.07399290492455068,2.1332456689929096,2.918108027226885,1.04372306336849,1.8264993718167164,0.23440945981440692,0.015352252321932422
630622,0.02727351361281412,0.03971229108971237,0.18069498843793202,0.26310551992567255,1.7512874253235096,2.918108027226885,1.04372306336849,1.6803573415276607,0.23477804203196062,0.05043614376306852
630629,0.0330726555528305,0.03558910137749103,0.2831383344472505,0.30468188054632206,1.2998581349136324,2.918108027226885,1.04372306336849,1.74240029700829,0.250365670885752,0.024217486873000297
630630,0.05614049796096483,0.028359227039171306,0.2997650943976161,0.15142556049915226,2.6957590149440156,2.918108027226885,1.04372306336849,2.4991519743542607,0.2461330695389085,0.04555758432593176
630640,0.02606275610606582,0.032004298302253605,0.1295127853276856,0.1590378929501738,2.2835910457108586,2.918108027226885,1.04372306336849,1.6666578816398692,0.23884695032481262,0.053766898573149445
630690,0.029232876396404293,0.04492637020583352,0.24969498865185374,0.38374224098229365,1.2316404206872948,2.918108027226885,1.04372306336849,1.6225990919266027,0.2534489008095387,0.027806758905316524
630710,0.047901566417145366,0.05231728629709675,0.26001125333489444,0.2839799238030697,2.779126224362088,4.624011285354869,1.476201669198951,2.0909774232666862,0.23646899862418663,0.07282382852548554
630720,0.06486554618998647,0.052006942830327835,0.36845899067136645,0.29541762597729,2.689204734652948,4.624011285354869,1.476201669198951,2.3790163146142382,0.25237712763702813,0.06839926058781692
630790,0.05481699694163413,0.0604912261016195,0.3720175082967401,0.41052586722508555,2.166879548109312,4.624011285354869,1.476201669198951,1.9463949840389896,0.23274095442047968,0.0826879009077561
630800,NA,NA,0.26862520294812764,0.05288768106501814,NA,NA,8.346846095883683,2.264289710553248,0.22499214942506046,NA
630900,NA,NA,0.0010781739979202319,2.79190826104327e-4,NA,NA,NA,2.716902685448618,0.2461330695389085,NA
631010,NA,NA,0.15174836113123777,0.043263903498496285,2.2775872017397334,2.391324852153017,NA,2.768299877590393,0.2461330695389085,NA
631090,NA,NA,0.05981348228738738,0.0208740455463398,2.341532383920728,2.391324852153017,NA,2.7362105478146916,0.2461330695389085,NA
640110,0.025174139679190896,0.011548178543042489,0.15500336102660525,0.07110497163827774,2.390893515399422,3.653064650547743,0.5202987081465216,2.248078105588014,0.18805223150293965,0.04162069919161518
640192,0.020923756070125657,0.01812999197622642,0.1003722166030866,0.08697040223328754,2.393086163321643,3.653064650547743,0.5202987081465216,1.939828350036149,0.21430156133998304,0.029900531310064458
640199,0.014229470179522613,0.00479481241196034,0.06652020616412618,0.022414883065773675,3.1559277606246354,3.653064650547743,0.5202987081465216,2.501113739139965,0.20479441264601322,0.027681740594151433
640212,0.06734745548854512,0.046515944312398305,0.3198001445785872,0.22088148109537203,2.7697324083659076,3.178687267906938,0.6950227166032431,2.5421453258166467,0.2461330695389085,0.05563920921986512
640219,0.037837880537600704,0.014745657304286468,0.1926075494289875,0.07506035955888027,2.4047898855438508,3.178687267906938,0.6950227166032431,2.131848198507429,0.23093105356480914,0.04758235661982959
640220,0.02102465995203914,0.008058054873144186,0.11651112587025927,0.04465485043449185,1.5566837980166506,3.178687267906938,0.6950227166032431,1.5682844844930075,0.26236426446749106,0.014571246564392501
640291,0.026664330505132745,0.014969139039136166,0.2007719195428603,0.11271172843483974,1.4769012417404925,3.178687267906938,0.6950227166032431,1.6654150484662564,0.2122603183730423,0.033648617323684994
640299,0.027212142477193387,0.012707400457988148,0.1623431799795289,0.0758102674698287,1.8713451671116974,3.178687267906938,0.6950227166032431,1.6962667642811327,0.2141938223382396,0.034544784896662226
640312,0.037522535677825986,0.002096152281740006,0.13159896917221073,0.007351621486177366,2.895409817846809,3.56264261822605,0.6127431801302966,1.8866830242808328,0.2461330695389085,0.05036296571493819
640319,0.029645632323235884,0.011829924829916249,0.13858011126796355,0.05529962327490998,2.8797659766967882,3.56264261822605,0.6127431801302966,2.6160844117288575,0.2398542795925544,0.02752316963250639
640320,0.013604731679844528,0.001373404299730172,0.04476983469463369,0.004519536652010002,3.429780043654948,3.56264261822605,0.6127431801302966,2.165253656874264,0.2461330695389085,0.00995611168685261
640340,0.04592642851513358,0.02777351464495592,0.24499509586541432,0.1481581543123542,2.1541183487622586,3.56264261822605,0.6127431801302966,2.132619949218989,0.23891065518303023,0.057886049327590276
640351,0.039788707447020094,0.004516163463785956,0.1642174991159858,0.018639285294940158,3.506234710900973,3.56264261822605,0.6127431801302966,2.758324048171058,0.23295220520745383,0.07473207623655229
640359,0.04121854706472752,0.011691991736480434,0.18355802833603185,0.05206779722485866,3.457734574901262,3.56264261822605,0.6127431801302966,3.000677295782269,0.23466382400659597,0.09104654056459396
640391,0.07121725337461463,0.04943574067636793,0.3529887633837084,0.24502855897176382,2.818291008134551,3.56264261822605,0.6127431801302966,2.631228160205487,0.2322284979347763,0.11936031648953674
640399,0.043818580199074454,0.02577705324514485,0.2025968810970771,0.11918119134882296,3.0106299818540014,3.56264261822605,0.6127431801302966,2.6333863257600147,0.23320293187804364,0.08395480500365744
640411,0.029011668226435618,0.01341188450214144,0.17601389323194572,0.08136995047558299,2.620947061003868,2.964505415214005,0.5283274162138394,2.995620933304537,0.22161392137929117,0.06797335896450213
640419,0.02959174540823402,0.012645014794041608,0.2065319818262572,0.08825434017518505,1.861520427628036,2.964505415214005,0.5283274162138394,2.362185805287763,0.22247971694029572,0.038128492114161354
640420,0.04383725353272331,0.009489611813091301,0.2456179892203465,0.05316983123208756,2.7899793714946792,2.964505415214005,0.5283274162138394,2.755534389664561,0.2100714561309991,0.07974958004527787
640510,0.009580100892974145,0.0027511408377142313,0.028255895648019076,0.008114314169746072,3.549149219995293,4.08740876147433,0.5570627130078989,1.8232516356002093,0.2273898421956609,0.02562918276790293
640520,0.04046099443946091,0.027735560235141392,0.23266769333778517,0.15949110773826858,1.5151316545900069,4.08740876147433,0.5570627130078989,1.5342419866920494,0.24003104174378703,0.057899471065863434
640590,0.032573563032605134,0.018602207946438267,0.11511895185831628,0.06574247585076504,3.007305987166518,4.08740876147433,0.5570627130078989,1.9385290944703404,0.2348088014239748,0.05548994662588843
640610,0.0012051675868756922,0.0012862896479781053,0.0065328448343493105,0.006972582712795365,2.549317484478961,2.715102198647894,1.6937232136364024,1.4695433867000511,0.22890589168003939,0.004320275662926251
640620,0.002479607228483297,0.0011158472060285643,0.017812296871907173,0.008015705660620452,1.8548557580375287,2.715102198647894,1.6937232136364024,1.5144300741348098,0.2407730850143432,0.005370339520113483
640690,0.008744188319213976,0.006420838168868573,0.07753596853154489,0.056934490433331354,1.7754510771265175,2.715102198647894,1.6937232136364024,1.9263049215206007,0.229942644746995,0.014200052292867383
650100,5.255843789341676e-4,7.804051032934221e-4,0.011477703288279502,0.01704247420447585,1.9557285155766122,1.959838821963176,7.435543782107183,1.5008446668635007,0.20923817618406088,0.0017902661461769085
650200,0.029991642512089398,0.013614083084381503,0.22585307687164288,0.10252131246744246,1.7068783789416222,3.762862605334936,1.2270635759524822,1.4699739905087295,0.2098256889820609,0.08008920782595176
650400,NA,NA,0.263237149545468,0.1641888800168443,NA,NA,2.9767133305606563,1.5024374728675436,0.2057812052389309,NA
650500,0.03706779673781416,0.038567692942343454,0.2080218696545101,0.2164391817208514,2.404891093590049,3.194154567615644,0.7865898343606276,1.987037617950817,0.20551356393518555,0.0969949157199358
650610,0.031004560436035698,0.03032749986072393,0.1761482182427427,0.17230159012396576,1.8382861061981899,2.866470070141355,0.5291631317087314,2.041444240362412,0.2461330695389085,0.04802497434123964
650691,0.04081623864680581,0.03205310721158223,0.2667130729661926,0.20945052768072622,1.532541539720341,2.866470070141355,0.5291631317087314,1.6250415392981863,0.21511137961694554,0.07707330693212129
650699,0.007046237701658575,0.009267087614874664,0.03512833910385141,0.04620017235067051,2.3048794808799857,2.866470070141355,0.5291631317087314,1.8419471026518863,0.20634939351256398,0.015374118617391918
650700,NA,NA,0.1663234627062043,0.0787743163406538,NA,NA,1.0182336064048654,2.3935641265409275,0.21511137961694554,NA
660110,0.045703527258734,0.038481276455124336,0.3474887199983102,0.29257718826804324,1.0496563107053893,2.248134341176535,0.7416104298698016,1.239023640618473,0.24817962947553468,0.05481001257754327
660191,0.025387650420560386,0.02443500503361792,0.1774244679037104,0.17076679781296789,1.0355881912593734,2.248134341176535,0.7416104298698016,1.1572050899303636,0.26236426446749106,0.022485681004391484
660199,0.008621312647091726,0.006664748003921789,0.056169941698494694,0.04342244877776589,1.1969452213077125,2.248134341176535,0.7416104298698016,1.1668154644534092,0.24472055400550735,0.012089741025157311
660200,NA,NA,0.22381366073255637,0.11678466894004637,NA,NA,NA,2.159912041723199,0.23827512618311886,NA
660320,0.008530372424310392,0.006482104665060313,0.10127817445415246,0.07695979664699411,1.0884226093534455,1.549448802345993,2.0914669720482726,1.1290158348379595,0.24921579162398472,0.010239672188482055
660390,0.01714345797151683,0.022129751083886238,0.21922425287420946,0.28298714038425377,1.1394987616013883,1.549448802345993,2.0914669720482726,1.5293965641094416,0.24848954921605182,0.037830144552383975
670100,NA,NA,0.29471619691392187,0.19999891105035855,NA,NA,3.441298802859875,1.6781528679452629,0.20807296245020895,NA
670210,0.023028015580085125,0.019582655776804982,0.3056260570463895,0.2598995059191064,1.1602065266612192,5.000164337975019,2.674603833239878,1.1660711749705261,0.24942408704358887,0.02092047159980303
670290,0.02607140449544438,0.022337253968350086,0.3714287980578958,0.3182298596467241,1.1873160548016362,5.000164337975019,2.674603833239878,1.2392820087775,0.23138258500076903,0.02924726731995008
670300,NA,NA,0.009416165140829384,0.005703667872204323,NA,NA,0.735493283182809,2.315322037049166,0.2461330695389085,NA
670411,0.04355991691474535,0.04918941595430587,0.22326240425420735,0.2521158911141324,1.9383488292508095,2.139786701628979,0.8564040142144351,1.588886474605024,0.2461330695389085,0.09909684301764696
670419,0.07371662265015498,0.03388352419414464,0.4370509324469203,0.2008885555421951,1.5797330091654573,2.139786701628979,0.8564040142144351,1.4488579374990351,0.2461330695389085,0.12756548390943215
670420,0.062262061107425305,0.03182830796811337,0.40631704716085965,0.20770889815897825,1.1635864813802081,2.139786701628979,0.8564040142144351,1.1358508624294634,0.26236426446749106,0.09830839097316442
670490,0.027618097244125304,0.01751707521140164,0.151194287796938,0.0958966031389665,1.624581828004593,2.139786701628979,0.8564040142144351,1.332633418241648,0.2461330695389085,0.01735595593646459
680100,NA,NA,0.018171905371987603,0.009142438385594852,NA,NA,1.847223244805728,1.7862592549859142,0.21086186795592987,NA
680210,0.09863285586874813,0.051624270491827065,0.6623616782390443,0.346678985817213,2.424296192727019,3.090701344665773,1.0346286317912063,2.350480909315407,0.20792823050852255,0.15283945040946692
680221,0.012033149692794856,0.01085448812451016,0.0705766270792813,0.06366356108399002,2.9060994800445807,3.090701344665773,1.0346286317912063,2.553143660712018,0.2104906528068768,0.008966096539070474
680223,0.010631660495825996,0.007150872874636565,0.051648008598880975,0.034738538148742885,2.8395245013799966,3.090701344665773,1.0346286317912063,1.8557014806799041,0.20953151146147192,0.015164039253542197
680229,0.00864032964269691,0.009925562136455058,0.04928100909545098,0.056611464857425235,2.9163942903179243,3.090701344665773,1.0346286317912063,2.408472857055105,0.20699235453982734,0.030299644704883336
680291,0.04688616846057331,0.047219764447420896,0.2691145097780886,0.27102926467088645,2.6982550900358286,3.090701344665773,1.0346286317912063,2.2036362674216723,0.2090917978585593,0.10603126295786093
680292,0.06213513153573381,0.04409738816921482,0.4121936656882693,0.2925344105257717,2.789263465315652,3.090701344665773,1.0346286317912063,2.8100949675991878,0.20778370867117213,0.14207953855928476
680293,0.023200507723209526,0.01670666046016149,0.10971154952232096,0.0790031678743816,2.611132687590397,3.090701344665773,1.0346286317912063,1.5525901009563046,0.20953151146147192,0.044188387007838746
680299,0.050298672617780774,0.0571911714665106,0.2972774005591771,0.3380137467581661,2.8351878065598832,3.090701344665773,1.0346286317912063,2.4088343424333023,0.20549829104489198,0.08870431975536985
680300,0.024588804780164758,0.025876039143547924,0.16630416444794113,0.1750102580204031,3.0432550624806325,3.901540044412879,1.5427355833240857,2.832889010093864,0.21258665371783209,0.06476335677678499
680410,0.008214117446870913,4.6294092384570996e-4,0.0672564208589965,0.0037905167303007785,2.3879772425657446,2.588434261606245,2.7608708441154826,1.4451015040460655,0.21511137961694554,0.01777259033384487
680421,0.0052895863736965995,0.002232419826258914,0.04589821513834387,0.019370906953000443,2.4332618834637048,2.588434261606245,2.7608708441154826,1.7809115538688676,0.21511137961694554,0.015607076029187117
680422,0.006413397487194705,0.004018122769365526,0.057366155356297924,0.03594105238110325,2.293027645842996,2.588434261606245,2.7608708441154826,1.630107138583635,0.21408408409123675,0.018988777549465645
680423,0.002462408198883967,0.004582513831134127,0.018964323560579286,0.03529239183570167,2.5684113524921823,2.588434261606245,2.7608708441154826,1.494185099721027,0.21511137961694554,0.003975016500198058
680430,0.011932428652895736,0.010125480068869677,0.11852800140934851,0.10057909842034252,2.077122752803877,2.588434261606245,2.7608708441154826,1.6774394726072646,0.21511137961694554,0.03127485046681905
680510,0.011844603939403677,0.005741473402201928,0.05671698988779485,0.02749261102858998,2.8291606357007266,2.977222365576647,0.5115265717628702,2.402634971747814,0.21511137961694554,0.026915447522681362
680520,0.012345366659239257,0.007267318938249349,0.06569097017474444,0.03867015413961885,2.7232819256927803,2.977222365576647,0.5115265717628702,2.605623218138519,0.21511137961694554,0.044708224897552815
680530,0.019476488821994497,0.014356522602664847,0.1174678422438394,0.08658797525945693,2.846513818091389,2.977222365576647,0.5115265717628702,3.1815218957914317,0.21511137961694554,0.09118164553511418
680610,0.00422240981540749,0.0034481956368313934,0.016049789650557866,0.013106926391457897,3.1632557037858886,3.217922582128564,0.5631545193313665,1.952692260244151,0.20923817618406088,0.01403605811577837
680620,0.017896420200220368,0.022205469738179724,0.0752496483157479,0.09336804622320119,3.027194107740469,3.217922582128564,0.5631545193313665,2.174899179800044,0.21511137961694554,0.026581728819242572
680690,0.010591602846408197,0.00699782230482317,0.04349396252220675,0.028736256964757356,3.1356487851329224,3.217922582128564,0.5631545193313665,2.206707189690856,0.21511137961694554,0.021888284285261468
680710,0.0033531349903826537,0.0017344866585832519,0.019006902080883813,0.00983175988286981,3.053415467663488,3.059841769425016,0.32414816981527433,3.3989937117673845,0.21511137961694554,0.008991510990066258
680790,0.0011528053026813585,0.0014633657089647275,0.006261528484688329,0.007948355241675573,3.0589890315091077,3.059841769425016,0.32414816981527433,3.1818109971615467,0.2110107294407995,0.0032044993183319294
680800,0.007519655186395014,0.008053127622610687,0.05861456355972386,0.0627728997127563,2.40166256318376,2.718127548232776,2.1308133083179412,1.8961992423686143,0.21511137961694554,0.012744005020375242
680911,NA,NA,0.004765876515686415,0.0011752065036154382,NA,NA,0.5271499808662441,1.683535505356782,0.21511137961694554,NA
680919,NA,NA,0.0037349477953301778,0.0016572325499016188,NA,NA,0.5271499808662441,1.5312445878622847,0.21056476910734967,NA
680990,NA,NA,0.04091598826027204,0.006635192010759996,NA,NA,0.5271499808662441,1.316829004686769,0.21511137961694554,NA
681011,0.0011210413051037775,2.9187212759946006e-4,0.007199222450144193,0.0018743755149957346,2.5112392667469257,2.531800186184352,2.036601129100734,1.3543873009997762,0.2102685093677844,0.0047615413135934075
681019,0.002002079093346014,0.0026190599978594825,0.015307773401758486,0.020025171386130663,2.4478317194630748,2.531800186184352,2.036601129100734,1.8245396558720042,0.20630192706886724,0.02104733082400059
681091,2.096312738936243e-4,4.353691514856617e-5,0.0012751850035690024,2.64834632103985e-4,2.5195258677758012,2.531800186184352,2.036601129100734,1.2602499515451127,0.21511137961694554,0.0034294251831124972
681099,0.027118671209426935,0.01815721616138257,0.21713913198413176,0.14538478401406063,2.357058640752874,2.531800186184352,2.036601129100734,2.023187891590929,0.21511137961694554,0.11409953867501335
681140,NA,NA,0.005963769975819635,0.003937410472277499,NA,NA,0.8292720976914641,2.211329220639313,0.21511137961694554,NA
681181,NA,NA,0.12382461572912873,0.048544115530148986,NA,NA,0.8292720976914641,2.7444095032982516,0.21511137961694554,NA
681182,NA,NA,0.10211159653433224,0.09963014542956344,NA,NA,0.8292720976914641,2.704981088196426,0.21511137961694554,NA
681189,NA,NA,0.16101385709282146,0.11109903838050612,NA,NA,0.8292720976914641,2.247117718171021,0.21511137961694554,NA
681280,NA,NA,0.03346318411137365,0.06347186609000022,NA,NA,1.7908178794351768,1.9546789786827863,0.2088726467530131,NA
681291,NA,NA,4.1014636496563347e-4,7.121239095602634e-5,NA,NA,1.7908178794351768,2.1925791019198315,0.2088726467530131,NA
681299,NA,NA,0.006426878399719762,0.0024985847309617125,NA,NA,1.7908178794351768,1.913899445817013,0.21511137961694554,NA
681320,NA,NA,0.010058875808083113,0.0025414964750416695,NA,NA,1.4766655971700848,1.7808747352714218,0.21511137961694554,NA
681381,NA,NA,5.517180571432637e-4,2.1525454440499774e-4,NA,NA,1.4766655971700848,2.377981772530336,0.21511137961694554,NA
681389,NA,NA,0.016749546197718772,0.03379305365550796,NA,NA,1.4766655971700848,2.18560312994856,0.21511137961694554,NA
681410,NA,NA,0.15221553542441188,0.12495697139677499,NA,NA,1.2912781612606068,1.8238435190442799,0.2110107294407995,NA
681490,NA,NA,0.19840540368067938,0.20330951793672727,NA,NA,1.2912781612606068,2.664178275585821,0.21115979382273378,NA
681510,0.015692686846687454,0.013492404378088147,0.1222316692401672,0.10509348241695024,2.740200389545178,3.015589636948314,2.4943871409789593,2.096875570089169,0.21511137961694554,0.03990008963486499
681520,0.00171659410926585,0.0021027932462954124,0.01094113320182251,0.013402668038660836,3.012672949327507,3.015589636948314,2.4943871409789593,1.6361835686646833,0.21511137961694554,0
681591,3.6743106919888624e-4,3.231897814163589e-4,0.0023717115979637496,0.002086140822548794,2.959380408722128,3.015589636948314,2.4943871409789593,1.6147456941893452,0.21511137961694554,0.015106320789558628
681599,0.00623941973123205,0.008289295986143173,0.04567738400555896,0.06068406553890139,2.944635195976848,3.015589636948314,2.4943871409789593,2.1427709882177104,0.21511137961694554,0.01032227725891089
690100,NA,NA,0.02020924297707507,0.00979078909739551,NA,NA,NA,1.5745788171093926,0.21511137961694554,NA
690210,0.004448825844016723,0.0032953548536435273,0.022757203292732685,0.01685682086812145,2.5037718176297883,2.812997727146656,1.0994588781789416,1.655604643266962,0.21511137961694554,0.0130981530562583
690220,0.005834642909452936,0.003026451457001727,0.031881495022892406,0.016537052663000564,2.5063147503286403,2.812997727146656,1.0994588781789416,1.8464776989373604,0.21511137961694554,0.025089034218239388
690290,0.006452140909063118,0.004508444652721573,0.03975766139860773,0.02778073486979924,2.2450200322282168,2.812997727146656,1.0994588781789416,1.8763195652584146,0.21511137961694554,0.013993600859207284
690310,0.02790484906595941,0.013635630766430857,0.1385474134310452,0.06770082750579547,2.6553633911885592,2.964691896484609,0.840559020341374,1.9954401113105427,0.21511137961694554,0.032637853949859894
690320,0.018699622990998855,0.009563241688831112,0.08789605579753197,0.04495123915019014,2.7202535369436323,2.964691896484609,0.840559020341374,1.9099261378415804,0.21511137961694554,0.031125281918199674
690390,0.009774869097804603,0.008897422612901737,0.04477956365156159,0.040759901564181654,2.809808017958694,2.964691896484609,0.840559020341374,1.928351620342483,0.21511137961694554,0.031111519840402085
690410,NA,NA,0.022015287835856844,0.011041982701503432,NA,NA,NA,1.4970263566342417,0.21511137961694554,NA
690490,NA,NA,0.003591388409833186,0.014328028434331551,NA,NA,NA,1.1815849563484937,0.21511137961694554,NA
690510,4.2547472881922634e-4,2.1071542129740426e-4,0.005758459243560405,0.0028518642432610953,1.3034472641227952,1.308310475024522,1.7553621502121788,1.7034502343652351,0.1960654241650232,0.0010262207325885742
690590,8.731040981406638e-4,0.001205465476794431,0.010712964514916023,0.014791029963502133,1.2888971453546725,1.308310475024522,1.7553621502121788,1.5699784699146064,0.2102685093677844,0.004729934757660266
690600,NA,NA,0.04233963512047564,0.031251454439959164,NA,NA,NA,1.7073087444507253,0.21511137961694554,NA
690721,6.110011571345055e-4,9.837468545626146e-5,0.0023731167281434945,3.8208538389186063e-4,3.231180511666147,3.238801019705409,0.4545217466495526,2.0734075600082633,0.20143115177256288,0.0529220061375579
690722,4.33447039977032e-4,6.62576873346154e-5,0.0015366794167773433,2.3490026448390916e-4,3.2289744873328363,3.238801019705409,0.4545217466495526,1.851367702894528,0.20143115177256288,0.03785221160519817
690723,1.6072655374425632e-4,5.594069775241067e-5,5.989824990964958e-4,2.0847519069099727e-4,3.237434794722441,3.238801019705409,0.4545217466495526,1.9757462438077609,0.20143115177256288,0.026853595154545957
690730,0.0028522636911877644,0.0010506369150630691,0.010141010386106429,0.0037354610306891208,3.228100474177445,3.238801019705409,0.4545217466495526,1.8573579644934024,0.20143115177256288,0.1404869629465641
690740,0.0010745196060177825,2.9121141775371437e-4,0.004271453332381862,0.0011576298597302317,3.229839243641496,3.238801019705409,0.4545217466495526,2.131718493496143,0.20143115177256288,0.006679619158653545
690911,NA,NA,0.1761677199567787,0.3773785987002205,NA,NA,1.3288789145341806,1.7262646534991082,0.2116832401499178,NA
690912,NA,NA,0.04667784227521591,0.048209702078586214,NA,NA,1.3288789145341806,1.6367782523846162,0.2090917978585593,NA
690919,NA,NA,0.04411765759270789,0.03891189632657946,NA,NA,1.3288789145341806,2.001482342651102,0.21106041298987865,NA
690990,NA,NA,0.03560984818159512,0.024200472579238193,NA,NA,1.3288789145341806,1.693976144381164,0.2090917978585593,NA
691010,0.0514256818734428,0.04572663049423553,0.21539779390713928,0.19152717032521607,1.8070251972757736,2.763302254554707,0.3383199395922054,1.5510928864699072,0.24963269117216513,0.03669125828847567
691090,0.004166069137012136,0.0025812051194033323,0.015803709569420378,0.009791632040798868,2.680823934600893,2.763302254554707,0.3383199395922054,2.0523950393845376,0.23508609574070272,0.04737224635547423
691110,0.006928307874900202,0.004824858399666284,0.05354342472676237,0.03728752347679701,2.1788586937384737,3.305427502959258,2.3467933154170995,1.422614959876763,0.22385414803239206,0.009858182408600492
691190,0.008608708286899304,0.005134926636542844,0.06947787277881223,0.041442196400728264,2.0713555119259137,3.305427502959258,2.3467933154170995,1.5924882428642002,0.23564262777600647,0.011313047480289678
691200,0.03232619906874458,0.023109289507664218,0.16192154603141526,0.11575415584155385,2.7283754343548914,4.051747031756115,1.316686503235871,2.0026441597663536,0.2428825917208011,0.036294964355399945
691310,0.01634397685189238,0.08221935102249654,0.09365624370736401,0.47114332372128037,1.9532252530038055,3.131910912001344,1.3045203862302828,1.4255881696568955,0.24392066114271208,0.020590211877051883
691390,0.056403629391856426,0.05347862049659779,0.39496810783108255,0.3744856452447975,1.8446279630759916,3.131910912001344,1.3045203862302828,1.8359540523814382,0.24312605090154804,0.06817305033512308
691410,NA,NA,0.46922621627644306,0.26001708301358617,NA,NA,0.2265138146681307,1.4057374888049328,0.2083630410853069,NA
691490,NA,NA,0.05435478799622245,0.22177185818087866,NA,NA,0.2265138146681307,2.167595984384391,0.21086186795592987,NA
700100,NA,NA,0.04123159391217115,0.018728943664423965,NA,NA,NA,1.3194574435467377,0.2135741002980591,NA
700210,0.03640307113834327,0.04764462167391152,0.20409171201455836,0.2671168146434877,1.831861965379548,2.3217154955285,0.7537280922286779,1.4249362079752865,0.21213397363161407,0.027692292643385002
700220,0.0033107771043218467,0.005039114912009854,0.014318920554746574,0.021793882166551787,2.2829624613972075,2.3217154955285,0.7537280922286779,1.325321339264521,0.21056476910734967,0.14905294100053992
700231,0.020302285769941957,0.008005684460482668,0.10982368122538129,0.043306145334666465,2.192641405450935,2.3217154955285,0.7537280922286779,1.797692503995762,0.21511137961694554,0.07527458454270941
700232,0.007739477682770362,0.0072221472072695764,0.037796376358249395,0.03526995039579082,2.2960442055797587,2.3217154955285,0.7537280922286779,1.5584551527150674,0.20620704178331134,0.07537677448188256
700239,0.0064177912089331745,0.00503648482591185,0.033299984176828154,0.026132801699165726,2.1122891375365787,2.3217154955285,0.7537280922286779,1.5063076148635832,0.20620704178331134,0.01754143615341777
700312,0.008810181903837,0.004869175542700934,0.052162209759137344,0.028828798177460042,1.7323883812233465,1.891582359196648,0.8169600992810295,1.3674055347706005,0.2129653591861773,0.02387297146533729
700319,0.001459189573728755,0.0046741834727192875,0.00891628518865854,0.02856130116142581,1.856477274211638,1.891582359196648,0.8169600992810295,1.6006173253568687,0.21311720959068925,0.0026052240009693107
700320,0.0017014990105742585,0.001982036181833235,0.01118144163001312,0.013024998391425846,1.8331240530536719,1.891582359196648,0.8169600992810295,1.754005526130484,0.21342157173821255,0.02593176583345239
700330,7.778524379668485e-5,5.5447539953192455e-5,4.1279846403281703e-4,2.9425451679373154e-4,1.8909281203696915,1.891582359196648,0.8169600992810295,1.248047158211065,0.2057812052389309,0.0031933615222386673
700420,NA,NA,0.18208656055258618,0.04188889136076254,NA,NA,24.170520114922013,2.294084290718451,0.21115979382273378,NA
700490,NA,NA,0.05278172060739487,0.008862355016642903,NA,NA,24.170520114922013,2.1379331280263645,0.21446816878964284,NA
700510,0.0026876812402936135,0.001526987137066269,0.010610281723836582,0.006028156713694898,4.182838323598161,4.6701518531493464,1.5817925462073534,1.914924793328152,0.2117582275887724,0.015620400115776685
700521,0.0020298299596757407,0.0012709045388975308,0.008079717637448157,0.005058822671079141,4.098667897938235,4.6701518531493464,1.5817925462073534,1.8746135338347365,0.21185831056433477,0.013098793412678543
700529,0.0069473867373095605,0.005675233345480655,0.029268062313144487,0.023908714093191282,4.272171872200809,4.6701518531493464,1.5817925462073534,2.274642042070041,0.21427167141209233,0.02312354129667831
700530,0.021895299816033897,0.006871473421943168,0.07995961588348434,0.025093987293555716,4.4885743900763,4.6701518531493464,1.5817925462073534,1.944283022308548,0.21511137961694554,0.04111854421784652
700600,7.05640185937209e-4,8.021098606762312e-4,0.03167630085164305,0.03600683998616641,4.793529133867998,5.191295220770742,42.19561839277005,2.10009799110268,0.20585205420414876,0.0020295753807401816
700711,0.020347411650595608,0.00919561681525832,0.1321461196803607,0.05972086774822255,2.3696542362464204,2.795172699571606,1.089895142650824,2.0945531183352135,0.20692071580732252,0.04166731719016555
700719,0.013001912374773305,0.007244780846813108,0.09422729281278323,0.05250428295006909,1.589525489526151,2.795172699571606,1.089895142650824,1.30202495132397,0.20763936477824457,0.027815278710491838
700721,0.015179953151493996,0.006108939838635013,0.03967710296259568,0.015967442886737022,2.682292952397824,2.795172699571606,1.089895142650824,2.0481263713678923,0.44758980416759786,0.13895290921464098
700729,0.015149010906760458,0.011135650954886273,0.08183580925644919,0.0601554129902825,2.4725768237565666,2.795172699571606,1.089895142650824,1.6854716708142217,0.20778370867117213,0.04748333286414503
700800,NA,NA,0.1352653046946894,0.10073720492807675,NA,NA,NA,2.254203865254277,0.20923817618406088,NA
700910,NA,NA,0.10495280473876666,0.0426585389807585,NA,NA,2.574984529868829,2.000977319244208,0.807043662912994,NA
700991,NA,NA,0.12588610849172355,0.07384206829861109,NA,NA,2.574984529868829,1.564476342171352,0.20476635814172045,NA
700992,NA,NA,0.25991617808127265,0.21571049383892663,NA,NA,2.574984529868829,1.406425567113392,0.20476635814172045,NA
701010,0.004305453561477039,0.021629862142706173,0.028318238370849215,0.142265985067466,2.723316792280328,3.050496309454375,2.374157344983361,1.4789301718512544,0.21511137961694554,0.0019514970741396078
701020,0.005652638296145056,0.0038209582761426996,0.051455214676993065,0.034781675046294286,2.0464179866653005,3.050496309454375,2.374157344983361,1.5249522977328764,0.2093114110266568,0.035460552664206335
701090,0.022930746673871395,0.02256265173162409,0.1783761172243288,0.1755127413603931,2.6257527653304007,3.050496309454375,2.374157344983361,1.9776503459844845,0.21305775871532695,0.07009307940215183
701110,NA,NA,0.025412821474541433,0.0012235543611255912,NA,NA,2.216213705411485,1.9824282266692133,0.2116083059990518,NA
701120,NA,NA,0.06991611815417609,0.040304126374843145,NA,NA,2.216213705411485,1.3176195263602424,0.20885803966865346,NA
701190,NA,NA,0.15099950651138527,6.323051161681508e-4,NA,NA,2.216213705411485,2.076345003586068,0.20535711481954044,NA
701310,0.01580327456105677,0.00826351877905542,0.13158142557510133,0.06880381512159359,1.3577742855863084,2.206222179109169,0.7026377695921165,1.7477420925832068,0.21674961431715611,0.007029515835595573
701322,0.01594644300135748,0.0031349660721558016,0.1029879570179509,0.020246756663190122,2.1309207175051426,2.206222179109169,0.7026377695921165,2.430935892910485,0.2276931673078773,0.021184930160618887
701328,0.034725395263916804,0.018817900812297856,0.2506459462190009,0.13582654766365632,1.8625516955208699,2.206222179109169,0.7026377695921165,2.2921134045490907,0.2227608780875146,0.04473967370086174
701333,0.013598821972562493,0.009200019332184957,0.07836223917487578,0.053014453514925265,2.0324963645391936,2.206222179109169,0.7026377695921165,1.964130781136808,0.2276931673078773,0.00876802796989391
701337,0.017603191528716363,0.016576648331176086,0.12071791905373012,0.11367816388071686,1.673437790236303,2.206222179109169,0.7026377695921165,1.8537622927296389,0.2227608780875146,0.021287029774567735
701341,0.020569641574737386,0.0026806046742085866,0.12195048133765299,0.01589240284561804,1.9237703707477087,2.206222179109169,0.7026377695921165,1.8785510174097364,0.22631312607548884,0.018672724946957986
701342,0.018496469201368035,0.01704785800653278,0.15648482358391186,0.14422920523872476,1.254513288175801,2.206222179109169,0.7026377695921165,1.7176737081986373,0.2280408250218544,0.022178088984402353
701349,0.01759903714617851,0.015512375609001695,0.13904869685448396,0.12256213766884046,1.3862771269423213,2.206222179109169,0.7026377695921165,1.7482392000497715,0.22376565972382353,0.022242140861137277
701391,0.03797606874401461,0.024176202741128944,0.23036105399656417,0.14665171328348348,1.957319769169563,2.206222179109169,0.7026377695921165,2.0204855973312927,0.22935408632065032,0.029027822001072238
701399,0.0414229813896728,0.031786917249409616,0.333847979855025,0.2561862462217636,1.3236727199707292,2.206222179109169,0.7026377695921165,1.692956722593572,0.22455632313190574,0.04114417161485297
701400,NA,NA,0.04070837481443555,0.00775933464560579,NA,NA,0.9351639225207966,1.9315110793212746,0.20916495356580078,NA
701510,NA,NA,0.010226650781058626,2.81911227380199e-5,NA,NA,4.927714313762627,1.7798975912456814,0.2461330695389085,NA
701590,NA,NA,0.08095651709728545,0.0058125311909817705,NA,NA,4.927714313762627,1.596517244425848,0.2461330695389085,NA
701610,NA,NA,0.4470083118869335,0.3397562671103221,NA,NA,0.7143988823008252,1.9110630383917877,0.2110107294407995,NA
701690,NA,NA,0.1949701489569146,0.16132855898746506,NA,NA,0.7143988823008252,1.6184872017341465,0.20479441264601322,NA
701710,0.012105723757201045,0.0017793506580521328,0.12078707937223901,0.017753797581688806,2.1258039091864624,2.244888916186898,2.1100490336735205,2.3782897726499592,0.2116083059990518,0.028473769224935476
701720,0.0086042106466773325,0.005528573176110039,0.09138396113075817,0.058718101750483385,2.212390392943504,2.244888916186898,2.1100490336735205,2.712007060038459,0.20521615642510316,0.09790880738149346
701790,0.018187203508515166,0.015149889724928345,0.22042711998246134,0.18361517528268295,1.853623892901851,2.244888916186898,2.1100490336735205,2.6088088493088155,0.21004685303724982,0.04344469211547596
701810,0.009149732422162323,0.011106181639516894,0.05583187290930984,0.0677701700110129,2.144774365755645,2.843225899479053,1.42354167816368,1.3649585627737455,0.21306654955802348,0.031772376422676815
701820,0.00992676425489285,0.01300809386467105,0.058216131914832395,0.07628678277646737,2.473866583047637,2.843225899479053,1.42354167816368,1.5889205041712346,0.20763936477824457,0.051391179342864114
701890,0.012141122014438677,0.011994073182077541,0.0663066894268751,0.06550360703907279,2.2805383378782946,2.843225899479053,1.42354167816368,1.3319935579205404,0.22124327068636085,0.015321590697108513
701911,0.01112045851817722,0.008081980311804727,0.08080626173068546,0.05872731014736852,2.657744410511277,2.957545204117428,1.934527884118639,2.0782676222578744,0.20778370867117213,0.052870974224067536
701912,0.018012516195671145,0.01374907916713845,0.12560230762459432,0.0958731169119418,2.532957119959216,2.957545204117428,1.934527884118639,1.7379951609220676,0.20792823050852255,0.056116633980798754
701919,0.012940717125963317,0.00990497984702857,0.08373067072099404,0.06408845800405312,2.8770911462136755,2.957545204117428,1.934527884118639,2.043914026634807,0.21371409925499793,0.049846309644733425
701931,0.01875373040150641,0.016901396306457084,0.14710958375282132,0.13257934940158117,2.4350893068035715,2.957545204117428,1.934527884118639,2.072339309329166,0.20976680155310556,0.05642723440995779
701932,0.0050058979794356745,0.005780490382472664,0.03726556464892277,0.04303188737274174,2.845439938099917,2.957545204117428,1.934527884118639,2.4852628695764976,0.20865393259467924,0.04143373451258604
701939,0.011413659203243326,0.00786182707326764,0.09692229330419147,0.06676091303703478,2.1353655351979843,2.957545204117428,1.934527884118639,1.8411962255470242,0.20822326093189114,0.03511134421052504
701940,0.019136414328172723,0.014366138956556725,0.14553466651705774,0.10925616504352913,2.228591337743457,2.957545204117428,1.934527884118639,1.7397921138272774,0.21679070052912172,0.020688132876504443
701959,0.008858659181083845,0.0026961540320196518,0.06574282564047697,0.020008985649366668,2.63422275154559,2.957545204117428,1.934527884118639,2.131100108318986,0.20796716362163992,0.021243215707145154
701990,0.013450046572769837,0.011693871780523921,0.09865694569473767,0.08577529207579467,2.657709753309366,2.957545204117428,1.934527884118639,2.1249234082688573,0.20823604502954846,0.0393697219730729
702000,NA,NA,0.038183981313372334,0.03442610248255159,NA,NA,1.0298975662792809,1.9062726426297483,0.20928698481278052,NA
710110,NA,NA,0.09150568186376043,1.3788373219443732e-4,NA,NA,1.1516130404789384,2.3082668992084305,0.2461330695389085,NA
710121,NA,NA,0.10318359792961682,0.056162559248492824,NA,NA,1.1516130404789384,2.531920300969166,0.2461330695389085,NA
710122,NA,NA,0.09474274266539288,0.0129650483597672,NA,NA,1.1516130404789384,2.1806299546977193,0.2461330695389085,NA
710221,NA,0,4.461821523864053e-4,0,NA,NA,NA,3.095474498294728,0.21511137961694554,0
710229,NA,0,0.009076210628050849,0,NA,NA,NA,2.9246768800205154,0.21511137961694554,NA
710231,NA,0,3.363215348777434e-4,0,NA,NA,NA,3.2515596564814584,0.2461330695389085,0
710239,NA,0,0.019373957978118844,0,NA,NA,NA,4.35953316423385,0.2461330695389085,NA
710310,2.678864344598004e-7,5.132944073727698e-7,0.020187867319789773,0.03868176234055103,2.632940488774051,2.665098367853918,48878.42442714679,1.9591781797246342,0.24635072377886671,2.685262205376299e-6
710391,8.807034666260495e-7,3.368956205850367e-8,0.06582746222032834,0.002518098835379289,2.656980673945431,2.665098367853918,48878.42442714679,2.090244261954032,0.2461330695389085,3.338122284736404e-6
710399,1.2279139144198077e-6,2.3150567662502455e-6,0.0922425587978801,0.17391020443169242,2.6490945420317296,2.665098367853918,48878.42442714679,2.170837712327241,0.24562671904916678,4.032022685648358e-6
710410,NA,NA,0.2648043494742107,0.6929001179514119,1.1745664583404736,1.434549607405905,NA,1.467088953870168,0.24019196781599297,NA
710420,NA,NA,0.004433144645027106,0.1749431017665547,1.3615535235300433,1.434549607405905,NA,1.8251864089226375,0.24019196781599297,NA
710490,NA,NA,0.06648129094504902,0.007442200302698191,1.4294193232843235,1.434549607405905,NA,2.1380673372365426,0.23980613151307267,NA
710510,NA,NA,0.1433145030480665,0.08018246878377243,NA,NA,NA,1.6598988935968846,0.21511137961694554,NA
710590,NA,NA,0.02359782329822004,0.07531250632092072,NA,NA,NA,1.4783202628500103,0.21511137961694554,NA
710610,0.0021463944487523407,0.00480681029271998,0.005523280362046292,0.012369283245814816,5.657370878238711,5.666699587764848,0.6433472816807089,2.488247699262809,0.21511137961694554,0.06380400207085835
710691,2.8262738648657165e-7,1.6783824352937815e-7,6.598687133345741e-7,3.9186296552095716e-7,5.6666970852799565,5.666699587764848,0.6433472816807089,1.6044864639455467,0.16989902786682606,0.023438609532095443
710692,1.499160844465774e-4,6.619951537767053e-4,4.4099822253799477e-4,0.0019473473258189706,5.666341442092472,5.666699587764848,0.6433472816807089,2.903895676240947,0.21281370181263287,7.870378570927913e-4
710700,NA,NA,0.02290143004787721,0.01898861690339478,NA,NA,3.793272757045623,1.5421234577593768,0.21012069674248865,NA
710812,NA,0,2.5236052455328326e-6,0,2.202674391892103,2.202674910496897,NA,5.360659925324214,0.1735444700341964,0
710813,NA,NA,5.10853378389919e-4,0.0019765509186469607,2.2025204374825385,2.202674910496897,NA,5.075700388021091,0.2130159295155885,NA
710900,NA,NA,0.14543783690436543,1.4692378328741966e-4,NA,NA,NA,1.8861663677457312,0.20620704178331134,NA
711011,2.494063379194575e-5,1.6617313281698344e-4,1.880805069252559e-4,0.0012531328320802004,3.2117230304381126,3.211770961688943,0.5510195350585699,3.0437150433306033,0.14842000511827325,0
711019,8.850523674484272e-5,6.556737530862908e-5,5.589385114895952e-4,4.1407867494824027e-4,3.2116931635814843,3.211770961688943,0.5510195350585699,2.4593620966424656,0.14842000511827325,0.01478625681834637
711029,1.4365840143674223e-6,0,9.201603182177283e-6,0,3.2117708793784687,3.211770961688943,0.5510195350585699,2.502280405636736,0.14842000511827325,0.0038060882073127247
711031,0.0013380843274161684,0,0.010562262622724736,0,3.2117483027053795,3.211770961688943,0.5510195350585699,3.2117483027053795,0.14842000511827325,0.042240695546116695
711041,4.846025212584439e-5,0,3.172696678866441e-4,0,3.211746460755865,3.211770961688943,0.5510195350585699,2.5698569512150753,0.14842000511827325,0.20206141385680407
711049,0.002868604706426618,0.0012023739792719835,0.0202185092122637,0.008474576271186439,3.211274938095238,3.211770961688943,0.5510195350585699,2.8082771067348093,0.14842000511827325,0.019560587327391462
711100,NA,NA,0.0015613123117479684,5.95689375067692e-4,NA,NA,NA,NA,0.200670695462151,NA
711292,NA,NA,0.008829312206420407,8.90104086812831e-4,2.9059424202739055,2.908810323659309,NA,2.468305430986835,0.14842000511827325,NA
711299,NA,NA,0.0013213164758320265,0.04338278091522597,2.9087137857115066,2.908810323659309,NA,2.3952642757474285,0.21511137961694554,NA
711311,0.023229764080614362,0.031185128866825878,0.19606999738925732,0.2632169708776695,2.378249602171517,2.573303577182869,1.7613255778336967,3.0224247149844374,0.23831134905320658,0.05271030076837181
711319,0.0054596455911037145,0.005936873096278714,0.04233042278978746,0.04603052414689576,2.5159479928012716,2.573303577182869,1.7613255778336967,2.979221182871244,0.24301809984504374,0.03172310832032968
711320,0.010501033679569838,0.00411547395672229,0.08380582145020896,0.0328444499964866,2.5594423108011353,2.573303577182869,1.7613255778336967,3.036811400522509,0.23490115982179838,0.017525791663602967
711411,NA,NA,0.010817863386834051,0.008323765786452357,NA,NA,NA,1.1023037782074896,0.21045357263759695,NA
711419,NA,NA,0.002747793530095944,0.001392305193298371,NA,NA,NA,2.364170492411821,0.2035395471173616,NA
711420,NA,NA,0.00655598179131962,0.0013414223751121754,NA,NA,NA,NA,0.21056476910734967,NA
711590,NA,NA,0.006855743264983954,0.0057816540153146495,NA,NA,NA,2.04426517285864,0.21233492183592673,NA
711610,NA,NA,0.22962968592064342,0.15160587356098904,NA,NA,1.2942951316774916,1.3666387669640638,0.24482091714594223,NA
711620,NA,NA,0.3018222843816502,0.40153112502575694,NA,NA,1.2942951316774916,1.977766659838914,0.24465369050248598,NA
711711,0.011113301820752802,0.013108674885271204,0.06709500618838453,0.07914179212755461,2.1408184478995365,2.522835909795389,0.7667423874142246,2.217687019694191,0.23090555664969903,0.019405996713425275
711719,0.01930594820828754,0.022682681249398293,0.13082456888550176,0.15370661744269762,1.6749956579134297,2.522835909795389,0.7667423874142246,1.9291746852990665,0.23751698294254997,0.0378647324036959
711790,0.03888473937064769,0.024908022062008258,0.2696198067169694,0.17270775637832994,1.5661582777427836,2.522835909795389,0.7667423874142246,1.8981641718546842,0.24539953469002285,0.036303941067772384
711810,NA,NA,0.2188668269437745,0.022473807607363037,NA,NA,NA,4.044757155928133,0.2461330695389085,NA
720120,NA,NA,0.0012556783257206827,0.00215999553485723,NA,NA,NA,1.025030557267023,0.21511137961694554,0
720211,0.0010904335533706252,0.001388723461599329,0.009131663701784105,0.011629645462489105,2.832075756761239,2.832307530405114,0.7171116384734078,2.765390283699926,0.14683709907777337,0
720219,6.62134769742774e-5,3.1610465277127316e-5,5.38118172307031e-4,2.568988456430211e-4,2.8321981943507857,2.832307530405114,0.7171116384734078,2.6527718838457144,0.14640637374665225,0.18391792766842532
720221,1.423844484211804e-4,1.5591122084978906e-4,9.562166268920374e-4,0.0010470588842301381,2.8300062151906613,2.832307530405114,0.7171116384734078,3.296811831954102,0.21119710695679686,0.007791655793186381
720229,0.0016058535677460082,9.049931369305743e-4,0.009111304831774728,0.005134757307176027,2.8177010491212027,2.832307530405114,0.7171116384734078,2.721894374781331,0.21511137961694554,0.022748978352376728
720230,5.527138427084784e-5,3.020204798391318e-5,4.069923524650756e-4,2.2239360783875235e-4,2.8321444030125087,2.832307530405114,0.7171116384734078,2.290911149323344,0.144238043176655,0
720241,3.999595498003699e-4,1.4932883503673323e-4,0.0035116090458676683,0.0013110938048250306,2.831990726608671,2.832307530405114,0.7171116384734078,2.921893925492748,0.14635272207419345,0
720249,9.171457486788033e-4,5.462544315908355e-4,0.008100881069906314,0.004824906172875231,2.8179775117063466,2.832307530405114,0.7171116384734078,2.9044234747589033,0.14549942543846764,0.004679298877498513
720260,2.6526311909280974e-4,7.733391176827518e-4,0.001424694460519739,0.004153506001263423,2.8318798369379032,2.832307530405114,0.7171116384734078,2.5546606575166044,0.21511137961694554,0.11798969950879187
720280,6.385920423187814e-4,6.513004464804186e-4,0.004417122374485751,0.004505026032292927,2.485417723889161,2.832307530405114,0.7171116384734078,1.73248101281803,0.14248808524324985,0.011485225136407222
720293,4.727833379734995e-5,1.2154856172571776e-4,4.492426109468913e-4,0.001154964416905097,2.832257699123455,2.832307530405114,0.7171116384734078,3.134067676083183,0.14310084364067333,6.919054420182415e-4
720299,0.01309894807745278,0.010276150365185413,0.08640671137351352,0.06778623393154697,1.9606735504163566,2.832307530405114,0.7171116384734078,2.228321172000188,0.22773656954543758,0.017377763956500772
720310,NA,NA,0.027304481910305343,0.029990393289008446,NA,NA,NA,8.756234412785627,0.21511137961694554,NA
720390,NA,NA,0.006597978677464198,0.008503321644265899,NA,NA,NA,2.624963177216488,0.21511137961694554,NA
720410,0.0016918329810601768,0.0012785901528116399,0.010402255964807846,0.007861427335040454,2.9022424208612914,2.902580735469622,1.6088783652199532,2.2296709144339806,0.21511137961694554,0
720421,0.0012349431393469691,0.0010118157086852488,0.010406761333334147,0.008526485356381506,2.9009975559475176,2.902580735469622,1.6088783652199532,2.019465489513549,0.14842000511827325,0.0042514108204440605
720429,0.002328672306745293,0.0019711631945244852,0.015208443172907336,0.012873568918055205,2.9018991053258603,2.902580735469622,1.6088783652199532,2.467946687410772,0.21511137961694554,0.0023403357636237157
720430,0.005899566204846368,0.010820844035213101,0.036318905936195474,0.06661527356745388,2.9010911681195504,2.902580735469622,1.6088783652199532,2.232945418777959,0.21511137961694554,0
720441,0.0011968605051345129,0.002104358474861062,0.0068653127405913965,0.012070812752411316,2.902521420247654,2.902580735469622,1.6088783652199532,1.9725445560783768,0.21511137961694554,5.917238420767139e-5
720449,3.4102551990953915e-4,1.7964640732578404e-4,0.0022124415019861934,0.0011654763178887936,2.9024381457750508,2.902580735469622,1.6088783652199532,2.4416462495971385,0.21511137961694554,1.5981514665117544e-4
720450,0.07713641370446782,0.10168058701024245,0.6678105400342103,0.880302369027204,1.944046449562955,2.902580735469622,1.6088783652199532,2.0115824289394,0.21511137961694554,0.0494162808433386
720510,NA,NA,0.014871359185892002,0.00529550061545874,NA,NA,1.217255450939884,2.273242419988118,0.21511137961694554,NA
720521,NA,NA,0.070425199401689,0.020296554506674294,NA,NA,1.217255450939884,2.9031384065964208,0.21511137961694554,NA
720529,NA,NA,0.10206990800761997,0.04102887885208145,NA,NA,1.217255450939884,2.655841528864455,0.21511137961694554,NA
720610,NA,NA,4.56338346425033e-4,8.3832184598021e-5,NA,NA,1.9692558673972311,3.227893184388548,0.25131442828090605,NA
720690,NA,NA,0.009530721930304936,0.009366022907945143,NA,NA,1.9692558673972311,2.5692208557572185,0.25131442828090605,NA
720711,NA,NA,1.2645601785654455e-4,5.405713730983245e-5,3.304616610577084,3.306772351367994,NA,2.367062192680679,0.25131442828090605,NA
720712,NA,NA,0.054987223704583664,0.05001507545667094,3.276367731981875,3.306772351367994,NA,2.3644840875837434,0.25131442828090605,NA
720719,NA,NA,0.008396842286950649,0.0010678165986388905,3.066856996865898,3.306772351367994,NA,2.2913385593838522,0.25131442828090605,NA
720720,NA,NA,0.0028314898075838236,0.0010469643024859552,3.2804704246748093,3.306772351367994,NA,2.572001089426836,0.25131442828090605,NA
720810,1.174457572299347e-5,8.106695910503033e-6,1.6104076364188978e-4,1.1115842162642584e-4,4.510588514936583,4.511577504405122,13.84207331264682,1.7014375624347153,0.25131442828090605,0
720825,4.175032856524469e-6,1.3908129453919377e-6,5.8072005362560685e-5,1.934530807270213e-5,4.511257588351925,4.511577504405122,13.84207331264682,1.9275737714536467,0.25131442828090605,0
720826,1.0806957418877722e-5,1.161392803556767e-5,1.5352047760726698e-4,1.6498406626477987e-4,4.511073561961348,4.511577504405122,13.84207331264682,2.262907229373781,0.25131442828090605,7.873618272361875e-5
720827,3.283164360386614e-6,1.1850653538495907e-6,4.594192001837535e-5,1.6582836473253633e-5,4.511201636411264,4.511577504405122,13.84207331264682,2.0224189962544328,0.25131442828090605,2.0025355123478576e-5
720836,2.908486597204855e-6,5.665771982172626e-7,4.031805673594159e-5,7.85401302690118e-6,4.510774816476768,4.511577504405122,13.84207331264682,1.872445768815565,0.25131442828090605,1.2468504401373628e-5
720837,1.4513195006025657e-4,3.7792423138084345e-5,0.0020599188027407957,5.364037552789334e-4,4.493835367971564,4.511577504405122,13.84207331264682,2.1874885460298277,0.25131442828090605,1.8217054710679924e-5
720839,3.93202942306296e-7,2.017014948472141e-7,5.619709656867206e-6,2.88274505716813e-6,4.51139931508492,4.511577504405122,13.84207331264682,2.362060140976322,0.25131442828090605,6.742883395668018e-7
720840,4.011744469427333e-5,1.745548638941824e-5,5.442631836965256e-4,2.3681415074356166e-4,4.49225535307258,4.511577504405122,13.84207331264682,1.6373121817130036,0.25398822666530835,5.5781511115208534e-5
720851,6.871022439693759e-6,1.0432473502481174e-5,9.613051334261123e-5,1.4595775840187808e-4,4.508812242098533,4.511577504405122,13.84207331264682,2.236913370185502,0.25489224962879,1.7616942539399694e-5
720852,3.910903019530677e-6,4.336352648073334e-6,5.4808590098010936e-5,6.0770971210939636e-5,4.509572971016831,4.511577504405122,13.84207331264682,2.0406300657449328,0.25131442828090605,2.970820881443744e-5
720853,1.4619739485381255e-5,1.838468191763273e-5,1.9966658998371497e-4,2.510856469159078e-4,4.508497205051516,4.511577504405122,13.84207331264682,1.6323685796628058,0.25131442828090605,7.086760092594383e-6
720854,3.6483275295775376e-5,2.2515350838615843e-5,4.937231798023013e-4,3.046971665861659e-4,4.505242680329276,4.511577504405122,13.84207331264682,1.4802742549092416,0.25131442828090605,2.2828350316145998e-5
720890,7.591322847952942e-6,3.114399392976004e-6,1.0664855430127296e-4,4.3753401011948616e-5,4.492616972231199,4.511577504405122,13.84207331264682,2.019794528575832,0.25131442828090605,1.1320164997172689e-4
720915,3.657837269789696e-4,1.626289611022949e-4,0.004710129097022078,0.0020941429189123865,3.344866568385603,3.385025077756113,9.080517154999534,1.7439032297300456,0.25131442828090605,7.693166995585947e-5
720916,8.24413366578478e-6,5.769339389244418e-6,1.079333839696786e-4,7.553302127245801e-5,3.3845098268201954,3.385025077756113,9.080517154999534,2.055348194348763,0.25131442828090605,1.6180959896678156e-4
720917,2.8529388557247745e-5,2.121257504231173e-6,3.7108898718718545e-4,2.7591733949320296e-5,3.3821096959433996,3.385025077756113,9.080517154999534,1.9752966050519345,0.25131442828090605,7.660173585760723e-6
720918,8.253340607396336e-6,6.979391099123344e-6,1.0852311343886268e-4,9.177196095670338e-5,3.3846858694801742,3.385025077756113,9.080517154999534,2.104283996951916,0.25131442828090605,2.1970236853248966e-6
720925,1.0518531095923098e-4,6.39362988142704e-5,0.0013248066858537447,8.052762820724901e-4,3.341825625597883,3.385025077756113,9.080517154999534,1.4973625464484486,0.25131442828090605,9.671455347805119e-5
720926,2.833760039165138e-4,4.658907308172478e-5,0.0036311737180813736,5.969913309031344e-4,3.353158533577227,3.385025077756113,9.080517154999534,1.7177847175418879,0.25131442828090605,0.0017838901037949093
720927,6.372007220219116e-5,3.530649336793313e-5,8.054582364534881e-4,4.462943135603397e-4,3.3205568382802997,3.385025077756113,9.080517154999534,1.4680897561013702,0.25131442828090605,2.124063160142463e-7
720928,3.056094196172907e-5,7.155352172391847e-5,3.7845452334749616e-4,8.860902910575133e-4,3.3557965422948115,3.385025077756113,9.080517154999534,1.3633180207701916,0.25131442828090605,6.518514596131488e-6
720990,1.3208196792199728e-4,5.95560340542507e-5,0.0017249182765523934,7.777692385672349e-4,3.282591312381264,3.385025077756113,9.080517154999534,1.6930427623263518,0.25131442828090605,3.35872908513023e-4
721011,9.12919306589768e-5,9.895700415147187e-5,0.001095732141942037,0.00118773224902104,2.172510416648669,2.183777241310166,4.918471038379779,1.634696930016267,0.25131442828090605,0.002518335841602079
721012,0.0022567567238652225,0.0023981283942326333,0.029423893695003246,0.031267116296884445,2.136734410258761,2.183777241310166,4.918471038379779,2.082904364421508,0.25131442828090605,0.011962237875901104
721030,9.577884171504851e-5,5.921301823400692e-5,0.0011709338513997253,7.239023384728847e-4,2.139047909251763,2.183777241310166,4.918471038379779,1.653576789440784,0.25131442828090605,6.597903732225362e-4
721041,8.321070976895473e-5,5.404382836379023e-5,9.434572239985692e-4,6.127581464445086e-4,2.1495101305066373,2.183777241310166,4.918471038379779,1.2064417142985469,0.25131442828090605,1.5937942425717612e-4
721049,2.5707562312427608e-5,2.5224910607838877e-5,3.102062795933649e-4,3.04382250546959e-4,2.1824396829461965,2.183777241310166,4.918471038379779,1.6998733241026878,0.25131442828090605,2.344865121118791e-5
721050,0.00815699581591187,0.0061112116488505385,0.10658723901909291,0.07985503381547093,2.0358722379070455,2.183777241310166,4.918471038379779,1.7671678596258946,0.25131442828090605,0.0521517291644674
721061,2.6072883207616574e-5,2.758200280844835e-5,2.948988778045668e-4,3.119678637396612e-4,2.1823661643176724,2.183777241310166,4.918471038379779,1.2849192105336742,0.25131442828090605,1.705805715525445e-5
721070,1.442081971231661e-4,8.148774799000635e-5,0.0016989301288517053,9.600147075845869e-4,2.174670064897691,2.183777241310166,4.918471038379779,1.5202019709440369,0.25131442828090605,5.875018450812244e-4
721090,2.2552684810235254e-4,1.4271408098359792e-4,0.002850920339307052,0.0018040711321296958,2.175253474119386,2.183777241310166,4.918471038379779,1.9921030220533904,0.25131442828090605,0.0030791756198021544
721113,3.975713413938936e-4,3.07277864971961e-4,0.001272535967348282,9.835269659424575e-4,2.622084773979217,2.873499941771301,0.9223518256175348,1.1868548950809377,0.25131442828090605,0
721114,0.0015469424258946366,0.0014101783791468864,0.005512177947443193,0.005024850332745409,2.8710478947995446,2.873499941771301,0.9223518256175348,1.6852792419191336,0.25489224962879,0.005748715035961555
721119,1.0945803185045344e-4,1.4552256476836335e-4,3.500308342239994e-4,4.6535995470738204e-4,2.872872097948418,2.873499941771301,0.9223518256175348,1.4110446919680197,0.25398822666530835,3.8670787347769607e-4
721123,1.4119982000456393e-4,1.1595987251700177e-4,5.353661991133032e-4,4.396676723602327e-4,2.870819629006851,2.873499941771301,0.9223518256175348,1.829724628873216,0.25283534316183415,0.0019865816001991784
721129,6.591380136152612e-4,3.4920564940032415e-4,0.002595534262821221,0.0013750917244447186,2.865876599525976,2.873499941771301,0.9223518256175348,1.9378607105303727,0.2534489008095385,0.005566033563885184
721190,3.330582792007376e-4,1.2313987857984142e-4,0.0011933654632753823,4.4121671018584104e-4,2.8664563292311023,2.873499941771301,0.9223518256175348,1.6588144574123338,0.25131442828090605,3.723258586720731e-4
721210,3.7697970799181025e-4,5.063688082161382e-4,0.005989772454535422,0.008045615917753449,2.5138069545158763,2.55085639837318,8.475257036326235,1.5626159645193467,0.25131442828090605,0.009249644727754986
721220,4.1804104601130936e-4,3.126877909308785e-4,0.006683478451449608,0.004999131383527755,2.4514612661077706,2.55085639837318,8.475257036326235,1.374512856282441,0.25131442828090605,0.0132506285643677
721230,1.3048212523063458e-4,9.116153176099752e-5,0.001993776407770365,0.0013929548664234437,2.536565053011328,2.55085639837318,8.475257036326235,1.3690470784040745,0.25398822666530835,1.4201805770253047e-4
721240,6.364687833844871e-4,4.2671378790997284e-4,0.010276808080855099,0.0068899776678542765,2.5274228443106104,2.55085639837318,8.475257036326235,1.78070648798354,0.25131442828090605,0.001224629363795683
721250,2.991299014429436e-5,3.981139184722769e-5,4.622198462698181e-4,6.151713797466356e-4,2.543039314968126,2.55085639837318,8.475257036326235,1.4002467070157436,0.25131442828090605,9.045837278487019e-4
721260,0.0025435770948788786,0.0018034878020522372,0.044017401350193004,0.031209923447156587,2.3961046879173145,2.55085639837318,8.475257036326235,1.9455824310653538,0.25131442828090605,0.0024525947393811234
721310,3.768403104657085e-5,2.8093637619680417e-5,8.83020874647383e-4,6.582965721554414e-4,2.6015546411661754,2.608578305299065,13.202210307578309,2.117974074136211,0.25131442828090605,3.2205869639510436e-4
721320,1.819598432927759e-5,9.4420559157447e-6,4.056498767556978e-4,2.1049528012504664e-4,2.6080348057812364,2.608578305299065,13.202210307578309,1.723967892311383,0.25671984684781407,2.665252718116764e-6
721391,1.8820190261764497e-4,1.5862922314379953e-4,0.004346323418329646,0.0036633737374166964,2.5874779919653945,2.608578305299065,13.202210307578309,2.0288916440416274,0.25489224962879,1.7965078924318643e-6
721399,5.332895028830554e-6,1.729357379192398e-7,1.1969179397214686e-4,3.881379363656797e-6,2.608213774512909,2.608578305299065,13.202210307578309,1.7189005016104064,0.25489224962879,2.3419162482139716e-5
721410,5.929034711198664e-4,4.896547905895385e-4,0.022255343907231856,0.01837978067460269,2.5371858096593716,3.784833811228171,27.142021650313428,2.141688596541194,0.3074846997479606,0.0027959303392828057
721420,3.1709576458487666e-6,3.581917684721042e-6,9.801307682884484e-5,1.1071569299790811e-4,3.784486555431082,3.784833811228171,27.142021650313428,2.255990900907455,0.25131442828090605,1.3796084029021584e-4
721430,1.5198749209122046e-5,2.601225289188662e-6,4.6441488857364236e-4,7.948336644099911e-5,3.784736819210191,3.784833811228171,27.142021650313428,2.5468310876634024,0.25671984684781407,0.0033360767005730634
721491,5.88679717249988e-5,6.141831412952736e-5,0.0017598673856773141,0.0018361102778395677,3.7815107528359406,3.784833811228171,27.142021650313428,2.2593663606895995,0.260076806359892,7.521574499611739e-4
721499,3.527109130341937e-4,2.2116361703649625e-4,0.011160639497191024,0.006998159990019523,3.672832782015348,3.784833811228171,27.142021650313428,2.480905419287784,0.25489224962879,0.0017613018550452237
721510,5.506382892821211e-4,2.5762044367231586e-4,0.0045531411233597305,0.0021302227962240734,2.7095815690141483,2.713803087508319,3.2772482662302895,2.4745861962181297,0.25671984684781407,0.0025687020264843533
721550,0.004842501331760772,0.003972721805859452,0.044636885672031446,0.036619489992056664,2.6306480990241767,2.713803087508319,3.2772482662302895,2.9287810007413264,0.255933376018921,0.001092844730470653
721590,0.00477837708973778,0.004687726225327515,0.045187512017068686,0.04433025714831967,2.481633959655216,2.713803087508319,3.2772482662302895,2.704558291578668,0.25489224962879,0.042761268851617726
721610,0.0010966972553175243,5.851417898874091e-4,0.004039375968891707,0.002155205251955473,2.899393143519984,2.909398343401987,0.2850569313316456,2.3987548259692724,0.25131442828090605,0.01005659832120179
721621,0.0018683040975333927,0.0011532288492483967,0.005842052604959237,0.003606063708665245,2.8828720834279036,2.909398343401987,0.2850569313316456,1.980425467265012,0.25131442828090605,4.3571442755583283e-4
721622,4.666751103315831e-4,4.5668859299728074e-4,0.001116853752687185,0.001092953872204666,2.8965773013502707,2.909398343401987,0.2850569313316456,1.4570877314019424,0.25131442828090605,0
721631,4.55197014530967e-4,1.1328606722690502e-4,0.0017731874251216341,4.412977753274926e-4,2.9019871513101956,2.909398343401987,0.2850569313316456,2.555922867953615,0.25131442828090605,1.1578596625963981e-4
721632,5.41626233642245e-4,3.8759272752209587e-4,0.002007497098187518,0.0014365834360474086,2.89956064441548,2.909398343401987,0.2850569313316456,2.4158203646851346,0.25131442828090605,0.021115642184052104
721633,0.00339479518232427,0.0032394955157128407,0.012390219861296804,0.011823411877203848,2.813809687583731,2.909398343401987,0.2850569313316456,2.332624465196219,0.25489224962879,0.004783136081307841
721640,2.7533585357139524e-4,2.5096633444677874e-4,0.001056783932797857,9.632497420019353e-4,2.9056209212224537,2.909398343401987,0.2850569313316456,2.5176636998811976,0.25131442828090605,0.0027372875349926384
721650,0.0018791655825345936,0.001719843350116584,0.0075492793834434115,0.006909225065880196,2.8714514512296367,2.909398343401987,0.2850569313316456,2.614017388909295,0.25131442828090605,0.0092780251529813
721661,0.012619308785677939,0.008949988617043374,0.053988682281237425,0.03829037707791439,2.8577404376506212,2.909398343401987,0.2850569313316456,2.3449283993451435,0.21511137961694554,0.0048120447570885105
721669,8.947095460314048e-4,4.4291556966953024e-4,0.003355117295864,0.0016609118512227615,2.8989040941751005,2.909398343401987,0.2850569313316456,2.0533649707078907,0.21511137961694554,0.0072158519531167545
721691,0.01630650639724896,0.01415997869270411,0.05963255291113536,0.05178274598142515,2.72484326357775,2.909398343401987,0.2850569313316456,1.858462322301946,0.21511137961694554,0.047888640801034235
721699,0.005906303766553994,0.00393045348654111,0.020342693340357456,0.013537402261295232,2.6468976295619897,2.909398343401987,0.2850569313316456,2.006059925541025,0.25131442828090605,0.016957986298990726
721710,0.017643122201275462,0.016509851391176947,0.07769829823277373,0.07270750281816363,3.5686024712989077,3.881477315115616,1.803879172805862,2.2352309156036854,0.25701084748159786,0.0798446765551294
721720,0.010190446924746173,0.008770630622076149,0.04483586805820193,0.03858896869417007,3.4305953595519414,3.881477315115616,1.803879172805862,1.9894389824913776,0.25131442828090605,0.0409690201641489
721730,0.006183329913206048,0.005626851515847623,0.027964658376231695,0.025447935430130224,3.109466380559629,3.881477315115616,1.803879172805862,2.0783920822892186,0.2760659929164678,0.019563424327870126
721790,0.02177962485708416,0.012623547689192171,0.10758551465178774,0.062356945254333856,3.1297703472460934,3.881477315115616,1.803879172805862,2.1228365750466103,0.25398822666530835,0.037735150806342266
721810,NA,NA,0.011410006894746453,0.009674839136885655,NA,NA,NA,1.956401621736615,0.25131442828090605,NA
721891,NA,NA,0.5746482319145436,0.19928228659006697,NA,NA,NA,2.5370836398771055,0.25489224962879,NA
721899,NA,NA,0.029625436584344918,0.00615313060681485,NA,NA,NA,1.9461237915725262,0.2534489008095385,NA
721911,3.066091002360064e-4,1.313623427159616e-4,0.003329821819552359,0.001426615174521674,4.225257768337155,4.283141498963364,9.424384487746693,2.1076673450778616,0.25131442828090605,4.535306132371195e-4
721912,7.870514024461598e-4,5.829803889114687e-4,0.00892544292788795,0.0066112050282042195,4.082268694180795,4.283141498963364,9.424384487746693,2.3199606293303554,0.25368835838723836,0.0010345583293949058
721913,8.390136332601474e-5,5.5621035434720284e-5,0.0010450142316336657,6.927750790130577e-4,3.6707501009985672,4.283141498963364,9.424384487746693,2.4405161319313593,0.25951119548508456,4.2056644751189953e-7
721914,1.2254373695966183e-4,1.0749593352876168e-4,0.001427621571954336,0.0012523162538575572,3.888311874039836,4.283141498963364,9.424384487746693,2.1218321996557563,0.25489224962879,1.935270380176826e-5
721921,2.6174035764923233e-4,2.585909164001899e-4,0.0029031929551638696,0.00286825972694854,4.2735460340260785,4.283141498963364,9.424384487746693,2.488337841002103,0.25131442828090605,0.0016000413988723732
721922,3.974558485295192e-4,4.093598902611471e-4,0.004214973731162706,0.004341214729701567,4.262152302656108,4.283141498963364,9.424384487746693,2.229397606801515,0.25782910930209973,6.18815828574077e-4
721923,5.8942170566390573e-05,5.901397998766452e-5,6.287684407343975e-4,6.295344711912094e-4,4.266880347001256,4.283141498963364,9.424384487746693,2.0147323978785496,0.25131442828090605,4.81293033232716e-5
721924,3.132073954402758e-4,2.5802425546144034e-4,0.003200185990352666,0.0026363541203685685,4.228772524617314,4.283141498963364,9.424384487746693,1.6677973544771467,0.25671984684781407,9.791927943883125e-4
721931,6.391520551483741e-4,5.696825266261479e-4,0.00697156227257748,0.006213822169517234,4.178081425083797,4.283141498963364,9.424384487746693,2.028641430683092,0.25131442828090605,0.0077055086536882075
721932,9.279345131832362e-4,7.662848735464343e-4,0.009971927956541966,0.008234781059042259,4.206000598059958,4.283141498963364,9.424384487746693,2.2292953535361253,0.25782910930209973,0.001206264050736349
721933,8.625113053735008e-4,6.059383930860206e-4,0.009413594859057179,0.006613314522978749,4.171121241478911,4.283141498963364,9.424384487746693,2.194451814447359,0.2552225904771929,2.531027763493646e-4
721934,3.798458816226784e-4,1.7754051701860635e-4,0.0039914792147053854,0.0018656231849099127,4.222649260216421,4.283141498963364,9.424384487746693,1.8857583588401292,0.25489224962879,3.817488360029889e-4
721935,0.0018603984158099415,8.811442703782561e-4,0.02071914698939893,0.009813251560357625,3.8459241059284035,4.283141498963364,9.424384487746693,1.4312954978181498,0.2534489008095385,0.007582769315527497
721990,6.24812101859098e-4,6.556617511366602e-4,0.006908974850659633,0.007250100527284912,4.1646979470572845,4.283141498963364,9.424384487746693,2.1491260291755707,0.25131442828090605,0.0015011080222236412
722011,0.013078099922354832,0.005100849562931276,0.21726957058312066,0.08474162154494573,2.004794898245479,3.035399917661739,7.534873630398685,2.203438573497713,0.2923879634891936,7.609573543778699e-4
722012,5.405889068808867e-4,3.5618643141599346e-4,0.006671725886326242,0.004395906398722793,2.994380306674678,3.035399917661739,7.534873630398685,1.7525540639427175,0.25131442828090605,6.026302142519967e-4
722020,0.003498532421431005,0.0017750468747319203,0.04725940855609952,0.023977958570659996,2.8664074187892026,3.035399917661739,7.534873630398685,2.46023995973766,0.25813532212322593,0.004696893509428547
722090,0.001941043824180762,7.751363821900719e-4,0.02448437619180992,0.00977759004978182,2.9162868608452737,3.035399917661739,7.534873630398685,1.908852608079013,0.25671984684781407,0.003188444992018757
722100,NA,NA,0.09730719251985227,0.1115352547611319,NA,NA,1.5692618588775862,3.62746831069494,0.25309062768216195,NA
722211,0.003715926799704792,0.0026328868139016116,0.02465465530218038,0.01746883626759201,1.8810783646361389,1.904275879622537,1.2751826503106989,1.9060490650144688,0.25489224962879,0.009999249327480066
722219,0.004977369601787594,0.002236935302798129,0.036712414579761175,0.0164993365561871,1.8875247582541277,1.904275879622537,1.2751826503106989,2.2608747047536553,0.25398822666530835,0.010430585334672395
722220,0.003938384806506914,0.0028856701923163108,0.02959753650457272,0.021686232568267308,1.8968315619137097,1.904275879622537,1.2751826503106989,2.3072959728107305,0.25131442828090605,0.03944370140801662
722230,0.003495585358422816,0.0013772518364612832,0.026012465821274075,0.010248846087225975,1.8614823671891727,1.904275879622537,1.2751826503106989,2.2306937471376918,0.25309062768216195,0.03380336710985488
722240,0.002296614981148781,7.234088153120435e-4,0.015489732286840968,0.004879097704709442,1.8862324731255435,1.904275879622537,1.2751826503106989,1.9220067050998713,0.25131442828090605,0.011803622289347275
722300,0.0076270342575499,0.005332729725890628,0.03924863058174717,0.027442165845341194,2.8415579209463386,2.948316640751247,1.3415118464881932,2.333364640668674,0.25131442828090605,0.06566358635391145
722410,3.711921192460227e-8,1.420725708968227e-7,0.0016580225151946785,0.006346027006634738,2.872556752364511,2.915426401693929,32703.471328236872,1.737356101945881,0.25489224962879,3.3372717213983507e-6
722490,1.1313434675223012e-8,2.1709150122509666e-9,5.050258945966433e-4,9.690852757177522e-5,2.9153450274072354,2.915426401693929,32703.471328236872,2.4626801051340306,0.25131442828090605,8.676006830732947e-7
722511,4.1094665955736107e-4,3.7526460524110034e-4,0.0067583717968598,0.006171549677889941,3.51347026813393,3.811902241535527,12.379529355788264,2.141932244691597,0.25131442828090605,0.008662394042318023
722519,0.0011174436079529645,0.0011039384000186018,0.023907244884905882,0.02361830653400346,2.7604993257505495,3.811902241535527,12.379529355788264,2.4630364341612854,0.25131442828090605,1.9123136583013424e-4
722530,3.057137246247927e-6,1.9547688998717043e-6,4.478420822376231e-5,2.8635540503990072e-5,3.811701070278518,3.811902241535527,12.379529355788264,1.7382562024072779,0.25283534316183415,7.40974872465156e-4
722540,1.71382149397779e-5,7.694622379519977e-6,2.5614270105937326e-4,1.1500155452874082e-4,3.810305938871918,3.811902241535527,12.379529355788264,2.084517937885853,0.25398822666530835,1.695761094453881e-4
722550,4.666109347179501e-5,2.8085372115557477e-5,6.908655061053498e-4,4.1583283581856604e-4,3.808106345689946,3.811902241535527,12.379529355788264,1.8904626068166737,0.25309062768216195,2.3543576414994402e-4
722591,1.8821833196280658e-5,1.5083877673244257e-5,2.9299067833345947e-4,2.348036721660074e-4,3.8109002150678704,3.811902241535527,12.379529355788264,2.5290713404836085,0.25131442828090605,0.0018934890707149377
722592,3.449711839641584e-5,3.603082456246087e-5,5.116533324016246e-4,5.344009098011151e-4,3.810168520767054,3.811902241535527,12.379529355788264,1.822636990563528,0.25131442828090605,2.2796430915634833e-5
722599,2.4205264111454393e-5,9.774790416020436e-6,3.395651236778804e-4,1.371262838223129e-4,3.8058206416167213,3.811902241535527,12.379529355788264,1.3267952997443606,0.25671984684781407,6.525836363415917e-5
722611,8.54060360547199e-4,9.228899244630611e-4,0.00710987697992103,0.007682868954059545,2.9940099082824156,3.009510000362544,4.028073117211816,2.235817666685368,0.25131442828090605,0.05083971806826936
722619,6.767192640768136e-4,5.248663324292214e-4,0.0052710799763104966,0.0040882719939729145,2.8057741924091144,3.009510000362544,4.028073117211816,1.4643148240167396,0.25131442828090605,0.004865933042491269
722620,0.002076457771763363,9.437141696747746e-4,0.01742689869313579,0.007920224265496538,2.9405261090205843,3.009510000362544,4.028073117211816,2.1740368986831724,0.25131442828090605,0.07090551614383545
722691,2.313731140367338e-4,2.7963320227128566e-4,0.0018002943255227223,0.0021758019265661855,3.0014169053957755,3.009510000362544,4.028073117211816,1.8721210610093868,0.2526442157109076,0.0043223877292324865
722692,8.705500998882533e-4,1.9518960822885621e-4,0.006925990602018513,0.0015529047580125092,3.0035141722802554,3.009510000362544,4.028073117211816,1.9772341925301518,0.25131442828090605,0.02820519473338197
722699,0.001009784294257638,9.689165857959425e-4,0.007516515469024243,0.007212309150325517,2.957516759844715,3.009510000362544,4.028073117211816,1.58333412977015,0.25489224962879,0.0013608655933415917
722710,0.002506878500697289,2.3820428704173082e-4,0.010212124774542482,9.703589146520136e-4,2.6178094446290774,2.670305978885849,0.972928448691619,1.7070930608909352,0.25131442828090605,0
722790,3.088934273320269e-6,9.59519072682564e-8,1.0783088918688562e-5,3.349562847380443e-7,2.670276030379307,2.670305978885849,0.972928448691619,1.4248011847982933,0.25722284319387645,6.875557105303937e-5
722810,0.061525927863795675,0.024195010334033304,0.3049923901322103,0.11993795603353458,1.6019223542538295,2.04877440124403,0.27821087720133786,2.0436264221485634,0.2923879634891936,0.12519829020485995
722820,9.192230866968216e-4,3.621834410546751e-4,0.002800906386824357,0.00110358620005662,2.0185966955950354,2.04877440124403,0.27821087720133786,1.267558328767722,0.25131442828090605,0.008448649916020215
722830,0.0012448848779316698,0.001021556941939928,0.006190704632443787,0.005080114157447212,2.0160860000942598,2.04877440124403,0.27821087720133786,2.3034323849494096,0.25749943715752854,0.01310716992958511
722840,0.008495287668718276,0.0083784843318081,0.04626631666245509,0.045630192215178673,1.6632839598302929,2.04877440124403,0.27821087720133786,1.9983048682087226,0.25131442828090605,0.055146336079567836
722850,0.02053574737697201,0.011289176813202932,0.1250986641882569,0.06877085665264779,1.943803038699436,2.04877440124403,0.27821087720133786,2.711632509092815,0.252495721758247,0.07752522194706916
722860,0.003269249593017314,0.0032336747434012227,0.019677604131711574,0.01946347921164252,2.0057408227714975,2.04877440124403,0.27821087720133786,2.755794718604151,0.25131442828090605,0.022311941107067326
722870,0.0023037120393552897,0.0011472857000895378,0.011680823284979,0.005817238131845567,2.035507787635327,2.04877440124403,0.27821087720133786,2.371371795633804,0.25671984684781407,5.706256008139264e-4
722880,0.023062437330757093,0.02403367742417492,0.12339211264313356,0.1285885871220349,1.505467922024716,2.04877440124403,0.27821087720133786,2.076909950508269,0.2923879634891936,0.03133100412319047
722920,0.005161560012811423,0.003923827435060462,0.04068665545142806,0.03093007046414408,2.787736286611024,3.036679486053849,3.361033542237321,2.1615223612053764,0.25131442828090605,0.03874970291639536
722990,0.005532542098699925,0.0028465823238930667,0.05350324297366404,0.027528283201961868,2.8713659876570548,3.036679486053849,3.361033542237321,3.7420867154260837,0.2558027661568674,0.016519664312474692
730110,NA,NA,0.03077335494333622,0.02389549664610344,2.5367437400911776,2.834113300873893,NA,1.4023896412187165,0.25131442828090605,NA
730120,NA,NA,0.14235070307775582,0.03783238144768928,2.262886040453032,2.834113300873893,NA,2.846137410136282,0.4446858212614457,NA
730210,0.0036154584942286005,0.004355930782502058,0.0701030102223121,0.08446061838654259,2.3031255674841815,2.701625002408881,9.685756040720106,1.5803526424178815,0.25228012247881243,0.00806079648476314
730230,0.008620791778782501,0.011768398703105767,0.09509176238691075,0.12981148389460434,2.306316373893908,2.701625002408881,9.685756040720106,1.6269865549408178,0.4446858212614457,0.02917851208831661
730240,0.005872887966966603,0.008823442752889614,0.20502348514568222,0.3080278381532301,1.2452681627917257,2.701625002408881,9.685756040720106,1.7198787588200786,0.26236426446749106,0.019666086478244502
730290,0.004627703112110639,0.00562067454770356,0.09565605304492951,0.11618107939474116,2.2397179264299623,2.701625002408881,9.685756040720106,1.9490116597078764,0.25131442828090605,0.03190514358167076
730300,NA,NA,0.0028717076876961186,0.002036783696686361,NA,NA,6.986626910152541,1.647201358053771,0.21511137961694554,NA
730411,0.0024460926724877863,9.040967465075583e-4,0.027525346783958765,0.010173603295479257,1.8557097791104038,1.956665094021226,3.038832243352786,2.2090897586214897,0.25131442828090605,0.019180288459442873
730419,9.598164538819432e-4,5.780518302963191e-4,0.009712243625603948,0.005849222714778197,1.9334776210285944,1.956665094021226,3.038832243352786,1.8780289684510483,0.25131442828090605,0.005979166635515554
730422,1.0730711502419534e-4,4.843042726755554e-5,0.001086691346724099,4.904514133842553e-4,1.9558459437507467,1.956665094021226,3.038832243352786,2.009744517925075,0.25489224962879,0.013972211384296461
730423,0.0024470430631709362,0.002739873941340153,0.023597958679682254,0.026421861154948798,1.8642737723014664,1.956665094021226,3.038832243352786,1.5273800585822828,0.25398822666530835,0.008977070571891071
730424,0.00491365250462846,0.004365451092360513,0.05501936604882006,0.048881021071913534,1.947177387986463,1.956665094021226,3.038832243352786,2.484187401834584,0.253314428947573,0.02838074817258901
730429,2.2297283393390668e-4,2.30706652684008e-4,0.002285903765665437,0.002365190399341497,1.9545877470378847,1.956665094021226,3.038832243352786,2.0964439049202976,0.25627287515341174,0.005070002784699576
730431,0.0021362830016757772,0.0013976219577264966,0.02326674658281808,0.015221820275448569,1.867636288587275,1.956665094021226,3.038832243352786,2.0731178028363795,0.25131442828090605,0.03150719439035181
730439,0.0028995744209657846,0.0024874138221484985,0.032167266555303775,0.027594843874966676,1.7714332372099497,1.956665094021226,3.038832243352786,1.8999753786787479,0.25131442828090605,0.008855517291612878
730441,0.010040837469861003,0.010132552780754697,0.09977156699818893,0.10068290335962855,1.6609313725719104,1.956665094021226,3.038832243352786,1.7867312547435137,0.2923879634891936,0.03319336105687739
730449,0.001169483001188104,4.8057698268562263e-4,0.01307551530981772,0.005373136410078659,1.9356016057663894,1.956665094021226,3.038832243352786,2.3999077393302906,0.25131442828090605,0.01260437396697682
730451,0.005398987468585946,0.004622128766613667,0.06269588035862964,0.05367458877056621,1.8071218100553637,1.956665094021226,3.038832243352786,2.2350634447966597,0.25131442828090605,0.026491236129645532
730459,0.011442495815869098,0.010127114138478223,0.13082200953648296,0.1157832560064102,1.808727542427178,1.956665094021226,3.038832243352786,2.1772411697051446,0.2522379857282818,0.03876744702110976
730490,0.001615305479441139,0.0023553815975168478,0.01687380070816137,0.02460478229908605,1.8926708587194336,1.956665094021226,3.038832243352786,2.3051358029041435,0.2702903297399117,0.008920846098905224
730511,1.4041528016572747e-4,1.0548987880336534e-4,0.0019142529469415661,0.0014381220557585644,2.5939426187543138,2.59849913255587,7.031606853021496,1.8555478650534332,0.25131442828090605,0.005583090242389304
730512,7.468743845497923e-5,4.436580471770554e-5,0.0010805985993733492,6.418967825081163e-4,2.5977412526751347,2.59849913255587,7.031606853021496,2.4140061773113084,0.25131442828090605,0.0065193922803808
730519,1.0195580744495531e-4,6.783017498632332e-5,0.0013317310114390165,8.859872704101797e-4,2.592869047441915,2.59849913255587,7.031606853021496,1.4798235184793773,0.25131442828090605,0.011561007621687651
730531,1.6505069774005004e-4,1.2972527919941106e-4,0.00230134136387956,0.0018087906022222601,2.5859531909208235,2.59849913255587,7.031606853021496,2.029927909865249,0.25131442828090605,0.04148218656900216
730539,3.4619755737197824e-4,3.423660286643574e-4,0.004917365939979613,0.004862943173661061,2.422622412753649,2.59849913255587,7.031606853021496,1.6163135349570075,0.25131442828090605,0.007270550960288098
730590,8.790853183250678e-5,2.3902415262468698e-5,0.0012029551619523794,3.270846779457143e-4,2.5550876991831286,2.59849913255587,7.031606853021496,1.7554137970837993,0.25131442828090605,2.6794373016977575e-4
730611,0.009867121059342529,0.006608092705455237,0.06786306381871117,0.045448455967373076,1.7813371829724445,2.257012230558868,1.3933537970043783,1.6856240365652708,0.25131442828090605,0.009859416469355124
730619,4.4593863983089345e-4,3.292316635177157e-4,0.002685356890296432,0.0019825698810632775,2.2555876404785917,2.257012230558868,1.3933537970043783,2.020178660445655,0.25131442828090605,0.002090578985102532
730621,0.02299849907719328,0.01737839902753165,0.15218353484938607,0.11499473009765024,1.816352076219464,2.257012230558868,1.3933537970043783,1.6271934322707615,0.25131442828090605,0.0033641180579804726
730629,1.9186311941171575e-4,1.6645582811767126e-4,0.001309877597950507,0.0011364183015900849,2.2569652533401667,2.257012230558868,1.3933537970043783,2.497259891826892,0.252495721758247,0.002813426534399209
730630,0.004374138700786348,0.0031784854873480295,0.025927727405491464,0.01884048744578109,2.224755035544495,2.257012230558868,1.3933537970043783,1.9315610251787163,0.2521311029353611,0.040398432088426785
730640,0.007892572984032238,0.0036878719683634768,0.0545185703487563,0.025474266471934764,2.1691685822018356,2.257012230558868,1.3933537970043783,2.37226697025324,0.25131442828090605,0.017414107209670477
730650,0.0037382354207973934,0.002914894529974908,0.021495929179531397,0.01676148217780746,2.224808562145465,2.257012230558868,1.3933537970043783,1.8445078274768774,0.25309062768216195,0.021206292335676807
730661,8.913424353605797e-4,6.76464369709727e-4,0.005001564576612013,0.0037958253693056204,2.249219191035025,2.257012230558868,1.3933537970043783,1.7784805707057392,0.25131442828090605,0.0028537569769121543
730669,0.0077903392755092095,0.005251044007555494,0.04802151324555849,0.03236869030268958,2.167404651311347,2.257012230558868,1.3933537970043783,2.0612981930308467,0.25857398829371037,0.009479158844073706
730690,0.002919105645156288,0.0011860177038782664,0.019320513082617556,0.007849825717002868,2.2134296488515073,2.257012230558868,1.3933537970043783,2.288376644955132,0.25131442828090605,0.01427868067700809
730711,0.003455196731621084,0.002992364064941016,0.019999665068629154,0.01732065746489166,2.503872526322956,2.879140588503982,1.366014882959031,1.6475157814879886,0.20792823050852255,0.012511394499607226
730719,0.02463994977880614,0.012782692233029266,0.18450827182203552,0.09571904465397256,2.138251140212043,2.879140588503982,1.366014882959031,1.9379688443778484,0.20634937823372518,0.061867802715640734
730721,0.008849757649656004,0.005690909069855541,0.024400132272069032,0.015690704711918305,2.7636327628576094,2.879140588503982,1.366014882959031,1.9277688138364062,0.432268849387515,0.03547559379646082
730722,0.04181248339608775,0.03180759492188963,0.1384655598860631,0.1053335291703969,2.6170733613854593,2.879140588503982,1.366014882959031,2.4123080661177085,0.43596073470590535,0.08914933509762948
730723,0.022809068934554224,0.015941036636847396,0.07135498513425112,0.049869305735825244,2.624889692913154,2.879140588503982,1.366014882959031,2.171402385697291,0.4307829160924542,0.0687803176719856
730729,0.029253390860688327,0.019182386184570247,0.09746543082960467,0.06391120751514151,2.605723886520392,2.879140588503982,1.366014882959031,2.373896045039052,0.4307829160924542,0.06650679054174695
730791,0.021091246702679124,0.01273340494396534,0.061142834604223026,0.03691372460872936,2.60743913119702,2.879140588503982,1.366014882959031,1.8953176192679866,0.43145706260038613,0.052390115298226916
730792,0.08548822426406805,0.10148023802439347,0.2837391964303613,0.3368173972319332,2.4246295523668016,2.879140588503982,1.366014882959031,2.165450264178062,0.4388301839778157,0.18173395156940328
730793,0.003303256884068569,0.0016881382983112666,0.00853654552738695,0.004362624508424552,2.854640896769752,2.879140588503982,1.366014882959031,1.8093088387306786,0.4304242311262816,0.014900779315360655
730799,0.04070568195990719,0.04052629108640734,0.142107314151175,0.1414810439601632,2.4153426106170075,2.879140588503982,1.366014882959031,2.2901934890306705,0.4336015234650376,0.08002562841184167
730810,0.0011363514407242016,3.880518161757157e-4,0.0030537722573280965,0.0010428304379919327,3.196404504286302,3.231751767559021,2.4114359217162655,1.408349744357198,0.4446858212614457,0.007196447837546004
730820,0.01662983000249611,0.024882579574135075,0.05618177893429432,0.08406265035416564,3.0483942412572285,3.231751767559021,2.4114359217162655,2.1682120045071396,0.4446858212614457,0.0016512070710867546
730830,0.05867357925166792,0.041181600022372186,0.2294463172320694,0.1610429529503912,2.666302360427043,3.231751767559021,2.4114359217162655,2.2251807085554463,0.4446858212614457,0.05521328126580931
730840,0.029289458873763146,0.02714546986199871,0.12215219355095257,0.11321065038810627,2.483578651517968,3.231751767559021,2.4114359217162655,2.194534263684083,0.4446858212614457,0.06938992560891716
730890,0.016385548261156437,0.015717923811184968,0.05411783994879224,0.051912824129144206,2.9851005759839526,3.231751767559021,2.4114359217162655,1.9727779004875563,0.4446858212614457,0.04381599301814672
730900,0.024379932542110527,0.017666781448444625,0.06293939548730976,0.04560868011635872,3.077534476510788,3.21350040529067,0.6949152624733086,2.8381062093624676,0.4446858212614457,0.1310233458350918
731010,0.05240666073910114,0.06413541135242376,0.11225213862589331,0.1373744669938389,2.672401210334998,3.028556648364094,0.33065491445868256,2.2147863360928692,0.4446858212614457,0.1726624341416465
731021,0.046220287732660355,0.044502406197975894,0.10146635570059508,0.09769512909426202,2.4978896405328976,3.028556648364094,0.33065491445868256,2.10780683094243,0.4446858212614457,0.08127526705006538
731029,0.049855566603978496,0.040883675101713465,0.1199514421075309,0.09836526031407973,2.3882563750863923,3.028556648364094,0.33065491445868256,2.224551830689062,0.4446858212614457,0.11380679472869268
731100,0.030931294565039825,0.024360604333923758,0.09291280767356809,0.07317547413123712,2.620257487627457,3.006299739475569,1.3233577331586948,2.1766962279893027,0.4446858212614457,0.07703912750803377
731210,0.02330958784035214,0.017384273617190343,0.06738008638344743,0.050252019300486936,2.316970154309927,2.542728311063271,0.9421347626832792,2.036180662671016,0.4446858212614457,0.06135754931930253
731290,0.032728368539283396,0.013696810727582925,0.1119594218019718,0.046854978663253756,2.0623045431001867,2.542728311063271,0.9421347626832792,2.195066425270128,0.4446858212614457,0.03593756567155277
731300,NA,NA,0.035087060499261365,0.039507162647132846,2.767279693487957,3.346803183286602,NA,3.306812162343973,0.4446858212614457,NA
731412,0.04416167104203881,0.044865534722281206,0.09305085514326882,0.0945339312091291,3.180145403098344,3.337806256323867,0.5177424119917357,2.4619753506361026,0.4446858212614457,0.14836113310917864
731414,0.08357015598732585,0.06685917394080583,0.23098649963791473,0.18479762751204362,2.0447746162651717,3.337806256323867,0.5177424119917357,1.9954984507261755,0.4446858212614457,0.1449092140354545
731419,0.04470238095964296,0.04204260890230198,0.1199993198633785,0.1128594129720502,2.0454991434698675,3.337806256323867,0.5177424119917357,1.924004872647325,0.4446858212614457,0.07619410885180228
731420,0.021031344724735744,0.011358262438059277,0.044049437297489634,0.023789494947761138,2.599568271005481,3.337806256323867,0.5177424119917357,1.9034417971816782,0.4446858212614457,0.10412406613261282
731431,0.10755337122278417,0.1301185667175683,0.21971594894631005,0.265813372810651,2.579211791318749,3.337806256323867,0.5177424119917357,1.8252875546806022,0.4446858212614457,0.17803089673342049
731439,0.0389197557327692,0.03715626225202066,0.07616598635605698,0.0727148285092312,2.8376359043496144,3.337806256323867,0.5177424119917357,1.9517114563575373,0.4446858212614457,0.06859585037217536
731441,0.05408107582233008,0.06110264069041095,0.09861172438402029,0.11141488351107698,2.811986888797266,3.337806256323867,0.5177424119917357,1.7623361147888408,0.4446858212614457,0.09384361075668413
731442,0.06340056505042356,0.05376792367552431,0.1385572243750374,0.11750580233732058,2.4439158138727612,3.337806256323867,0.5177424119917357,1.8573229731150247,0.4446858212614457,0.08075396526024081
731449,0.0411167022685812,0.02660837035646533,0.10361888099712176,0.06705619393996849,2.0444060048292103,3.337806256323867,0.5177424119917357,1.773341801875565,0.4446858212614457,0.09217693722969832
731450,0.06424720073054938,0.07071987991223251,0.1157825910157142,0.12744727925033167,2.90261047013599,3.337806256323867,0.5177424119917357,1.8083721162334951,0.4446858212614457,0.10836360088903317
731511,0.028125843527921513,0.022310761105388155,0.09329584577375956,0.07400671646050748,2.4373806420610094,2.928255462967346,1.5520435390187262,2.0432420144374293,0.4446858212614457,0.050739045227113706
731512,0.026727375524580755,0.02785789059412456,0.08891405498554382,0.0926749434784285,2.5025576661967444,2.928255462967346,1.5520435390187262,2.150084861825715,0.4446858212614457,0.047667613772652564
731519,0.054897680224699645,0.03849903856116533,0.19677056096118847,0.1379926689641534,2.262250269810769,2.928255462967346,1.5520435390187262,2.053743402025613,0.4446858212614457,0.09050907586398094
731520,0.0821245414704869,0.10393180542649258,0.32595335862613906,0.4125066690207091,2.007532572132548,2.928255462967346,1.5520435390187262,1.9911786360072623,0.4446858212614457,0.13808744730119665
731581,0.008525992580617406,0.007928782561415751,0.030894004303209193,0.028730008882303086,1.7678649225336756,2.928255462967346,1.5520435390187262,1.2965574014176855,0.4446858212614457,0.013629250935267139
731582,0.05257064025810217,0.05396648386453514,0.21419015336288774,0.21987728128570974,1.8746031834100214,2.928255462967346,1.5520435390187262,1.8443567403341912,0.4446858212614457,0.09787239987698125
731589,0.026198852562726017,0.01647621247655098,0.10083066289065402,0.06341145750411593,2.086382375855334,2.928255462967346,1.5520435390187262,1.9776677498734665,0.4395769657453651,0.041581389656687014
731590,0.008356359383517266,0.011125222645005777,0.02462847972026469,0.03278907808063017,2.843337831576724,2.928255462967346,1.5520435390187262,2.1059782989753364,0.43651315412983727,0.0128133869193739
731600,0.04916709900703464,0.04489049520895075,0.20582712959733657,0.18792407853347912,1.7050756034480097,2.605606441002493,1.3904533058558315,1.7836784920864102,0.4446858212614457,0.09440239743846232
731700,0.054028225303246455,0.07099753739566242,0.17757795779285449,0.23335206048839033,2.224512614431078,2.596535716989264,0.9711001599865772,1.8616578151706167,0.3874415943399248,0.1173450721743237
731811,0.00604198277239344,0.007534864834209477,0.025393530323353064,0.03166788550343215,1.969153434842009,2.146900929675862,1.5840092020057812,1.8216472067631082,0.4115074225641271,0.013151786346134176
731812,0.01000056557490885,0.004439087409008453,0.047193722907027974,0.020948521318278658,1.7816164853319993,2.146900929675862,1.5840092020057812,1.8757954012332194,0.4115074225641271,0.025715667335250374
731813,0.027269182346813275,0.012763870976022194,0.1435935219634754,0.06721173975898821,1.5205746245877427,2.146900929675862,1.5840092020057812,1.8502512402108742,0.42890662752100694,0.04870054696301758
731814,0.03273783720287628,0.028085539005754518,0.13554059077738823,0.11627923144559156,1.9372228357436811,2.146900929675862,1.5840092020057812,1.8200178168970307,0.4244182293975466,0.08778511753264003
731815,0.03077524538518797,0.030499294277627546,0.13114686915828858,0.12997092000355884,1.9464068863822128,2.146900929675862,1.5840092020057812,2.027169647971655,0.4353704642167482,0.06977453955645596
731816,0.049012316911531184,0.04779618027619426,0.18321877244834794,0.17867258741779546,1.9161560656023984,2.146900929675862,1.5840092020057812,2.0080958139706935,0.5014797613477531,0.07484733670177471
731819,0.009079417020948524,0.003611474870380993,0.03854413304909759,0.015331509455537174,1.968909242463287,2.146900929675862,1.5840092020057812,2.00098760036111,0.42890662752100694,0.03995570816639883
731821,0.030220294297260922,0.025552123678335134,0.13289187761932197,0.11236388565159887,1.9741621232929614,2.146900929675862,1.5840092020057812,2.1371239930875205,0.42863995643973585,0.05903977337863949
731822,0.03753066126642635,0.04404377264263335,0.16623827788130205,0.19508744766127448,1.807416052000351,2.146900929675862,1.5840092020057812,1.9760419001823952,0.4446858212614457,0.08350080991304126
731823,0.020590986690170662,0.01632290840464445,0.08229719968588022,0.06523872180795542,1.976871934931569,2.146900929675862,1.5840092020057812,1.9294888579935714,0.4446858212614457,0.05060688100305007
731824,0.036992272646707534,0.014162216168130029,0.17419208633700456,0.06668814336017272,1.7248091631103417,2.146900929675862,1.5840092020057812,1.9412147767835601,0.4340385034067389,0.03886544472313027
731829,0.025749237009196572,0.02325227926357386,0.10891373265048254,0.09835213860211625,1.9785865237985403,2.146900929675862,1.5840092020057812,2.071483423051613,0.43678990023673847,0.06231417386519395
731940,0.050042682481903654,0.032659415192386784,0.2053021222282393,0.1339865674098281,1.8786729007789795,3.051293475748815,1.4272729952160044,2.3651396598748713,0.4920526318145272,0.07647162771881673
731990,0.032717529645061284,0.024768266085645002,0.13437846074316512,0.10172899690085634,1.8771864767192363,3.051293475748815,1.4272729952160044,2.3985822055321844,0.4962173608926509,0.04241386248512488
732010,0.07320570928755013,0.09137913781719638,0.15079267223960627,0.1882271821762091,2.7507384917174234,2.848385231006309,0.37487895140870503,2.0937581497581634,0.4356850544727798,0.17498334005359395
732020,0.05483682277198818,0.05450816446719672,0.10171246885842285,0.10110286666228246,2.6765491568179622,2.848385231006309,0.37487895140870503,2.048117267108207,0.4880626800013186,0.0740899046193579
732090,0.03481590937090151,0.0319691430099644,0.0767879874531149,0.0705093216490188,2.693354587329147,2.848385231006309,0.37487895140870503,2.2301106807979956,0.438527591653317,0.08116327013839444
732111,0.15152169944759838,0.1315961750751956,0.4102748289987011,0.3563225493291863,2.0967202635684985,3.056774367623144,0.6214120949508375,1.8725990835397102,0.43929662108217826,0.24828582154845794
732112,0.09298575556966085,0.07618055890308527,0.25751449812455385,0.2109742322637726,1.3974230200952455,3.056774367623144,0.6214120949508375,1.4321295862543642,0.5306282510621704,0.03968769817179341
732119,0.20011455466968656,0.18277284548824746,0.6272108481321947,0.5728574396971814,1.1730901568821948,3.056774367623144,0.6214120949508375,1.3295850940005276,0.5306282510621704,0.16332635502371257
732181,0.20923921654626731,0.19814298310663994,0.5792415891555801,0.5485236386809862,1.5671067021864564,3.056774367623144,0.6214120949508375,1.5913800764787125,0.5100648629765343,0.21268031134649606
732182,0.10873136650945125,0.09141389528671733,0.2767809208201476,0.23269846526774665,2.276918833744489,3.056774367623144,0.6214120949508375,2.2546668829741345,0.4962173608926509,0.043422018470254446
732189,0.14374405009097577,0.11016151903671013,0.4366975707128602,0.33467310625325136,1.6668146430922404,3.056774367623144,0.6214120949508375,1.9179908352508173,0.5014797613477531,0.17142877775953014
732190,0.05818972282466351,0.05137385021690031,0.13545618611442897,0.11958994610377723,2.209308960650092,3.056774367623144,0.6214120949508375,1.6655675079522236,0.4446858212614457,0.14053202774801787
732211,0.014685499331166222,0.005620295682110802,0.14722703101042567,0.05634533957737599,1.3690309963696938,2.836805307450634,1.3184687037375271,1.6339333795619937,0.21511137961694554,0.034426750846850644
732219,0.005004887863181694,0.0033430107043357265,0.016582211004311065,0.01107607411082431,2.6689472813742268,2.836805307450634,1.3184687037375271,2.6137834906222275,0.4446858212614457,0.008206856760100729
732290,0.11417803056953048,0.10793699082972938,0.36436878467782535,0.34445216802421685,2.7178080716099,2.836805307450634,1.3184687037375271,2.538362949340557,0.4446858212614457,0.26516803643262277
732310,0.025459451037910596,0.020579129118799184,0.07132280022170277,0.057650933348529755,2.270617228566976,3.138375327233318,1.168225699368431,1.6604070272774207,0.4446858212614457,0.04544610959715761
732391,0.037197932136967295,0.05098942821518337,0.26639643366574445,0.36516550923219604,1.5070313055713629,3.138375327233318,1.168225699368431,1.5207481049606177,0.24914644152064835,0.04676999473777038
732392,0.05013208643754941,0.053545897190315966,0.3260436414712189,0.34824601460628,1.9677512239080766,3.138375327233318,1.168225699368431,1.9816985817583899,0.2461330695389085,0.08051570160609477
732393,0.07735562966342355,0.0563266567417342,0.2888367806774657,0.21031708061061558,1.3684987124584842,3.138375327233318,1.168225699368431,1.501762022159879,0.522521663529182,0.07561541825399162
732394,0.021651201893143276,0.010129080486189816,0.05063372025594478,0.023687970317717376,2.711328399977782,3.138375327233318,1.168225699368431,1.9499627900776648,0.4917704318072545,0.04946491953447819
732399,0.07449369935293496,0.07473847903647023,0.29083499425649706,0.2917906522312448,1.4446357296512664,3.138375327233318,1.168225699368431,1.5456088128068506,0.4811692774690115,0.1025872328782531
732410,0.059445022663449275,0.04522612439418861,0.1379049644109022,0.10491891155184095,1.9732030503720839,2.504700230185573,0.45130953588844386,1.5405559795124948,0.4351348136755566,0.1322768730474527
732421,0.04888298086340073,0.036116729029527436,0.3490705727608768,0.2579074979861908,1.3509394518432776,2.504700230185573,0.45130953588844386,1.6238659468445613,0.21511137961694554,0.12874683242934895
732429,0.07015839099641065,0.05439723923977958,0.220090243296038,0.17064675299535279,1.6397110293190895,2.504700230185573,0.45130953588844386,2.1282282771079117,0.5014797613477531,0.0432236655399876
732490,0.04157445203139653,0.023274391019440337,0.1247263151583749,0.06982482961453608,1.7156266502109525,2.504700230185573,0.45130953588844386,1.8374893024039702,0.4446858212614457,0.100611315985674
732510,0.01038933241886854,0.007871714724599663,0.0730618481027402,0.05535697601438749,2.4612619875019712,2.80505519058684,1.875279885574424,1.8479876299948446,0.21511137961694554,0.02300888466546971
732591,0.004477625153768482,0.003310004228564045,0.013102822228555761,0.00968602674257824,2.6801326961964613,2.80505519058684,1.875279885574424,1.5482233892108384,0.43651315412983727,0.006241236349829278
732599,0.036539540006547376,0.027694887165188878,0.15634481681242027,0.11850045347331244,2.1605438366855005,2.80505519058684,1.875279885574424,2.1974864502805715,0.44056094970916904,0.018612427995228963
732611,0.004169936687164507,0.003462643122813654,0.011953529273375766,0.009926003447297278,2.6096065863237503,3.019544229159953,1.8823311734476076,1.444226140841153,0.4446858212614457,0.023919419627856178
732619,0.02177494790334229,0.018493160649225838,0.06800696557823023,0.05775737077706356,2.873826271663981,3.019544229159953,1.8823311734476076,2.0355757908623966,0.43651315412983727,0.06195353055194448
732620,0.03578205646882339,0.023754735811518553,0.12561828797299893,0.08339457086525498,2.4317363972117287,3.019544229159953,1.8823311734476076,1.820712731784269,0.43376528597008895,0.08458367478605672
732690,0.03411917134598604,0.03646912620947115,0.1249214133838125,0.1335253645160917,2.4664878895850033,3.019544229159953,1.8823311734476076,2.0564906708995414,0.43616311518608575,0.06359247060246918
740200,NA,NA,0.024030420408654284,0.004219046459764391,NA,NA,NA,1.7142313074717366,0.14842000511827325,0
740311,3.7086444433119725e-5,3.4935713112992535e-5,0.0015160718669486413,0.0014281512453401097,2.4491787571227475,2.449878797636646,12.354821917902374,2.395472303690075,0.1473247147568584,6.557487010226435e-5
740312,1.5172630672682572e-4,1.7153872020603508e-6,0.006461064821119791,7.304750339561048e-5,2.3418691742268662,2.449878797636646,12.354821917902374,2.3371960441548807,0.1473247147568584,0.011204065716777716
740319,3.3727976378559316e-4,1.8144834822681006e-4,0.014427944926024287,0.0077618851061538735,2.4348768937911505,2.449878797636646,12.354821917902374,2.9901750914546694,0.1473247147568584,0.0032443933924675506
740321,6.997712625985904e-4,8.025816893381166e-4,0.03148161937700912,0.036106900373234135,2.4487946570852896,2.449878797636646,12.354821917902374,3.875567437936827,0.1473247147568584,0.0010546991952250773
740322,0.003884999856285864,0.0011937154539285258,0.17000308914886864,0.05223560418007415,2.4241101142529584,2.449878797636646,12.354821917902374,3.2728310469425836,0.1473247147568584,0.001266168390062094
740329,4.0130591018769623e-4,1.7700449646799917e-4,0.017323900759465945,0.007641074434604407,2.4456427803513257,2.449878797636646,12.354821917902374,3.1990587614819614,0.1473247147568584,0.0033390091187010078
740400,4.840647782988786e-6,3.0640019125262696e-6,4.090627929063218e-5,2.589259198351409e-5,2.971351657010756,2.971390618343138,0.46136261343814616,3.265410822128341,0.14842000511827325,0.003067093433295425
740500,NA,NA,0.02133784752385269,0.024453949348387155,NA,NA,NA,2.374180058957799,0.14842000511827325,NA
740610,NA,NA,0.02179666564672288,0.016567800748080404,NA,NA,1.0817784634476009,2.3559919683412107,0.3364722366212129,NA
740620,NA,NA,0.0012174226844747947,1.800686625797049e-4,NA,NA,1.0817784634476009,2.6241590407786437,0.3364722366212129,NA
740710,0.010452570683507585,0.008067238488504094,0.030566839541171006,0.0235913242670094,3.1987960572204224,3.269584706386127,0.2179525599279999,2.887344798625719,0.33196264611523785,0.07487638141152972
740721,0.0030922994536907223,0.002764935457399243,0.01142736464645594,0.010217615133588117,3.2625427562288576,3.269584706386127,0.2179525599279999,3.7805994852918183,0.3316515253625766,0.01925100477198088
740729,0.00849661435032779,0.009603121134226662,0.026288577773175555,0.02971211666122096,3.2338504813995614,3.269584706386127,0.2179525599279999,3.086542888088219,0.33026612981160286,0.05766849266792969
740811,2.7910482670761487e-4,1.9274340015883526e-4,0.0038000322197669864,0.0026242152075653525,5.0278957049812805,5.031007840921902,20.450031042724586,2.274525138993792,0.33196264611523785,0.0038557466365022027
740819,4.758267383882267e-4,2.6439177686205054e-4,0.006627496159117968,0.0036825494329953998,5.002518701934425,5.031007840921902,20.450031042724586,2.5261844175710726,0.329753286372468,0.002485563385328567
740821,0.0013518639504243246,0.0011795572972256715,0.018720328918362582,0.016334262464198643,4.937851348109222,5.031007840921902,20.450031042724586,2.0979484962065893,0.329753286372468,0.009893728077037265
740822,7.353264998893156e-4,4.201741690209405e-4,0.010014365955160712,0.005722325924762158,4.964361381908828,5.031007840921902,20.450031042724586,1.844367545305208,0.329753286372468,0.022447505468192675
740829,0.00241937174698703,0.0027200761077553794,0.03473343306314886,0.03905046073760671,4.781747176803433,5.031007840921902,20.450031042724586,2.1870720722685593,0.329753286372468,0.02265119086543612
740911,0.0021490722103140875,0.0026317932683261247,0.008447281100737232,0.010344695459688443,3.173257381248849,3.212896818825448,1.7591421549749526,2.3906995971478855,0.3327057439945542,0.020577742598926772
740919,0.006466231137967326,0.00550687013967637,0.02474133811940434,0.021070594786720555,3.1636573017660368,3.212896818825448,1.7591421549749526,2.25027953865911,0.331222890537061,0.03364120316628828
740921,0.0055525406129893085,0.004465720840908887,0.02184100411200441,0.017565981781598287,3.157250232261642,3.212896818825448,1.7591421549749526,2.366297029186768,0.3321852377512201,9.68777081793162e-4
740929,0.003055381759166362,0.00348343548050591,0.011744023360652372,0.013389340803536312,3.1987818368039376,3.212896818825448,1.7591421549749526,2.3251459998902098,0.3321852377512201,0.0012230773154214732
740931,0.03097419657627802,0.02730338933612092,0.1319694219497537,0.11632949055138732,3.0022631091728305,3.212896818825448,1.7591421549749526,2.4711017769501216,0.33070700728478725,0.042961212876917315
740939,0.00250416257436069,0.0015621650722344362,0.00974833188440921,0.0060812759276466675,3.126368057768806,3.212896818825448,1.7591421549749526,2.261071512943482,0.33032484892449476,0.004606863034737166
740940,0.015868728410857274,0.01621430773659509,0.06731407763551808,0.0687800018708859,3.1402679519793866,3.212896818825448,1.7591421549749526,2.633437153126097,0.329753286372468,0.038245285553161534
740990,0.0034178218246921008,0.002137686246437378,0.013243294645715819,0.008283055780479377,3.1483065267957606,3.212896818825448,1.7591421549749526,2.275147066115911,0.33070700728478725,0.0072721813444015055
741011,0.005959122572709725,0.004990771307133749,0.031887301680683065,0.026705648079580598,2.3816241013562385,2.432800151283656,2.431981674571073,1.8271182339187908,0.33420208808667384,0.0013052137456134555
741012,0.004716752332645557,0.0035276470986511915,0.02624953320260253,0.019631959261929587,2.2999757300745944,2.432800151283656,2.431981674571073,1.845724238949823,0.33420208808667384,0.008111345336180001
741021,0.001229503997255359,4.532411683070323e-4,0.006909464884054696,0.0025470872347029406,2.2807760150308685,2.432800151283656,2.431981674571073,1.805145128587263,0.3305783099324351,0.0053362148803258475
741022,0.004302499079185471,4.009451609420044e-4,0.03235572878144031,0.0030151948076945073,1.7612420140645706,2.432800151283656,2.431981674571073,1.9796183076200236,0.33307856820577647,0.004065692282296376
741110,0.002233276068001226,0.001516258477365636,0.012860412146149818,0.008731436842229644,3.087880959253146,3.147533428453555,4.1456539221895525,1.7572028041685162,0.33196264611523785,0.0016825567784969988
741121,0.01963597577831246,0.01818677830309314,0.134564687866805,0.12463338584688528,2.7374889422583886,3.147533428453555,4.1456539221895525,2.073604210756841,0.3315183624733009,0.055410656710940705
741122,0.007879352484088067,0.008360206933160402,0.04787040139934393,0.05079179570658403,3.0605547894212384,3.147533428453555,4.1456539221895525,1.9858333488638191,0.329753286372468,0.06882080562954866
741129,0.001877704334721695,0.0011550142202543564,0.011069137889670268,0.006808852401366158,3.050766981538824,3.147533428453555,4.1456539221895525,1.8165004226417263,0.3315183624733009,0.013792525545736324
741210,0.027797158755409734,0.024060116817494048,0.10723184256671323,0.09281562484180664,2.3811824371366512,2.530759483715362,0.6854494671450305,2.343591619631009,0.329753286372468,0.06315342423114127
741220,0.029914557119908064,0.02708942399462702,0.1302520460918535,0.11795103262290131,2.1446181233346207,2.530759483715362,0.6854494671450305,2.393773099274862,0.329753286372468,0.06035204316556126
741300,NA,NA,0.032064222727005355,0.019521774149830737,2.3047052469122096,2.350101325460836,NA,2.1231765488363874,0.3304864251977496,NA
741510,NA,NA,0.039673059871412855,0.011007885840597765,1.907837102951653,2.133004937061839,NA,1.6101867067345934,0.33085424431698973,NA
741521,NA,NA,0.22688896579434384,0.10338261449363519,1.7562101196571953,2.133004937061839,NA,1.8330671452597125,0.329753286372468,NA
741529,NA,NA,0.07944101402696678,0.07149008548662399,1.9647423267067865,2.133004937061839,NA,1.9980028484734549,0.329753286372468,NA
741533,NA,NA,0.10062412363055465,0.07449783979791175,1.892431484000522,2.133004937061839,NA,1.8752597411350904,0.33063344838611886,NA
741539,NA,NA,0.05550846307487592,0.036089490913195625,2.008481643490342,2.133004937061839,NA,1.7070065880574175,0.329753286372468,NA
741810,0.052045722636304935,0.0186513101097628,0.1831756623152162,0.06564355165700214,2.650989546745989,3.150397181039531,1.6203508937911997,1.8624097477528074,0.3732784216122631,0.06606848747505442
741820,0.014907672669751203,0.01783812902506642,0.06011665013864238,0.07193400240828986,2.555194105388975,3.150397181039531,1.6203508937911997,1.777450214163142,0.329753286372468,0.07511274990543572
741991,0.007600009319180156,0.006851426368090445,0.07514316244874203,0.0677417385902038,2.358441701397867,2.544207400285378,6.082683012023798,1.7633426498848337,0.3364722366212129,0.03683808175733761
741999,0.01291217710627573,0.016626846555219232,0.1512506327657599,0.19476351986790988,2.1663876373316806,2.544207400285378,6.082683012023798,2.3357682138955704,0.33174035530032475,0.03849836705871554
750120,NA,NA,0.4258739197160034,0.23068546313547597,NA,NA,NA,NA,0.21511137961694554,NA
750210,0.008192248614307385,0.005569055099357767,0.05045632048079211,0.03429998796394459,3.1338922983814914,3.147582230994387,0.8300488075794727,3.321975674503357,0.21511137961694554,0.016772841174703155
750220,0.009669912941354726,0.017642205154771873,0.06119700439584577,0.1116504474194089,3.1388449421474216,3.147582230994387,0.8300488075794727,3.443029459878546,0.21511137961694554,0.003535023725417774
750300,NA,NA,0.3466925608576099,0.2932832481974258,NA,NA,1.1427796437924544,4.155852976705407,0.21511137961694554,NA
750400,NA,NA,0.013622883420973739,0.016716476596559,1.9208390758225098,1.927568613245656,NA,3.262689646947893,0.21511137961694554,NA
750511,0.011672392766937118,0.007947923960546893,0.05634178804286095,0.03836404892357075,2.6142664731647645,2.710482938897421,0.8964330885946911,1.7631551024244276,0.21076272739619806,0.045314767707184636
750512,0.002678454126582072,0.002899188714049238,0.013933187413411291,0.015081437945417485,2.6970791836662644,2.710482938897421,0.8964330885946911,2.061278784532203,0.21081227815596848,0.012380034435790988
750521,3.7378870464337176e-4,1.282943576957985e-4,0.0017330067265029306,5.948146161113121e-4,2.709035345199817,2.710482938897421,0.8964330885946911,1.7519865264864904,0.21086186795592987,0.03962992573914359
750522,0.008199382118104509,0.005659455279912402,0.04792044031419329,0.03307610074094019,2.692350384211342,2.710482938897421,0.8964330885946911,2.4215128195365407,0.21086186795592987,0.08713740930155717
750610,0.008950758699359695,0.007493464509680339,0.04711494344761912,0.03944404809232387,2.7534197392672053,2.909193780680857,1.178717349249707,1.880272459051655,0.21106041298987865,0.006047592252968177
750620,0.007227274174377708,0.008328084155821147,0.04106302018430735,0.04731746430756369,2.8796146050418483,2.909193780680857,1.178717349249707,2.270389330800682,0.21081227815596848,0.027314058606590884
750711,NA,NA,0.045027367739935355,0.025261512677833328,NA,NA,NA,1.6249906664624962,0.21205871888971664,NA
750712,NA,NA,0.03370834840859086,0.03765705680845988,NA,NA,NA,1.8627559470608508,0.21205871888971664,NA
750720,NA,NA,0.04088377134197573,0.009994521867085262,NA,NA,NA,1.8748193929453083,0.21056476910734967,NA
750810,NA,NA,0.2707686502152905,0.2097899818556492,NA,NA,1.233006303669296,1.973149033409477,0.21056476910734967,NA
750890,NA,NA,0.12518140648386336,0.05977190076656962,NA,NA,1.233006303669296,2.7850927856985317,0.17840765747281828,NA
760110,0.0011538735824658123,6.755885718277921e-4,0.007175768158168177,0.004201384827083361,2.5102388169809764,2.510371200355116,1.1440128083419157,4.320572970867316,0.35005157691825317,0.011654705636119655
760120,5.375828021550808e-4,6.435530303261076e-4,0.002860070695734403,0.003423857972777557,2.509834712810885,2.510371200355116,1.1440128083419157,3.5634770310993136,0.3525436269559729,0.003533251832082259
760200,5.066151065354121e-4,2.58111587077915e-4,0.009717098703678788,0.004950692815599979,2.548297105915944,2.548971396311631,3.643091682995617,6.871004004037111,0.21511137961694554,0.004240659677034456
760310,NA,NA,0.2047344169999024,0.17404525593830494,2.1416064579685914,2.27629112342816,NA,2.961219484247747,0.20763936477824457,NA
760320,NA,NA,0.011932841547311597,0.0058299324495528085,2.2510831016090886,2.27629112342816,NA,3.773432653624045,0.20923817618406088,NA
760410,0.007308340746901506,0.0026557993589946273,0.027246468158891167,0.009901173902151377,2.9571474182281197,3.16756487796389,1.709671709211844,2.0850428513429526,0.3442030479493467,0.009545498296979097
760421,0.0016740710589309184,0.0016231741474450054,0.0051085310239267195,0.004953215961306927,3.1492118496137156,3.16756487796389,1.709671709211844,1.6375605242471316,0.3483066942682158,0.004843653765119491
760429,0.003091192341509166,0.0023171392639389646,0.010204142438901486,0.007648964052641571,3.1221162002332017,3.16756487796389,1.709671709211844,1.8415340102613273,0.34456906561490186,0.010563618875513272
760511,1.2673459760428014e-4,3.4207060953765693e-4,0.07363258422170611,0.19874243847128625,2.4548431530603527,2.458706216851318,491.3191058449171,2.273023002719927,0.3460745189717905,2.764414254732343e-4
760519,1.1899937966742836e-4,9.51658900383849e-5,0.0790029520979221,0.0631800457537723,2.167094228899985,2.458706216851318,491.3191058449171,1.9876006382154088,0.3428787747221541,2.2065232676034494e-4
760521,4.665232127920522e-5,4.061360421959122e-5,0.027190649001380584,0.023671067735446832,2.4467330253202237,2.458706216851318,491.3191058449171,2.1983561509730944,0.3460745189717905,2.6797363305988757e-4
760529,5.3436447177514054e-5,3.232411240309779e-5,0.03332151650350223,0.020156438195129876,2.306236662673053,2.458706216851318,491.3191058449171,1.7770951689650902,0.3428787747221541,4.5129020974306176e-4
760611,0.0027521929704040354,0.0019681741690298535,0.00934627909237194,0.006683799168141087,3.205500030552704,3.382236064222832,1.8432596474297005,1.9174247909379032,0.3454707186398808,0.01524197592612702
760612,0.01424044565689193,0.014414384681120874,0.05776423277044128,0.05846979034395454,3.0501086530538224,3.382236064222832,1.8432596474297005,2.455071057139364,0.3474154172640032,0.11820571481069768
760691,0.002923771914535693,0.0027021278914280164,0.010726245340456,0.009913114822894345,2.851840049520934,3.382236064222832,1.8432596474297005,1.7920550399356885,0.34746623709858887,0.042503632039902366
760692,0.0019920669162733482,0.0015594318562450068,0.007024012998370396,0.005498545023190769,3.28651009860389,3.382236064222832,1.8432596474297005,2.117520652334236,0.3417939714837082,0.043389856005979374
760711,0.00998633468501187,0.009686132254767913,0.0348849287518253,0.03383624164884816,2.7140381385841272,2.9258603189414,1.6476697768509196,1.602490525572102,0.3428128652782595,0.06600478355733516
760719,0.01879587614620106,0.00977322697602773,0.08637439883705486,0.04491179864063426,2.129455724724692,2.9258603189414,1.6476697768509196,2.0540477321633466,0.37827896780400766,0.0362731934376515
760720,0.037149167515148414,0.03721605703260527,0.1655922708325416,0.1658904305984652,2.357713120056833,2.9258603189414,1.6476697768509196,2.2939054940785084,0.3750488934688546,0.04766395255730077
760810,0.004432009681348918,0.0027571048111432296,0.01177952780366816,0.0073279155768008536,2.988267206850275,3.344855509176227,0.690982148010926,2.0088970183190797,0.33993643657124367,0.023213735387228127
760820,0.005491064212545719,0.003789014151478576,0.01519053532011299,0.010481966895404255,3.291233299274295,3.344855509176227,0.690982148010926,2.4041054309446412,0.33993643657124367,0.010544678532968926
760900,NA,NA,0.21418388225001478,0.15895916730797838,NA,NA,2.4449862027758593,2.427679285975861,0.33993643657124367,NA
761010,0.03638902902335014,0.05412403567606258,0.1497709900522595,0.2227652296967338,1.5680032092694032,1.669099959650176,1.0052560708968576,2.1016659765562973,0.48142227009540123,0.03739294848401301
761090,0.009358699933514928,0.009367215121207036,0.04216619944924798,0.042204565152296904,1.603575082756448,1.669099959650176,1.0052560708968576,2.093597051346627,0.42890662752100694,0.03382879516471923
761100,NA,NA,0.15454487900228703,0.11974596076265652,NA,NA,NA,1.888603863983607,0.21115979382273378,NA
761210,0.005192218951473904,0.003301824327058391,0.037281559150267284,0.023708006172982275,2.4359707688911207,2.51994875646155,1.7029901270327683,1.9956195802870216,0.2114586055517202,0.013530578434164959
761290,0.014744271647159014,0.013247662437297851,0.1229050270982972,0.11042961970650583,2.399432992878362,2.51994875646155,1.7029901270327683,2.4627678486202806,0.20827593128288063,0.021823174397406397
761300,NA,NA,0.09150166520611083,0.19503839713343146,NA,NA,NA,1.8680581447435904,0.20763936477824457,NA
761410,NA,NA,0.004321956903117945,0.0056220905614623555,NA,NA,0.22030909767952944,2.2183534258423423,0.39328347347184983,NA
761490,NA,NA,0.005347641045167224,0.004300048632685071,NA,NA,0.22030909767952944,1.9568720724438078,0.3564607739712089,NA
761510,0.040030560683470676,0.048051263630772015,0.31448674248967257,0.37749871882243624,1.5717750383016327,3.04440192538795,1.3428105740626437,1.712849799615184,0.24745944004288137,0.04402421535632502
761520,0.025482502138092025,0.013929096701122218,0.27444309159125774,0.15001448213420202,1.3457504203045778,3.04440192538795,1.3428105740626437,1.6919174683654934,0.20938473660952822,0.056232782551621695
761610,0.016600384330341996,0.010902198430685205,0.08837026124689369,0.05803661555739882,3.0346774178891893,3.44292882392205,1.024074614942024,2.3166981140255607,0.2067980326711295,0.06534172047086258
761691,0.022467115958059503,0.02599003409364436,0.13383589637916388,0.1548218078520281,2.3114260422680735,3.44292882392205,1.024074614942024,1.8854596391351428,0.211309093667207,0.04343396644246648
761699,0.04473126684418882,0.03241261686433393,0.11902714691694424,0.086247977793969,2.8330698301401935,3.44292882392205,1.024074614942024,2.1502843711773307,0.4210793408713305,0.1044260919930344
780110,0.0024761217729010877,0.002317888550486066,0.024476700993538242,0.02291255042764795,2.370157580918665,2.385643389537924,2.0654537506783943,2.5164930764820834,0.195565363780631,1.43097137235196e-4
780191,1.4781236590551202e-5,2.7894839257248977e-5,1.8187561145534574e-4,3.432318341757596e-4,2.3855921471639934,2.385643389537924,2.0654537506783943,2.8687380562745473,0.1680955178112677,0
780199,1.1425314892776713e-5,8.18990995532298e-7,1.419031874175705e-4,1.017192382205562e-5,2.385610517121371,2.385643389537924,2.0654537506783943,2.9151231062905323,0.1680955178112677,0
780411,NA,NA,0.011161867663638681,0.004046696604150157,NA,NA,NA,1.6376375761148116,0.2117582275887724,NA
780419,NA,NA,0.004768923192162821,0.003918797149261624,NA,NA,NA,1.5223670322224563,0.21056476910734967,NA
780420,NA,NA,5.283595889989264e-4,3.0984293545197054e-5,NA,NA,NA,1.4772104904456158,0.21511137961694554,NA
780600,NA,NA,0.11664434883035257,0.1392853454221964,NA,NA,1.0087579461113725,2.3272539582058758,0.21195844581966844,NA
790111,0.02137658595175455,0.015555064268713309,0.18338966685543728,0.13344684977257143,4.47823768313533,4.494469985908053,0.8625862325915993,4.776643299487783,0.14678312028954704,0
790112,0.021861755739534066,0.020846114995754287,0.18957074326815582,0.18076377584130912,4.4906063335234165,4.494469985908053,0.8625862325915993,4.821742242165487,0.14597816710106393,0.01666829351611728
790120,0.006232079257705577,9.487099057007793e-4,0.05192646419020838,0.007904769645597283,4.343259639799769,4.494469985908053,0.8625862325915993,4.391344949900692,0.14518200984449786,0.00668911340480729
790400,NA,NA,0.02054771960462382,0.020693091136391107,2.7454498342448104,2.83279082579835,NA,2.7454498342448104,0.20879968060325016,NA
790500,NA,NA,0.007633529961808428,0.0029712254217928074,NA,NA,NA,NA,0.21086186795592987,NA
790700,0.009947858274060133,0.012142779244943046,0.0758671320007131,0.0926066506429648,4.509798541673904,5.136877994528023,4.618191147234451,2.301068872369878,0.20117704838115763,0.026418475892760192
800110,2.0546070704421606e-5,9.648709380392489e-6,1.8849103899445577e-4,8.851791090519027e-5,2.986424655161083,2.986603804858767,1.6236244062723264,2.442736623556102,0.14842000511827325,0.015086093866972542
800200,NA,NA,0.11290835441637981,0.020023523541362227,NA,NA,NA,2.5241491825231215,0.1823215567939546,0
800300,4.55380016599001e-4,9.180865035160612e-4,0.007225873571131509,0.014568002020191843,2.383527374640665,2.390699238861266,7.830398356625041,1.8374894631665373,0.255620139992118,0.00014033251641530203
800700,0.021765959184862724,0.016200692461647476,0.15672930422702797,0.11665570241792587,2.0471531827750917,2.42497947639938,1.5143307693823758,1.8024959122109443,0.2250090791298308,0.04553021033951463
810110,0.016647070201528225,0.01015487577662893,0.15317549445513157,0.09343855101138333,1.9831122698399872,2.238330731137288,1.2003693892374026,1.3739351202302839,0.14107859825990549,0.10373798671857544
810194,0.023750089274824734,0.024360343580449934,0.19832129191322653,0.20341712211776758,1.1368805687508041,2.238330731137288,1.2003693892374026,1.1537260984652138,0.24797342170174333,0.020543539423417658
810196,0.011298612966280085,0.005662213606268468,0.07863890673588218,0.03940928758519892,2.034337289730634,2.238330731137288,1.2003693892374026,1.7519194449590596,0.2085083968363658,0.017614127247066912
810197,0.05422476452717113,0.06251509855823618,0.4712191733354586,0.5432630887467608,2.1026437286095594,2.238330731137288,1.2003693892374026,2.0479107758733432,0.1777716526031296,0.06301786450630253
810199,0.02593838448250342,0.025618505599825557,0.18771578828713897,0.18540082851550058,1.541609311534854,2.238330731137288,1.2003693892374026,1.6010880146433666,0.2511029532308734,0.03587951924157262
810210,NA,NA,0.14913271077363627,0.15387556196495372,2.3452250217143282,2.948804314143334,NA,1.6038828166107086,0.25962412727857465,NA
810294,NA,NA,0.16463589632523126,0.16412106363210355,1.6627272904186052,2.948804314143334,NA,1.3550562895021419,0.25805211949458984,NA
810295,NA,NA,0.12311262749871947,0.11801607153100194,2.506065721712478,2.948804314143334,NA,1.7576462153590326,0.24797342170174333,NA
810296,NA,NA,0.06292334357376317,0.034409917752924145,1.9742717132392666,2.948804314143334,NA,1.4672005413329523,0.2085083968363658,NA
810297,NA,NA,0.3056162772110507,0.2757616774050665,2.0559095198613297,2.948804314143334,NA,1.9898917163532817,0.26236426446749106,NA
810299,NA,NA,0.13818370216860332,0.1054868965865482,2.260065300073753,2.948804314143334,NA,1.7547701044442234,0.25409637635184756,NA
810320,0.016954340098147724,0.015516479733263594,0.43439471869454316,0.3975546562025732,1.3993055733920572,1.662851396558466,3.3577417958500604,1.8663520039881762,0.14571181118139384,0.037853611912227296
810330,0.03141421058081564,0.03471914379051103,0.5639679467707273,0.6233002158943243,1.491105204221963,1.662851396558466,3.3577417958500604,1.5228735073014625,0.1823215567939546,0.0025843693595523753
810390,0.008426164052695027,0.006464584666858339,0.1939975034208929,0.14883561228817838,1.2211022627343557,1.662851396558466,3.3577417958500604,1.56981975207361,0.1752725038986864,0.013056959374495556
810411,9.871528681387614e-4,8.736608463658166e-4,0.009176548247870479,0.008121529266350994,2.244028711652507,2.273337875337011,2.3116286321481483,1.2325390956386513,0.16989903679539742,1.2181179384591563e-5
810419,7.298418561843293e-4,6.481006151281848e-4,0.007033388608516305,0.006245659172586186,2.253566924294728,2.273337875337011,2.3116286321481483,1.4258646617394448,0.17209732301809527,0.003230486687462679
810420,0.046151694325335654,0.04555481202201146,0.5329450112413799,0.5260524052275577,2.0883147430501197,2.273337875337011,2.3116286321481483,2.085090535651831,0.1823215567939546,0.033753924799647186
810430,4.471088470834696e-5,1.9515234008007506e-5,5.030947027567016e-4,2.1958882980128354e-4,2.2606564856328992,2.273337875337011,2.3116286321481483,1.3441926149721608,0.14371890401879756,0.0016932737220932107
810490,0.008437277398188772,0.004681688479384609,0.1256323221866308,0.06971104156724153,1.9711192998139364,2.273337875337011,2.3116286321481483,1.934064325433442,0.14465605390747982,0.038726304277089695
810520,NA,NA,0.02749989842421661,0.030889089673553968,2.385634658638008,2.402994678415502,NA,2.2373829624323682,0.14681910208968602,NA
810530,NA,NA,0.13129378895659627,0.2508658931603791,2.389427129259262,2.402994678415502,NA,2.573896871725727,0.14842000511827325,NA
810590,NA,NA,0.049015862574590424,0.035585414490551706,2.3541771790044215,2.402994678415502,NA,2.329461935526604,0.14444673781897016,NA
810600,NA,NA,0.2236841666617811,0.25510478605708775,NA,NA,NA,1.3244339994267005,0.14842000511827325,NA
810720,NA,NA,0.04506410132641598,0.025156166168076352,NA,NA,NA,1.9639956067878304,0.2117582275887724,NA
810730,NA,NA,0.5482386438882267,0.10010822510822512,NA,NA,NA,NA,0.21511137961694554,0
810820,0.006229165799338246,0.003751873174629349,0.06732313407730556,0.040549227442854587,2.9221767542441652,2.946000314991621,1.848730197689311,2.368470744837774,0.13353139262452274,0.019361624804335
810830,0.03675882336806069,0.026223837350922177,0.3752224516020349,0.26768464383916307,2.8642165719579857,2.946000314991621,1.848730197689311,2.490628097208895,0.14842000511827325,0.2182069825788358
810890,0.005164728579123186,0.003937379784726897,0.057729658797354505,0.04401075255855442,2.7036999887047144,2.946000314991621,1.848730197689311,2.2613285504670184,0.13599972894324502,0.03024652579690293
810920,NA,NA,0.44005025082283844,0.34106314474865235,NA,NA,NA,1.9370113938335425,0.2530191045892654,NA
810930,NA,NA,0.004211491952297556,0.025988352702737364,NA,NA,NA,1.0710549067702615,0.21511137961694554,0
810990,NA,NA,0.05436808372153518,0.050014527282236036,NA,NA,NA,2.0191019952575004,0.20953151146147192,NA
811010,0.006163223890176483,0.005305993010510012,0.10860436680923018,0.09349879567398615,2.6829732378683335,2.931233569337603,6.489176226154021,2.130554610080519,0.1823215567939546,0.008787349841328033
811090,0.006698755005734606,0.0017304349315372606,0.1065474369124671,0.027523533334367207,2.823818547940612,2.931233569337603,6.489176226154021,1.6996889213180684,0.1823215567939546,0.01010665387799578
811100,NA,NA,0.09884733311861904,0.10146321017626601,NA,NA,1.6015526753542195,1.4120501925430295,0.19876973415481786,NA
811219,NA,NA,0.08828303645279927,0.0038503850385038507,3.1641169709898485,3.241503808237163,NA,1.7613660017816661,0.20692071580732252,0
811221,NA,NA,0.4090007786444784,0.4075811606736953,2.3826524135217273,3.241503808237163,NA,2.056833410048522,0.14518200984449786,NA
811222,NA,NA,0.9394967199058842,0.8785178998167097,2.936324886134667,3.241503808237163,NA,2.8341580673035236,0.1823215567939546,0
811229,NA,NA,0.058157103566965886,0.030495726654355477,2.8249851393598444,3.241503808237163,NA,1.469313232603096,0.14518200984449786,NA
811292,NA,NA,0.12368245947722002,0.12661604499542367,2.9288697160596078,3.241503808237163,NA,1.685299258435103,0.17023377973919157,NA
811299,NA,NA,0.2036493529707125,0.24233783355352528,2.542875666891835,3.241503808237163,NA,1.8772891461288794,0.17101552550620353,NA
811300,NA,NA,0.08056188915014371,0.047471873188673394,1.8328738716035362,1.966488072120607,NA,2.1042891889223627,0.20953151146147192,NA
820110,0.015982368776015842,0.009854005149812706,0.12810370111236172,0.07898294352747132,1.8823546430621114,2.553459522310424,1.7502507774061211,1.4952772600143132,0.21511137961694554,0.044498586056248415
820130,0.01567262260689332,0.007500923492630167,0.12055840199231989,0.05769929975474583,2.08684411983701,2.553459522310424,1.7502507774061211,1.7028495950751383,0.21511137961694554,0.04589515902004368
820140,0.011645709040598255,0.006417260194614468,0.0900373646854159,0.0496142565823561,2.2349028918389977,2.553459522310424,1.7502507774061211,1.859254243934165,0.208896975986543,0.021579354650965034
820150,0.012538716125491605,0.0057875887833185756,0.1028612593392744,0.04747843916648739,2.1530379152582593,2.553459522310424,1.7502507774061211,1.9740821295657625,0.21086186795592987,0.044357425525120286
820160,0.022963783515231193,0.012453893957858706,0.218689854239429,0.11860154719499874,1.884433904003354,2.553459522310424,1.7502507774061211,2.0338626858842273,0.21086186795592987,0.06728547119288963
820190,0.022615691259580788,0.012960696582537045,0.19397515524747122,0.1111641073826542,2.026039005182616,2.553459522310424,1.7502507774061211,1.9426325104192235,0.2125110605238429,0.05621559744295959
820210,0.014097473394506657,0.007103718023668196,0.09650852205558215,0.048630652343061936,2.2389306833418714,2.943999027942854,1.5546918527463447,1.7423800242231682,0.21511137961694554,0.04319342233317208
820220,0.006128665791436465,0.00446067442539189,0.033368763645854733,0.024287046425340048,2.874513746031808,2.943999027942854,1.5546918527463447,1.8119890244168573,0.21511137961694554,0.029840927692342964
820231,0.01713120638499594,0.005989471530810228,0.10789597398350323,0.037722962991633274,2.7322670603455363,2.943999027942854,1.5546918527463447,2.1470303564892297,0.21511137961694554,0.07432248329797994
820239,0.007173473677026003,0.0033013818965971866,0.03971992482869476,0.018279936146363397,2.745601830597879,2.943999027942854,1.5546918527463447,1.7155498335367565,0.21511137961694554,0.04303663328900229
820240,0.015503261624875813,0.007857067622423927,0.10056710915117086,0.05096750582629526,2.715293660110308,2.943999027942854,1.5546918527463447,2.169868876178404,0.2114586055517202,0.04827869228775537
820291,0.03343695805681859,0.013207788313016952,0.23547931558825236,0.0930156668886784,2.477855039002689,2.943999027942854,1.5546918527463447,2.1990576312967147,0.21511137961694554,0.08617359426774142
820299,0.02312180758711656,0.006735515093315934,0.165613701879481,0.04824422071960849,2.3224878814594323,2.943999027942854,1.5546918527463447,2.0237282442159885,0.21511137961694554,0.058802095006313136
820310,0.01620397262549596,0.005452915775951598,0.11401605723894266,0.038368366301223714,2.2294868253716538,2.565906203124614,1.2130419907786183,2.161484282674908,0.21511137961694554,0.05521784825980724
820320,0.02340618239359693,0.02629796892400848,0.1827652959894226,0.20534557893695168,1.8921084900235978,2.565906203124614,1.2130419907786183,1.827247162494661,0.2057812052389309,0.05817290310860422
820330,0.03688637508868508,0.012924645700528552,0.2570902859241453,0.09008206554935869,2.183538365085322,2.565906203124614,1.2130419907786183,2.060695874653042,0.21511137961694554,0.11440969080939298
820340,0.0382622923675748,0.014831418163386317,0.3304927161047533,0.1281072138964893,1.7360063622490496,2.565906203124614,1.2130419907786183,1.9080680256683504,0.20814541970352135,0.09702849349386211
820411,NA,NA,0.17670320114372481,0.19997918329756842,NA,NA,1.8238852844883051,2.0786915827683536,0.20202662787328707,NA
820412,NA,NA,0.18205442004170588,0.06287490287167899,NA,NA,1.8238852844883051,1.8879691069531843,0.20202662787328707,NA
820420,NA,NA,0.24075126663947993,0.13738123972026883,NA,NA,1.8238852844883051,2.135132888410859,0.20202662787328707,NA
820510,0.00960316941780859,0.0037653272558016318,0.06281999274806052,0.02463122544364215,2.058000651677977,2.61489370886026,1.0092644462470322,1.762992976014624,0.20592295214406203,0.04806495662453275
820520,0.02348133500803461,0.0128708852180542,0.14403894436060663,0.0789524411265676,2.101428817257965,2.61489370886026,1.0092644462470322,1.7031226390997423,0.21041652266251623,0.06544793089021861
820530,0.019787593327629582,0.017871069936150643,0.1307916387065719,0.11812384071615126,1.966228143132943,2.61489370886026,1.0092644462470322,1.6827415499877274,0.2071357732869371,0.06056432037649989
820540,0.022213831579189495,0.006797425052898211,0.13721164788577925,0.0419867184804808,2.1869479966488106,2.61489370886026,1.0092644462470322,1.7724382864580543,0.20592295214406203,0.05653274861122978
820551,0.019779681340683197,0.014387679881697703,0.17647973043816742,0.12837081767996533,1.2522890168397096,2.61489370886026,1.0092644462470322,1.3486918768854153,0.2110355611942556,0.05937076614392924
820559,0.02900255550090873,0.009657715151921795,0.20077464764559852,0.06685701736275969,2.0489202555067703,2.61489370886026,1.0092644462470322,1.972413892882184,0.21021472240440003,0.07371196035507332
820560,0.03293314830632507,0.0015256847510625893,0.210834317292831,0.009767262452481202,2.18000730339072,2.61489370886026,1.0092644462470322,1.9314834530378366,0.2107132253430439,0.10131856787574704
820570,0.03697036136344587,0.019667374323437667,0.2941192518995184,0.15646461677695994,1.7606218232897106,2.61489370886026,1.0092644462470322,1.8990779175993577,0.20763936477824457,0.0922742561043643
820590,0.0034700393035434944,0.04592013902194595,0.02220377480487599,0.2938296476384871,2.434792697459885,2.61489370886026,1.0092644462470322,1.9307598618440223,0.18871069345458052,0.00946928717858628
820600,NA,NA,0.046721104904150414,0.021141446154838508,NA,NA,1.4287155014839994,1.9375597487998322,0.1680955178112677,NA
820713,0.021998228558812578,0.014192317646219532,0.11926250034467475,0.07694307219550749,2.5221384726524168,2.69205102087581,0.632904303985018,2.2341703181835277,0.209678484786888,0.052691941705754496
820719,0.01329436429008864,0.015143383238286479,0.07567959877788401,0.08620533803693546,2.302558404530549,2.69205102087581,0.632904303985018,2.1116189875237956,0.20938473660952822,0.040580165335466
820720,0.013361925131461876,0.0035067946758100712,0.07823160178823517,0.02053163462090601,2.5075736923535112,2.69205102087581,0.632904303985018,2.4390009676714874,0.20923817618406088,0.041536603025061195
820730,0.01689585418183879,0.022778371509038425,0.09330897961400607,0.12579574728229637,2.4782707503997066,2.69205102087581,0.632904303985018,2.2321686399984513,0.20933586668122295,0.0727471485765067
820740,0.02455213040513371,0.0031571030751168776,0.14660774380009617,0.018851959123288565,2.458209309155104,2.69205102087581,0.632904303985018,2.40968098978523,0.20727941516730314,0.06409030783965979
820750,0.02562272493130217,0.024184054305534903,0.1626906396350759,0.15355584835281327,2.0801742432796755,2.69205102087581,0.632904303985018,2.0992633772253297,0.2068570766308045,0.06516231870328769
820760,0.0258781652083948,0.002169235226984696,0.15610851355879857,0.013085784255450667,2.555842672881014,2.69205102087581,0.632904303985018,2.5729271227699173,0.20792823050852255,0.06423324536003952
820770,0.011432817549670078,0.0018354440205459281,0.06347587520614975,0.010190525221790947,2.5761376205341486,2.69205102087581,0.632904303985018,2.3587637445729794,0.20916495356580078,0.0923998741789406
820780,0.014031497504971154,0.0037839806599779145,0.08260693597699327,0.022277240758246417,2.45370408127664,2.69205102087581,0.632904303985018,2.3822729712111443,0.20872678106373427,0.04930413996802109
820790,0.02249282357778022,0.027689911031112666,0.14024705802948112,0.172651892537312,2.3074325565357436,2.69205102087581,0.632904303985018,2.3704565719448136,0.20875107474713317,0.08583070868808208
820810,0.0046260714073713995,0.009796072694122816,0.02036150841414162,0.043117107156861276,2.4522011798219343,2.579688174545736,0.8080543904785529,1.513704400377819,0.21511137961694554,0.023286493633320852
820820,0.025787496785427688,0.00807526539126539,0.1429595697476198,0.044767294613314614,2.3997809439612783,2.579688174545736,0.8080543904785529,2.0537439771245243,0.21511137961694554,0.08542292232396925
820830,0.028670025648373596,0.00525685967442354,0.17954009495305892,0.032919994445643266,2.346581081779782,2.579688174545736,0.8080543904785529,2.353002556090611,0.21511137961694554,0.1034982221424115
820840,0.02797024536839275,0.01641780974109231,0.16645755035796603,0.09770627163798876,2.3334580699081044,2.579688174545736,0.8080543904785529,2.1791890072802063,0.21511137961694554,0.09548047996961861
820890,0.012498295123546149,0.0045539425562901035,0.07435494890700335,0.027092348416421892,2.453677025161671,2.579688174545736,0.8080543904785529,2.332019632616077,0.21511137961694554,0.05573973158484122
820900,0.013357116043859064,0.012053576958233402,0.10820668529488445,0.09764664799755739,2.8796491083926394,3.013300636434334,2.3205676405960443,2.536777950888418,0.20821788856620566,0.06474284727183817
821000,0.024059054867815743,0.016162654460317113,0.2194588308116787,0.1474304485426523,1.4293587518780617,2.293167924401422,0.9576292101131556,1.77427262272166,0.20953151146147192,0.02536824835380838
821110,0.052482270220013165,0.04216379308075706,0.38339707482085167,0.3080178289305311,1.25329218183974,3.033190953852385,0.3846263443982307,1.4058989175752705,0.195565363780631,0.055883388226532694
821191,0.06152609635185045,0.040394427717099723,0.3070515998235072,0.2015920786451367,1.7938607405598046,3.033190953852385,0.3846263443982307,1.7604971798902302,0.23961366230848571,0.0814238328010738
821192,0.05858515458483082,0.025015965408992948,0.2730484039324307,0.11659215506317068,1.946680290559177,3.033190953852385,0.3846263443982307,1.7933625430802644,0.24005401033780202,0.07389274088279729
821193,0.07188608589833256,0.027999220261284548,0.4102209177158885,0.15977870664926364,1.9640675617098262,3.033190953852385,0.3846263443982307,1.9361543822869944,0.2070640584086893,0.16082046954122306
821194,0.02963002899392474,0.0126779446737817,0.13923524294972084,0.05957526086522054,2.4012294720412743,3.033190953852385,0.3846263443982307,1.9780043283522213,0.20938476179844479,0.06767010859047458
821195,0.01454155390280544,0.003073760861517819,0.05240460734610935,0.011077167687877138,2.488437364346331,3.033190953852385,0.3846263443982307,1.471423164355978,0.2069684699093392,0.08574425559354082
821210,0.016702705684122982,0.010881427317440398,0.11879910471587707,0.07739487528488315,2.369571944701224,2.586659306688366,1.7134423908494247,2.434819877754669,0.2461330695389085,0.021001590483899102
821220,0.01827463073076524,0.007425182112693369,0.13269621839764442,0.05391592321531871,2.4166818587475083,2.586659306688366,1.7134423908494247,2.605718541255261,0.2461330695389085,0.05973986870397193
821290,0.02037768420495791,0.015453193536400397,0.1507117503968137,0.11429060454892068,2.0585158213403343,2.586659306688366,1.7134423908494247,2.0338403540504997,0.2461330695389085,0.029038117484100227
821300,0.03368099298396149,0.02287792670709118,0.20556291616587,0.13962929572706329,1.53407542658837,3.267124628336707,0.6559575202262355,1.69507381169676,0.2511029532308734,0.030817609965359417
821410,NA,NA,0.1370729876217551,0.047219376974460374,NA,NA,1.2849221907758306,1.4411108548627731,0.2530191045892654,NA
821420,NA,NA,0.25691225326453493,0.10914759880602959,NA,NA,1.2849221907758306,1.6415663938614056,0.2508918726028445,NA
821490,NA,NA,0.21780202019890524,0.24272075928287487,NA,NA,1.2849221907758306,1.4768479441503277,0.24873117623692875,NA
821510,0.0018432110101857498,6.079277041711646e-4,0.010681491091866295,0.0035229685156604146,2.6671330949163403,2.863372428847274,0.966351933429218,1.9150336685163054,0.1864231606018774,0.018147130649303875
821520,0.023353294816767418,0.01683524625556297,0.20629736589553413,0.14871849920858576,1.7095160487620793,2.863372428847274,0.966351933429218,1.57213443932795,0.1680955178112677,0.047527265329433695
821591,0.014943963282006052,0.0031180683127115276,0.06888090193547582,0.014372048005137108,2.644678914109786,2.863372428847274,0.966351933429218,1.9781859641618333,0.24155229174971013,0.05528792886485063
821599,0.03087910000492047,0.01902514468555214,0.21340933579282487,0.13148516278191738,1.475577252663862,2.863372428847274,0.966351933429218,1.4862021998803348,0.24049600711526936,0.034187333996998553
830110,0.0384701474858215,0.01350818133181161,0.15963453528928856,0.05605313185508162,2.3545978061169266,3.502416552922766,0.6605084031326304,1.706982832452416,0.24230849706609103,0.04461046259384943
830120,0.07427451769734535,0.10143020561879257,0.08866547716253083,0.12108267894151929,3.3972020172474675,3.502416552922766,0.6605084031326304,2.5813442168151775,0.7993871792835447,0.1798920801782944
830130,0.03871492409643878,0.009041566276954292,0.19519266453916895,0.045585712858689106,2.0046556102811497,3.502416552922766,0.6605084031326304,1.7155209282534474,0.23508609574070272,0.023972430505767715
830140,0.04249496675169906,0.029280956440623167,0.17074600328314254,0.1176517283507299,2.912233224501378,3.502416552922766,0.6605084031326304,2.165238492193738,0.24148716546443932,0.05381473756701883
830150,0.0167569609282459,0.013184644672294736,0.07679125342109787,0.06042058548878509,2.562000868987193,3.502416552922766,0.6605084031326304,2.157257956691278,0.2399988760635789,0.02178705633247293
830160,0.032188917347070786,0.022616726661444906,0.14361761470832993,0.10090927571761256,2.635433647966888,3.502416552922766,0.6605084031326304,2.168350188094479,0.24057905372137478,0.051798817009347166
830170,0.028989912297085217,0.016555891612791526,0.12635036238590278,0.07215761411973162,3.0964478355727305,3.502416552922766,0.6605084031326304,2.5423864289896194,0.23732818630616606,0.06366569494856374
830210,0.04409547672742365,0.04423819143261631,0.17097627093915577,0.1715296344565264,2.09310922396633,2.577038298480387,0.6281797867831271,2.022624492666174,0.3266209013791775,0.07743064706022314
830220,0.016974942632929275,0.01844882367301375,0.10956152302691018,0.11907440651665399,1.7996396671607755,2.577038298480387,0.6281797867831271,1.7719705937980674,0.20663465068495673,0.05121299872755238
830230,0.19034952772315825,0.2498502695115977,0.31608637149417446,0.4148907856583789,2.3214133791769207,2.577038298480387,0.6281797867831271,2.5062163331263885,0.8131064956389243,0.39939187096511924
830241,0.031449406610203325,0.032407186339020864,0.20059831075350246,0.2067074560882959,1.980610433438116,2.577038298480387,0.6281797867831271,2.0184645472794625,0.20949887959304858,0.07992783118329115
830242,0.024564313387945947,0.028270118783952188,0.13720980517845077,0.1579094611543749,1.8895475166493152,2.577038298480387,0.6281797867831271,1.8912227839411684,0.23870374477077544,0.03195814652763908
830249,0.023351118616118296,0.017324645928900415,0.15196067821333265,0.11274256229182704,2.1410303039178475,2.577038298480387,0.6281797867831271,2.2742795097663038,0.20831463901484581,0.04791820672050511
830250,0.05106531273655109,0.040007132609169084,0.38291945976096253,0.299998350824217,1.480411342448274,2.577038298480387,0.6281797867831271,1.7597812208242434,0.21511137961694554,0.07021970960414152
830260,0.020311962815038068,0.02018761173023075,0.13482684612799228,0.13400142788900493,1.9465835509527019,2.577038298480387,0.6281797867831271,2.0829867146399343,0.2098256889820609,0.05356914247117017
830300,0.04280354123342285,0.056634236715969274,0.3738223970863118,0.49461202312358915,1.8563124803042568,3.334030726687378,0.9795156096620078,2.415030575042213,0.20938473660952822,0.1118975565622425
830400,0.053615979932190416,0.04805694151964774,0.369319985788139,0.33102796930140227,1.1163950733841435,3.186005876724797,0.6267741451339378,1.323905449792157,0.25366436856600094,0.04825647925341131
830510,0.014804390272824049,0.012669297301463461,0.12627334117330907,0.10806216744437439,1.2390068598596635,2.253462669227616,1.052584725669942,1.4878198935987685,0.24038537199372986,0.027458673858209603
830520,0.02125652557143138,0.019392123316007176,0.12604987869951925,0.11499408892081808,1.9420459564607206,2.253462669227616,1.052584725669942,1.7819359108715724,0.2461330695389085,0.05806664332739828
830590,0.020238450887540105,0.020302211622917912,0.15944165318013606,0.1599439701367603,1.2119023157673492,2.253462669227616,1.052584725669942,1.359039332802601,0.2525907665636088,0.022700600055337368
830610,0.0796667977135609,0.08991846403150072,0.4664699806965582,0.5264961738746847,1.384551522921372,2.907989725450607,0.5210946977158788,1.5026555737998193,0.24963269117216513,0.07858478181045533
830621,0.02520395633812495,0.014632668755929747,0.12363209986338229,0.07177712659993783,2.1715636016636117,2.907989725450607,0.5210946977158788,2.006947978744303,0.23732818630616606,0.013508609714041223
830629,0.09108375428885034,0.07461712747135232,0.5018344325244953,0.4111100175168972,1.4322616434333544,2.907989725450607,0.5210946977158788,1.5492686763245112,0.26236426446749106,0.08130030878278427
830630,0.04451344221067959,0.042999679797556395,0.3099337486417511,0.2993938749327775,1.493082196988429,2.907989725450607,0.5210946977158788,1.6725482767216677,0.2110107294407995,0.11377363973552558
830710,0.024264366750461574,0.016624020384424336,0.22148233786393356,0.15174213847431023,1.976616282988877,2.397286618959571,1.48612108774538,2.29166641977087,0.20938473660952822,0.04292172829983059
830790,0.02196789599606789,0.007511500039822271,0.17972789064890543,0.06145449969392024,2.2087865094045283,2.397286618959571,1.48612108774538,2.2976580174471635,0.20938473660952822,0.05942992047675281
830810,0.0041076662317581746,0.004461211618806947,0.025063794882095924,0.02722102688745992,2.3773598154579174,3.713801375646199,1.61081377955844,1.4457846966564476,0.2107132253430439,0.015001470778632349
830820,0.01314895813256511,0.011223230987664758,0.0874366091240053,0.07463110393107857,2.8170526840267884,3.713801375646199,1.61081377955844,2.4187712014073552,0.21511137961694554,0.026223999389872816
830890,0.006375266597788722,0.005914282723236785,0.035338249849490494,0.03278300559646539,3.2096143344493564,3.713801375646199,1.61081377955844,2.156569713762222,0.2117582275887724,0.021878708084801236
830910,0.010041265923231088,0.003998541087830983,0.132562420177096,0.052787794669805085,2.825609758028333,2.854037134882165,5.6914992558213315,2.3328075061161875,0.21511137961694554,0.0025521159937586012
830990,0.0068023723026902705,0.003941126318668932,0.09704634389342498,0.05622625211173893,2.596816467594013,2.854037134882165,5.6914992558213315,2.1314635712420795,0.21115979382273378,0.027451566988979412
831000,NA,NA,0.17524832154878284,0.18203257088398114,NA,NA,0.9667184278438402,2.2572393572596203,0.21511137961694554,NA
831110,0.001981491702757408,9.736308934389575e-4,0.009871024939041786,0.004850252371576101,2.1583223920760486,2.249879688997314,0.6507467776931016,1.6621150749368612,0.21511137961694554,0.010483004428302868
831120,0.004403761818310955,0.002403681105926076,0.023050208386156453,0.012581368537028086,2.1663163549234854,2.249879688997314,0.6507467776931016,1.788390807677586,0.21511137961694554,0.02208507551364417
831130,0.0071508172403941936,0.0032590936882102477,0.037579465739636275,0.017127412920933543,1.9578597943069336,2.249879688997314,0.6507467776931016,1.5625512479785757,0.21511137961694554,0.012432179783281164
831190,0.007480700289135449,0.0046854398841721075,0.03775213485465219,0.023645561447974292,2.1763988167528603,2.249879688997314,0.6507467776931016,1.71191266973973,0.21511137961694554,0.08111027271739228
840120,NA,NA,0.003486579436296794,0.007258632328496665,NA,NA,NA,1.4922892796060432,0.21115979382273378,NA
840130,NA,NA,0.0023265026693425474,0.005937407936184197,NA,NA,NA,1.8539147631912187,0.21012069674248865,NA
840140,NA,NA,0.0036185493992325975,0.021126686173640236,NA,NA,NA,1.0101638122698438,0.21012069674248865,0
840211,3.7163563961408695e-6,3.949437973036965e-6,1.945610711961867e-5,2.067635072499762e-5,3.231293283073613,3.23224592749195,2.4166799668960444,1.0910143600696158,0.20735130342149571,3.117955703519528e-5
840212,1.8095752963142054e-4,1.3654252750435202e-4,0.0011726875570000335,8.848580290183501e-4,3.2086251139576136,3.23224592749195,2.4166799668960444,1.9219360090683952,0.20865393259467924,3.737551643841383e-4
840219,0.001526312974651309,5.460415075302889e-4,0.010228468540021211,0.0036592549982058984,3.1948849830423454,3.23224592749195,2.4166799668960444,2.0227684629612233,0.20735130342149571,0.001536752516766519
840220,1.0000051039061033e-5,2.061653416814088e-5,5.913360234530586e-5,1.219123710944305e-4,3.22966813254591,3.23224592749195,2.4166799668960444,1.5962247732716528,0.21012069674248865,0.004194421147834652
840290,0.0035859050714290583,0.0023479370673302525,0.025471122069676572,0.016677684005185864,2.8524721092924374,3.23224592749195,2.4166799668960444,1.8109529423264783,0.20865393259467924,0.021685447880366304
840310,NA,NA,0.07935168125461774,0.044003097681076984,NA,NA,0.2173926936969273,2.6969512053738294,0.2461330695389085,NA
840390,NA,NA,0.14168474045686844,0.14302558571339546,NA,NA,0.2173926936969273,2.555198569350536,0.2461330695389085,NA
840410,9.787136234892502e-6,8.141566856651391e-6,0.01395820430651137,0.011611328465533503,2.6162182546940165,2.695008237544697,780.3900830249272,2.5103740723193586,0.2098256889820609,3.837006962081287e-5
840420,8.180250539789449e-5,4.2898961586703683e-5,0.18533958472151374,0.0971959927974098,1.6633770380873985,2.695008237544697,780.3900830249272,2.1416789013923876,0.20763936477824457,3.8928999231442276e-5
840490,1.1487063892807296e-5,7.5501564299392735e-6,0.01648005599002996,0.010831923793580948,2.6002073528075593,2.695008237544697,780.3900830249272,2.3476786842094586,0.2098256889820609,8.023720046051318e-5
840510,NA,NA,0.049062965284229425,0.014823671069435225,NA,NA,NA,2.96311401546214,0.21511137961694554,NA
840590,NA,NA,0.0031459878366622536,0.0016959655800056362,NA,NA,NA,2.448291248475912,0.21511137961694554,NA
840682,NA,NA,3.175121837026203e-5,7.792155993151882e-6,NA,NA,NA,2.599818801080946,0.2071214323698498,NA
840690,NA,NA,0.006663277574019019,0.010076857899537599,NA,NA,NA,2.410178252835357,0.2108949274192722,NA
840710,7.082948947755642e-5,6.032310378397058e-4,4.499368440762246e-4,0.0038319613965370424,2.9999878417990344,3.000192469964007,1.6413761600325216,2.45802412084981,0.21511137961694554,3.9833016762571107e-4
840721,0.010412787010937747,0.006821611056054726,0.06076911781880234,0.03981098293319472,2.9797211205351957,3.000192469964007,1.6413761600325216,2.099341685409707,0.21511137961694554,0.12475783147482715
840729,2.1655430598562558e-4,5.2558848520677184e-5,0.0013359318767497497,3.242375662975494e-4,2.9997936875988658,3.000192469964007,1.6413761600325216,2.339441281908267,0.21511137961694554,0.07593922068782293
840731,0.0011544193063548964,8.667779995563823e-4,0.0013501638156308974,0.001013749756906946,2.8767928363027995,3.000192469964007,1.6413761600325216,1.1316319662503147,0.8241754429663495,0.003333644280078402
840732,0.014099054613398476,0.009998417611710697,0.020632554211521867,0.014631682695023655,2.6592891935647383,3.000192469964007,1.6413761600325216,1.5659877714632897,0.8241754429663495,0.027305896119840016
840733,0.10138716741478618,0.07772570836522881,0.19574850528920515,0.15006525601798515,2.8754370471120034,3.000192469964007,1.6413761600325216,2.9203207299781027,0.8216882861718603,0.3022523107207605
840734,0.006265472019447021,0.003990654218782483,0.010328182099915914,0.006578307802102487,2.9976962740646114,3.000192469964007,1.6413761600325216,2.412870366141918,0.8204505933911947,0.01652559232734587
840790,0.029904679477097344,0.01621160216025889,0.20835443637543408,0.1129508588590754,2.5236294622379924,3.000192469964007,1.6413761600325216,2.1408942466415266,0.21511137961694554,0.10880003624901846
840810,0.02700592846275832,0.015860694018078502,0.2014172368169021,0.11829318023726444,2.0256061913543073,2.272945544827231,1.318706099417771,1.8736455456174401,0.211309093667207,3.8428809371269997e-4
840820,0.023098428921409595,0.014852444119180163,0.07474575283761338,0.04806201845778855,2.2479105399225867,2.272945544827231,1.318706099417771,1.6066668439830014,0.40215931997366483,0.04228708898565635
840890,0.002075946532581902,9.183603138972511e-4,0.013211093231671788,0.005844343067966414,2.2649736208245526,2.272945544827231,1.318706099417771,1.7819180669414068,0.21511137961694554,0.033659171474825555
840910,0.0015064393610728197,0.002422640787570183,0.014005746195006536,0.02252390163797542,2.6851998725937514,2.688514165867943,2.4132680629167873,2.9569831381767555,0.21511137961694554,0.027409986337346887
840991,0.027827615216204662,0.03173332210086219,0.18975749674525486,0.21639065074336458,2.495548758714821,2.688514165867943,2.4132680629167873,2.4364783092503344,0.2849902577890351,0.061451056318098565
840999,0.023333321413245078,0.03484539742703965,0.15338696254914347,0.22906424574074474,2.506403201778108,2.688514165867943,2.4132680629167873,2.5609255070069663,0.30189773945590703,0.0528760918791893
841011,NA,NA,0.036078650568671614,0.006435766021064874,NA,NA,1.4898750786629982,2.0664549505842973,0.20938473660952822,NA
841013,NA,NA,4.927591702884391e-5,3.360752394905394e-5,NA,NA,1.4898750786629982,1.3764612379194598,0.20938473660952822,0
841090,NA,NA,0.025923611068040982,0.022032168919052963,NA,NA,1.4898750786629982,1.7476826999269164,0.20938473660952822,NA
841111,NA,NA,0.05496634711779754,0.158416352655758,NA,NA,3.0107403480459114,2.39371653756826,0.21511137961694554,NA
841112,NA,NA,0.004842629676304391,0.013423472328215684,NA,NA,3.0107403480459114,2.8768497038590932,0.21511137961694554,NA
841121,NA,NA,0.0380565603083585,0.005702462978690797,NA,NA,3.0107403480459114,1.5737442399956567,0.21511137961694554,NA
841181,NA,NA,0.026029721129531475,0.0031509688583549107,NA,NA,3.0107403480459114,1.9937714619042728,0.2125614557574689,NA
841182,NA,NA,0.12481924489454738,0.01664367766546693,NA,NA,3.0107403480459114,2.3252866196121946,0.2125614557574689,NA
841191,NA,NA,0.13535110054262592,0.15665592801433326,NA,NA,3.0107403480459114,2.429038019881339,0.21511137961694554,NA
841199,NA,NA,0.1011108983480746,0.13260908532842489,NA,NA,3.0107403480459114,2.6471780903056756,0.21300872053813638,NA
841210,0.001198946337591596,0.0010340438882144387,0.02186442661969554,0.018857204869423116,2.8571420904166445,2.859090469261584,8.620157527827889,2.5879831181551003,0.21511137961694554,0.018143476782729734
841221,0.01048629688334244,0.011263740655958017,0.20305280666859976,0.2181069427294796,2.640517426737476,2.859090469261584,8.620157527827889,2.3784896692232538,0.21511137961694554,0.0358428737060159
841229,0.006853912816314896,0.004552316648982289,0.12746837801132355,0.08466352505366562,2.7275854124994416,2.859090469261584,8.620157527827889,2.2918744134236237,0.21511137961694554,0.025654823926669897
841231,0.005578806396895095,0.0015376868031877749,0.10452943222941717,0.02881145482541615,2.6929518042190494,2.859090469261584,8.620157527827889,2.233828739800548,0.21511137961694554,0.01447062038286228
841239,0.008239391514839062,0.007747261508300304,0.16033007262294233,0.15075372957064476,2.6437590699088407,2.859090469261584,8.620157527827889,2.446210511511973,0.21511137961694554,0.022870372513569697
841280,0.003521986871709877,0.006226429560484117,0.06266113121006787,0.11077699431353233,2.7654277827384863,2.859090469261584,8.620157527827889,1.9635104080671548,0.21511137961694554,0.03544450275757718
841290,0.005951315888263919,0.0064209978682858646,0.11666672982482852,0.12587414910749,2.5522606320087973,2.859090469261584,8.620157527827889,2.1425720726949797,0.21511137961694554,0.038434934241943046
841311,0.008413457141650272,0.003009534832266858,0.05984233847523093,0.021405897605866347,1.7772795947081514,1.933897946154688,0.7027880204149897,2.0164874794084424,0.21511137961694554,0.019900855841661035
841319,0.011991922705028909,0.0029465258317813775,0.08331925424919863,0.020472307983362064,1.8917965982201632,1.933897946154688,0.7027880204149897,2.1246583707752036,0.21511137961694554,0.05791393959974946
841320,0.03129659189146331,0.013048933439937231,0.2399136029155735,0.10003059268043749,1.4327194541915,1.933897946154688,0.7027880204149897,1.65976938474602,0.21511137961694554,0.07964670129984504
841330,0.09658458259034187,0.041869354751336324,0.18758617930974567,0.08131848870000616,1.84314654405892,1.933897946154688,0.7027880204149897,2.207931292370933,0.8131064956389243,0.18816373036571038
841340,0.0052547285138398216,0.0028961671757906176,0.03290305264363349,0.01813466495915469,1.9054853709902677,1.933897946154688,0.7027880204149897,1.8637926182445839,0.21511137961694554,0.001627670955620988
841350,0.033402989878043327,0.013417876592895698,0.24942646644879538,0.10019383169085411,1.7849792607474448,1.933897946154688,0.7027880204149897,2.1643840167524053,0.21511137961694554,0.08770493442903787
841360,0.016756554989575217,0.0048209588043672405,0.11362811023717202,0.032691471415950794,1.8410254195365263,1.933897946154688,0.7027880204149897,1.9827061777297745,0.21511137961694554,0.05897281662955662
841370,0.013331969869958485,0.004289353220590685,0.09318444054666784,0.029980639325359916,1.742491564384619,1.933897946154688,0.7027880204149897,1.917102531034801,0.21511137961694554,0.03846699083372646
841381,0.00716493340578652,0.0018461652383090234,0.052195630054453164,0.013449079334128325,1.8534228030855773,1.933897946154688,0.7027880204149897,2.201635022549264,0.21511137961694554,0.05489361899216093
841382,9.250181048554754e-4,2.062322917862855e-4,0.0053283144486422004,0.0011879448567908265,1.8938969554353788,1.933897946154688,0.7027880204149897,1.6439215535881586,0.21511137961694554,0.003966497403895203
841391,0.06301573175717218,0.06782401804284993,0.25289777268583186,0.27219461901572206,1.7076259512320737,1.933897946154688,0.7027880204149897,2.0702167090721852,0.40463350722863833,0.1424220110126414
841392,0.012881191471605383,0.008841024154878996,0.08959303994375899,0.061492310862536474,1.8710352213215293,1.933897946154688,0.7027880204149897,2.096603130748416,0.21511137961694554,0.0650417365102252
841410,0.028997474778271717,0.011006412327782392,0.1458574521730937,0.055362312476250425,2.7389682037947587,2.896411674128894,0.45121464122623867,2.4599959435676193,0.211309093667207,0.09590296107010199
841420,0.019057190527739215,0.01186073997943338,0.11063837059994022,0.0688586779632597,1.7122514261582185,2.896411674128894,0.45121464122623867,1.631663094075557,0.20953151146147192,0.047673237567495565
841430,0.01972128401533053,0.008209127016395649,0.05790385947249251,0.02410290003326889,2.7034789954448306,2.896411674128894,0.45121464122623867,1.9635274919665706,0.3042113658784013,0.05385244063573284
841440,0.0029338725996341268,0.0016324048982014178,0.01322781087912138,0.007359945784371329,2.8417744262389806,2.896411674128894,0.45121464122623867,2.2523755764319233,0.2110107294407995,0.00379635490094227
841451,0.06501922855823404,0.040896738400785414,0.38459123590064787,0.24190577948454733,1.2069412794397512,2.896411674128894,0.45121464122623867,1.3474895854140525,0.25195097487395174,0.06289706606451068
841459,0.05440600621997429,0.030346701827978696,0.13140713499272982,0.07329656081664879,2.525676478974549,2.896411674128894,0.45121464122623867,2.1437349725230064,0.4253820010780338,0.1472419551412179
841460,0.019792659409815082,0.014314936669801409,0.09111311712203422,0.06589708206383489,2.5006706842057116,2.896411674128894,0.45121464122623867,2.0250476362342744,0.21511137961694554,0.04969218562504004
841480,0.025796373737204333,0.008961696075566189,0.10655029924746712,0.03701572199038517,2.661750195625074,2.896411674128894,0.45121464122623867,2.3408364949105893,0.2539569250989014,0.07092362113244655
841490,0.020112756325476523,0.018072949488054924,0.09865216238430793,0.08864700187316304,2.6131068674374447,2.896411674128894,0.45121464122623867,2.2904462732059123,0.21390530340805072,0.07532743787425038
841510,0.011964322318347289,0.006073560373701939,0.06126643947279475,0.031101253302842802,2.0486970756237928,2.892794521124389,0.7153228720687063,1.5310384364194414,0.21412497498007216,0.03673742491139847
841520,0.08305435972024626,0.06011165579844406,0.10319295442055361,0.07468722145167182,2.646301648384762,2.892794521124389,0.7153228720687063,1.974026972888746,0.8179379184575318,0.41264692191538455
841581,0.012456787560082519,0.006787243863196123,0.05981911524441197,0.03259322846168593,2.6310121857119952,2.892794521124389,0.7153228720687063,1.983071189387409,0.2135741002980591,0.023684295622553173
841582,0.03815594242651286,0.01901045145913987,0.19776271083281743,0.09853139971463111,2.7042761116236775,2.892794521124389,0.7153228720687063,2.252743078889742,0.2117582275887724,0.12435454398254954
841583,0.00895418519144918,0.0053435197298257065,0.04142684367413328,0.024721976571193727,2.837829893353046,2.892794521124389,0.7153228720687063,2.0807668270627158,0.2129653591861773,0.02177431090555983
841590,0.047429454877286815,0.05053540470648212,0.21113148465670892,0.22495757227259863,2.539318385434174,2.892794521124389,0.7153228720687063,2.0351501995073633,0.24332423789332588,0.054959341884470984
841610,NA,NA,0.054982009873423165,0.016789838740674735,NA,NA,1.627969146779685,2.205307046190796,0.2461330695389085,NA
841620,NA,NA,0.08454091915754214,0.020902951692276257,NA,NA,1.627969146779685,2.157953967832341,0.2461330695389085,NA
841630,NA,NA,0.10361353139750833,0.0705357254417664,NA,NA,1.627969146779685,1.8935735297832945,0.21511137961694554,NA
841690,NA,NA,0.15503066523710468,0.10580441271249008,NA,NA,1.627969146779685,2.2759122142891535,0.21511137961694554,NA
841710,NA,NA,0.012117731903978489,0.004585909178579056,NA,NA,2.507409856095092,1.2599679110941193,0.2107132253430439,NA
841720,NA,NA,0.01595381567211727,0.006862721764922554,NA,NA,2.507409856095092,1.9743817339632628,0.239229689065834,NA
841780,NA,NA,0.00374158025598041,0.0015261694039255102,NA,NA,2.507409856095092,1.4873248551464227,0.20923817618406088,NA
841790,NA,NA,0.0251080863633191,0.019489543359756074,NA,NA,2.507409856095092,1.615163530886388,0.20923817618406088,NA
841810,0.03706148855349103,0.028858288395494237,0.13532282418364674,0.10537043273769393,2.6712511368142713,2.841843000711078,0.9977569713953978,2.0013118011972666,0.3074846997479606,0.08934087137256368
841821,0.026547895285086057,0.022456073236665187,0.18020261327722462,0.15242801878403944,1.9981850601974331,2.841843000711078,0.9977569713953978,1.9198721292747365,0.21511137961694554,0.051309819898806314
841829,0.0048444229606395325,0.0031066577336597034,0.03632832056163396,0.02329682171450403,1.663689185381219,2.841843000711078,0.9977569713953978,1.6582529536409913,0.21288949548247155,0.048724130183845776
841830,0.03169109367023608,0.026520858558242558,0.16414900091252121,0.13736895548563668,1.4938274929720097,2.841843000711078,0.9977569713953978,1.3814102904297132,0.3074846997479606,0.050036051787462225
841840,0.0505583233887315,0.04086658136735808,0.2735597084657316,0.2211198737523259,1.7911678532607906,2.841843000711078,0.9977569713953978,1.9822636227178552,0.3074846997479606,0.044942152302848204
841850,0.03750128046056027,0.026301359396006595,0.24367874619318433,0.17090302523231396,2.180548074428337,2.841843000711078,0.9977569713953978,2.050142273228918,0.21511137961694554,0.06222097063053577
841861,0.002499854153774214,0.001729410403040485,0.01474447769864151,0.010200296317659554,2.4396845966545984,2.841843000711078,0.9977569713953978,2.0976074818927595,0.21511137961694554,0.005678764679576201
841869,0.027064843824119937,0.01514907091556486,0.15691029940519555,0.08782778384087409,2.4813792575962155,2.841843000711078,0.9977569713953978,2.096828333534087,0.21511137961694554,0.09138959890864698
841891,0.011743535916500802,0.006123302153425394,0.056361261091429374,0.029387829514447822,2.697609809975128,2.841843000711078,0.9977569713953978,1.7872375135155183,0.21511137961694554,0.017010052711296977
841899,0.022551328115489763,0.023979274045693815,0.12785969342795223,0.135955745595371,2.509997548619168,2.841843000711078,0.9977569713953978,2.063488938411697,0.21511137961694554,0.06730423149007116
841911,0.008345123711211678,0.005563042577629388,0.03841770898680066,0.025610087785926428,2.7780123969892676,2.819747401994559,1.0387296331246811,1.7123062068580976,0.21511137961694554,0.012226094445128295
841919,0.011155072991226794,0.004870629819100663,0.05691166467588567,0.02484929065395041,2.773740196637287,2.819747401994559,1.0387296331246811,2.005364222897336,0.21511137961694554,0.013165602704447145
841920,0.011053739245793146,0.004630393303862959,0.05100427825255688,0.021365608798749665,2.7656836058218555,2.819747401994559,1.0387296331246811,2.309417753243042,0.26236426446749106,0.014867908258836646
841931,0.0014190212526723161,4.167177154508411e-4,0.007034900889550589,0.0020659083305453324,2.759372385932748,2.819747401994559,1.0387296331246811,1.9039486408205641,0.21511137961694554,0.0031911657982061953
841932,0.0029487898979228544,0.0016373590858475347,0.013394374971764477,0.007437424271805866,2.780896764448493,2.819747401994559,1.0387296331246811,1.6785033341152555,0.21511137961694554,0.00317890182828118
841939,0.007766813793982103,0.0038046559958373285,0.040616409843166355,0.0198963785328449,2.679133979951054,2.819747401994559,1.0387296331246811,1.9750844484311296,0.21511137961694554,0.034487254299683
841940,0.011251981127291902,0.018283015664969992,0.06126992167049629,0.0995557071257526,2.3380131822424475,2.819747401994559,1.0387296331246811,1.6998707915375368,0.21511137961694554,0.023218891683284608
841950,0.015368399670989012,0.008268170599681855,0.09269066964328722,0.04986740883998179,2.6018957609819156,2.819747401994559,1.0387296331246811,2.286681495291217,0.21190835433542224,0.05277208997144466
841960,0.015137820313093613,0.008668685691333354,0.08912162184283082,0.05103557263056753,2.148693335474871,2.819747401994559,1.0387296331246811,1.6419335581307284,0.21190835433542224,0.024317648893728214
841981,0.06135278299834595,0.027876750095687054,0.3626954322084808,0.16479725010674098,2.4070459443264967,2.819747401994559,1.0387296331246811,2.463641514194941,0.2461330695389085,0.09180940513544035
841989,0.010762688750853806,0.0025236734340810417,0.06246912527221029,0.014647982074855707,2.645651870428325,2.819747401994559,1.0387296331246811,2.194697281026543,0.21056476910734967,0.03852576262900652
841990,0.021596723892527682,0.016289206136197974,0.12838658795563151,0.09683485359814108,2.5299250876985493,2.819747401994559,1.0387296331246811,2.17336275546868,0.2135741002980591,0.05145462627328095
842010,NA,NA,0.1487417596825997,0.07652389742692069,NA,NA,NA,1.944824288760049,0.2206713621688207,NA
842091,NA,NA,0.03321195122020679,0.013667732768434583,NA,NA,NA,2.1538426156730957,0.21377778198536262,NA
842099,NA,NA,0.307771894769,0.11680161552009345,NA,NA,NA,2.174987704229768,0.21332004262287624,NA
842111,0.001621984806397261,7.943912841683668e-4,0.012781961924409092,0.006260156758111821,2.2438956625557056,2.250662776081156,2.264893638040707,1.5388985527501096,0.21511137961694554,0.08163562088252527
842112,0.0066106255450538364,0.004528924142775603,0.06335904699514013,0.0434071353223513,1.6486831889153715,2.250662776081156,2.264893638040707,1.6244225944727217,0.2461330695389085,0.0042979584034816875
842119,0.008208605553102793,0.0022622058801324394,0.07761601257297836,0.021390161690575532,2.1492456166044773,2.250662776081156,2.264893638040707,2.066089684642688,0.21311720959068925,0.019960146063382065
842121,0.012999602214666336,0.006493242958055299,0.12795847026062274,0.06391468155894207,2.089127978302677,2.250662776081156,2.264893638040707,2.158620373448147,0.21511137961694554,0.05847203091377711
842122,0.002881951541728036,6.10636115173258e-4,0.02558765418852261,0.005421585173742199,2.202485386141255,2.250662776081156,2.264893638040707,1.9415998376330603,0.21511137961694554,0.03716857480274675
842123,0.05904024820426085,0.020237538358984033,0.15990310985683112,0.05481083528397019,2.024397227900743,2.250662776081156,2.264893638040707,2.193227857973869,0.8131064956389243,0.06726543226358431
842129,0.010001813631483775,0.002418041604926128,0.09725356485039492,0.02351205238371849,2.1602451969727716,2.250662776081156,2.264893638040707,2.253595112874917,0.21511137961694554,0.027821658157303746
842131,0.01485897489785912,0.0065878415057909,0.15371937365052063,0.06815267385134265,2.018307091802518,2.250662776081156,2.264893638040707,2.1472047723138914,0.211309093667207,0.03829038845605074
842139,0.024930753120489098,0.027599915939603068,0.1653701932575111,0.1830752328565708,2.135672040520783,2.250662776081156,2.264893638040707,2.044655470101778,0.3042113658784013,0.04248349352702801
842191,0.018754297963947605,0.01583931025694864,0.1657188684831923,0.13996112135904443,2.154430640088323,2.250662776081156,2.264893638040707,2.2058005985531186,0.234839584716252,0.03672905184908049
842199,0.012130883146740878,0.015867739902002773,0.11998722272651577,0.156948675439145,2.050351995787172,2.250662776081156,2.264893638040707,2.097595842186509,0.21511137961694554,0.03700147810224515
842211,0.06206625037400337,0.04576605592955427,0.1947268489574597,0.14358656768648184,2.3670243960344615,2.795615827628783,0.2649133342223643,2.2838622948384355,0.3432089025644754,0.0694478477537821
842219,0.0027613762693698978,0.0010854171624906778,0.011790199263326875,0.004634386400561077,2.786006996209414,2.795615827628783,0.2649133342223643,2.2939149646853214,0.21511137961694554,0.05513578216957412
842220,0.009964243126124235,0.0053761965378984564,0.04050209825746617,0.021852863049730633,2.770755661528002,2.795615827628783,0.2649133342223643,2.157759793468811,0.21511137961694554,0.014879928329580005
842230,0.020057163567311326,0.0063851875728688536,0.08994991584239152,0.028635508848992706,2.6586218980313068,2.795615827628783,0.2649133342223643,2.299873102269583,0.21511137961694554,0.07393949384391349
842240,0.011388985552987983,0.00328050049606246,0.05161894516367672,0.014868398456369617,2.758648853181027,2.795615827628783,0.2649133342223643,2.4246631066789446,0.21511137961694554,0.03200954770249656
842290,0.03695484609478358,0.0840481808710778,0.17321179409306725,0.39394390012066577,2.676208340953785,2.795615827628783,0.2649133342223643,2.5393708782903754,0.22356100070453414,0.09067636669261393
842310,0.03419339454976389,0.02875234396256344,0.2590744521135156,0.21784902777755677,1.093602472513872,3.018501046098971,0.88889783108359,1.28503707355894,0.26236426446749106,0.03218053995492193
842320,0.006404777325814063,0.0014911891602495992,0.026853315952763603,0.006252110202821003,2.9126366709758886,3.018501046098971,0.88889783108359,1.7108692022205583,0.21288949548247155,0.012669171872133653
842330,0.010667861931655507,0.0028198226172897363,0.04926245656912743,0.013021483602508691,2.9198938405668815,3.018501046098971,0.88889783108359,2.011577167916671,0.21511137961694554,0.04042689513515684
842381,0.032760989963945435,0.008478381921583227,0.1911521646163413,0.049469233333250325,2.2284478549448616,3.018501046098971,0.88889783108359,1.9080738257228018,0.21511137961694554,0.08838748892651933
842382,0.02594402364712779,0.01114900026446647,0.11685018635885441,0.050214368300656814,2.7895632891792985,3.018501046098971,0.88889783108359,1.813763839943703,0.21511137961694554,0.07920826142322136
842389,0.003976322810309917,0.0017239996684387776,0.017890602069830116,0.007756762593968893,2.8524326641906197,3.018501046098971,0.88889783108359,1.8433051152962572,0.21288949548247155,0.009343768785710306
842390,0.019524260435040644,0.010762652423914365,0.10226529797250357,0.0563732419349793,2.6505515467023533,3.018501046098971,0.88889783108359,2.067745365908749,0.2129653591861773,0.054264925231175994
842410,0.007545410930882584,0.00839207180351639,0.03626261069225194,0.0403315916786978,2.7420419710121045,2.861215583274388,1.3494452352768531,1.894102071785145,0.2461330695389085,0.005179584071920023
842420,0.03075396429594282,0.01653973204112449,0.2380725025825666,0.1280373275192701,1.9593651496938422,2.861215583274388,1.3494452352768531,1.879626872897979,0.21288949548247155,0.07986287261633483
842430,0.01812199659049035,0.02140911598079899,0.11604797283548855,0.1370977252625319,2.470277782758659,2.861215583274388,1.3494452352768531,2.053388205809404,0.21511137961694554,0.0717711797681563
842441,0.005730564299657523,0.0035455035340925477,0.032334005736799676,0.020005068544129808,2.3681244696076393,2.861215583274388,1.3494452352768531,1.5002273280910525,0.21326928577659127,0.014845808205173002
842449,0.008308244999081706,0.004140436996718789,0.05533010714021729,0.027573912741029067,2.3712494473202534,2.861215583274388,1.3494452352768531,1.9898500399529724,0.2114586055517202,0.030959429733351508
842482,0.008791506107996207,0.005187782037814563,0.05669684026427417,0.03345625265008005,2.6629768391193487,2.861215583274388,1.3494452352768531,2.282073818940486,0.2114586055517202,0.03628358116558701
842489,0.023142491183338942,0.007458965625733939,0.15325295059917837,0.04939435782888125,2.330222039956651,2.861215583274388,1.3494452352768531,1.9485887308176455,0.21372684784216578,0.06098482885939237
842490,0.038544757656945816,0.029713795768210833,0.25339540751358725,0.19534016673482685,2.394732319305327,2.861215583274388,1.3494452352768531,2.2011871401927747,0.22553570890520044,0.09389473949905607
842511,0.012402583384988345,0.0064705138271872265,0.06538270013943741,0.034110608425589994,2.6993093240179515,2.887195839540803,0.8904140722748748,2.1706099424001626,0.21511137961694554,0.04667678864916077
842519,0.03216612861763034,0.0516111448364323,0.17928634965216833,0.2876682447268962,2.4398214068560407,2.887195839540803,0.8904140722748748,2.0348821736359235,0.21511137961694554,0.07547086178957287
842531,0.03686798482526465,0.019528006703582852,0.25903326922909675,0.13720314364701575,1.8045417822907945,2.887195839540803,0.8904140722748748,1.8369082965595365,0.21511137961694554,0.08248448001757828
842539,0.05594679978391746,0.023602274547922058,0.3449671445153853,0.14553127768364943,2.4099979966188263,2.887195839540803,0.8904140722748748,2.306143652582058,0.21511137961694554,0.08276799304523794
842541,1.675858593729268e-4,1.537672379936535e-4,7.050905523334032e-4,6.469509251759819e-4,2.8782997333836495,2.887195839540803,0.8904140722748748,1.7145811302940417,0.21511137961694554,2.2521232010017552e-5
842542,0.03982131686970619,0.04617081260070864,0.31475478780007415,0.36494233403286896,1.483939695594913,2.887195839540803,0.8904140722748748,1.6326969754798564,0.21511137961694554,0.09318281577273217
842549,0.24494673501369119,0.2330558102857219,0.44549171280945155,0.4238653440250087,1.9024393091791691,2.887195839540803,0.8904140722748748,1.9612506023015424,0.8241754429663495,0.351551790363588
842611,0.0016715383649751978,8.147739764292108e-4,0.006873305430341077,0.003350321185583187,2.9603515189995626,3.015797511972631,1.6797844939453204,1.5139386006706128,0.26236426446749106,0.033365484525636674
842612,0.001417853208176091,0.0016449625248495755,0.005358594546871049,0.006216925112300781,2.998122511532844,3.015797511972631,1.6797844939453204,1.2930702122311084,0.26236426446749106,0.006186189346654315
842619,0.007656021733139362,0.005707147344708983,0.041012812778904735,0.030572818848855803,2.2071606834622064,3.015797511972631,1.6797844939453204,1.4223100550753296,0.26236426446749106,0.006758330907600071
842620,5.39498359794665e-4,4.2802669076941777e-4,0.0020684384497471004,0.001641055711536254,2.9922714549693894,3.015797511972631,1.6797844939453204,1.3301576265640296,0.26236426446749106,0.0017618868079884791
842630,0.0026729490059100394,0.0010107516173838667,0.015058599143754283,0.00569427378016998,2.4747968032381524,3.015797511972631,1.6797844939453204,1.3193561418204904,0.21511137961694554,0.05015626089527812
842641,0.005814090629982945,0.004421708867301356,0.030256951038426506,0.023010894947901057,2.9165031622680613,3.015797511972631,1.6797844939453204,1.5851103836085465,0.21511137961694554,0.0013642632234362282
842649,4.5638039960970025e-4,2.0150479725189978e-4,0.0023023866243250322,0.0010165685255696083,3.009110218381757,3.015797511972631,1.6797844939453204,1.5857385317221486,0.21511137961694554,5.644026015519608e-4
842691,0.005579244926018996,0.0024212603609788073,0.007803624618531682,0.0033865885458251696,3.0084370471427038,3.015797511972631,1.6797844939453204,1.7882350904287432,0.8241754429663495,0.07751568998710721
842699,0.004734470347394772,0.0035415231714574598,0.026897219624486855,0.020119911956005272,2.8860653434475845,3.015797511972631,1.6797844939453204,1.8472161069004465,0.21511137961694554,0.015403220057934071
842710,0.029226311847391988,0.02096207863085294,0.14027665360045816,0.10061106095766645,3.781482842450821,4.483746452490917,1.385241258366419,2.5190023037836053,0.21511137961694554,0.05443755769262174
842720,0.02409701730963164,0.016305548080668256,0.09661520231766986,0.0653758847608322,4.25375374305591,4.483746452490917,1.385241258366419,2.2835069618922694,0.21511137961694554,0.04703579246777181
842790,0.03003493505745896,0.026646634126472404,0.16222780081003638,0.1439265590239304,3.1229989273422536,4.483746452490917,1.385241258366419,2.243314526948245,0.21511137961694554,0.0697024736960922
842810,0.005003605419896075,0.002984632761268868,0.020918573781396974,0.012477854544388546,3.7506481098819466,4.216993029755022,2.2169817362237385,1.6424672498479953,0.2461330695389085,0.0016997820085792933
842820,0.007456264153057025,0.003556668740592103,0.035519375056098375,0.01694288833578906,4.132238078231761,4.216993029755022,2.2169817362237385,2.0174267526981104,0.21511137961694554,0.03179241957321724
842831,0.001040465845159667,5.866178698194603e-4,0.004259485279541425,0.0024015110085891353,3.999457720378668,4.216993029755022,2.2169817362237385,1.3050542495288597,0.21511137961694554,0.0055000851031786835
842832,0.004503745655852488,0.0024887201759886345,0.02034699232795265,0.011243523546108589,3.8992170772257415,4.216993029755022,2.2169817362237385,1.5723895908966752,0.21511137961694554,0.006331378372514109
842833,0.008401632958606705,0.002995631717961792,0.03687889571486975,0.01314929969818509,4.074660849942443,4.216993029755022,2.2169817362237385,1.6304334581988793,0.21511137961694554,0.017771127136298522
842839,0.010121466663691615,0.005915977591715063,0.047675045410507925,0.02786597137590063,4.102567604110723,4.216993029755022,2.2169817362237385,1.9398916661763788,0.21511137961694554,0.03285256396649288
842840,0.005004234788574278,0.004096793606952984,0.028134261719987712,0.023032545118376775,2.9095197559747414,4.216993029755022,2.2169817362237385,1.301720698747451,0.21511137961694554,0.010177939239242144
842860,0.11072285189685811,0.08205508255199401,0.8318779353840736,0.6164925441471533,2.461369755537225,4.216993029755022,2.2169817362237385,2.3346715130828497,0.2461330695389085,0.02179229144052935
842890,0.018390730949000178,0.01319880609624662,0.09518207415255225,0.0683110282055648,4.016922203758951,4.216993029755022,2.2169817362237385,2.2551334405243435,0.21511137961694554,0.055500413158242036
842911,2.0489186748696723e-4,1.4024298560345644e-4,4.1336396065439716e-4,2.8293653962000126e-4,5.006001344554939,5.0072869410706,0.21905072964200775,1.953461532894764,0.21511137961694554,0.01609371230072077
842919,0.0011723458758734018,0.0026652942977429903,0.003143321942613763,0.007146251138024718,4.992252305649684,5.0072869410706,0.21905072964200775,2.6602897050101935,0.21511137961694554,0.003026262314627693
842920,0.010618786576362015,0.00840121298644505,0.024109347457762293,0.019074473481532316,4.852496463755776,5.0072869410706,0.21905072964200775,2.150899234450331,0.21511137961694554,0.006633550576699138
842930,4.64773173153454e-4,0.001361034618711254,6.101415960451515e-4,0.0017867292746240498,4.950874844296246,5.0072869410706,0.21905072964200775,1.179038578990389,0.21511137961694554,0.009702631830908645
842940,0.04143083559219403,0.02834644379281158,0.12013171911862416,0.08219257408294947,4.565480729273044,5.0072869410706,0.21905072964200775,2.6285814970233656,0.21511137961694554,0.07596849032758851
842951,0.03151738416071886,0.017522329017419038,0.09316197253130992,0.05179410595375166,4.625140984418073,5.0072869410706,0.21905072964200775,2.7218263404197267,0.21511137961694554,0.03461936572408389
842952,0.015321446276143893,0.011603724435752354,0.04306601327042613,0.032616121319732884,4.799969722298859,5.0072869410706,0.21905072964200775,2.6832124409768783,0.21511137961694554,0.045461153522609654
842959,0.00271859624842822,0.0018027864509579568,0.007325096113712743,0.0048575010111932,4.959136566520614,5.0072869410706,0.21905072964200775,2.655288803281174,0.21511137961694554,0.010804872539404316
843010,NA,NA,0.07355464278548135,0.019024872287298246,NA,NA,0.23598297828087972,2.042140253243501,0.21511137961694554,NA
843020,NA,NA,0.37725225943338536,0.2214436263200631,NA,NA,0.23598297828087972,2.436471786507665,0.2461330695389085,NA
843031,NA,NA,0.0026898535039710353,0.0013360020720641934,NA,NA,0.23598297828087972,1.690170175241677,0.21511137961694554,NA
843039,NA,NA,0.03903808030373327,0.03946565249725233,NA,NA,0.23598297828087972,1.7898134776605898,0.21511137961694554,NA
843041,NA,NA,0.008775435959408636,0.00503785033965502,NA,NA,0.23598297828087972,2.0959341403895837,0.21511137961694554,NA
843049,NA,NA,0.01585344609463931,0.005300679583878044,NA,NA,0.23598297828087972,1.6428981169751884,0.21511137961694554,NA
843050,NA,NA,0.04053945247846971,0.04954405953600417,NA,NA,0.23598297828087972,1.9472381197992512,0.21511137961694554,NA
843061,NA,NA,0.12999750868066795,0.04731492120946655,NA,NA,0.23598297828087972,2.191912501320688,0.21511137961694554,NA
843069,NA,NA,0.05158862010609671,0.022507368074251997,NA,NA,0.23598297828087972,2.075289137223526,0.21511137961694554,NA
843110,0.05366525250149482,0.011805504835040054,0.20429694429753198,0.044942089178118406,1.5771306236966849,1.732052480149967,0.45110790652336,2.9430024008544806,0.5653138090500605,0.13080861825533024
843120,0.03893494145135549,0.010762023530998931,0.34726117422218633,0.09598660712128487,1.5413516784886716,1.732052480149967,0.45110790652336,2.506099796485955,0.21511137961694554,0.09937162597328567
843131,0.0184707982799765,0.003897394115578431,0.06638199445520504,0.014006800932396153,1.6136667813304706,1.732052480149967,0.45110790652336,2.3823331884803083,0.488580014818671,0.03856606767375898
843139,0.01801764654345453,0.005181835695960899,0.16812069518286546,0.04835114383153525,1.6424456177447486,1.732052480149967,0.45110790652336,2.8455774461897962,0.21511137961694554,0.0467781642206156
843141,0.023991031998397017,0.015549097357708909,0.22833693263440857,0.14799001544119755,1.5985685126249027,1.732052480149967,0.45110790652336,2.8217102258985993,0.21511137961694554,0.0690381292368041
843142,0.01763739543916825,0.008588854769163783,0.06580626870442036,0.03204557536583123,1.7009940309772387,1.732052480149967,0.45110790652336,2.6496745791033387,0.488580014818671,0.053691567704061534
843143,0.011308730726871226,0.020437521588881694,0.10370486769212464,0.18741895297707814,1.6110775422330763,1.732052480149967,0.45110790652336,2.7269741626383506,0.21511137961694554,0.040029552315826174
843149,0.033017816069673495,0.011245702550684307,0.13380819923655055,0.045574401537691725,1.5840603080114435,1.732052480149967,0.45110790652336,2.685366820716644,0.488580014818671,0.06462111963948695
843210,NA,NA,0.021573222155022612,0.012000895737527495,NA,NA,NA,1.7972550978201358,0.488580014818671,NA
843221,NA,NA,0.02177606295661414,0.011206283658747183,NA,NA,NA,1.9449055244925202,0.21511137961694554,NA
843229,NA,NA,0.07133843294820842,0.04536070510245976,NA,NA,NA,1.760279610457293,0.21511137961694554,NA
843231,NA,NA,0.042866641118648886,0.023647181134597028,NA,NA,NA,1.2994521943724733,0.21511137961694554,NA
843239,NA,NA,0.06470553112028253,0.04776735673841591,NA,NA,NA,1.6731029059368832,0.21511137961694554,NA
843241,NA,NA,0.05657562866729422,0.027548076250592905,NA,NA,NA,1.9849572149691777,0.21511137961694554,NA
843242,NA,NA,0.15017052202077974,0.07951257237016857,NA,NA,NA,1.8624015833715022,0.21511137961694554,NA
843280,NA,NA,0.09582104582421774,0.06655857302040726,NA,NA,NA,2.1180123265602715,0.21511137961694554,NA
843290,NA,NA,0.15348931998798077,0.06770097698351757,NA,NA,NA,1.6743545697864557,0.488580014818671,NA
843311,0.04484969010752797,0.03465492191934278,0.233273975354504,0.18024854535991816,2.0305474212780332,2.749326687058955,0.21953373218484795,2.407041672577725,0.24869662573882728,0.040656969622607946
843319,0.026242838669001955,0.020129194753251593,0.12604421359976622,0.09668041461029295,2.1173762499550275,2.749326687058955,0.21953373218484795,2.2835772617260215,0.2461330695389085,0.030549535509218247
843320,0.01729761915690468,0.007087502336916797,0.0790920184711615,0.03240705328640926,2.712932915065895,2.749326687058955,0.21953373218484795,2.4488529749292263,0.21511137961694554,0.02341709379093795
843330,0.00822366479772863,0.00299926692356824,0.0425728262168145,0.015526808625538539,2.742776729922136,2.749326687058955,0.21953373218484795,2.83483119353649,0.21511137961694554,0.022205618916594356
843340,0.02593573059535392,0.01613506425571692,0.12723950152429125,0.07915788319175417,2.694411218351089,2.749326687058955,0.21953373218484795,2.6239499240698416,0.21511137961694554,0.0026004843438822865
843351,5.6910449230828523e-5,3.64436175993883e-5,2.3386909559376667e-4,1.4976223177512845e-4,2.749006351579718,2.749326687058955,0.21953373218484795,2.210542799596149,0.21511137961694554,5.49073644923357e-5
843352,0.0020998051681644435,3.7144962567904475e-4,0.008794970984588656,0.0015558056193086167,2.7440239690844273,2.749326687058955,0.21953373218484795,2.2527977377711137,0.21511137961694554,0.0027026329949960803
843353,0.001642113737778622,5.073282620177336e-4,0.010151659161488783,0.0031363379286756953,2.7471436054744927,2.749326687058955,0.21953373218484795,3.433709108057322,0.21511137961694554,7.677697827068223e-4
843359,1.2171735421351231e-4,1.0577893533375919e-4,5.899686667899856e-4,5.127145414601368e-4,2.7491360421756434,2.749326687058955,0.21953373218484795,2.6468614201280785,0.21511137961694554,2.0003745168333827e-4
843360,0.013743914659085471,0.008160142475396419,0.08343209343746974,0.04953594273231916,2.711024299284963,2.749326687058955,0.21953373218484795,3.3205985215933493,0.21511137961694554,0.05526756649024812
843390,0.05323721203615325,0.01767757717492022,0.2594589693623198,0.08615413503458667,2.525403690604391,2.749326687058955,0.21953373218484795,2.4280370585676967,0.21511137961694554,0.1930253167628247
843410,NA,NA,0.03605047125175772,0.024340959670735907,NA,NA,0.2200901994781636,4.614193905835449,0.2461330695389085,NA
843420,NA,NA,0.01037310848938167,0.0050164109292045135,NA,NA,0.2200901994781636,4.290785829744926,0.21511137961694554,NA
843490,NA,NA,0.053409548263041964,0.023339267888567578,NA,NA,0.2200901994781636,4.6068605368326025,0.21511137961694554,NA
843510,NA,NA,0.10045948359483968,0.045122239699645246,NA,NA,NA,2.8373942166027466,0.2461330695389085,NA
843590,NA,NA,0.24380476817814803,0.05523873230387825,NA,NA,NA,3.100772081576922,0.2461330695389085,NA
843610,NA,NA,0.007386800055920178,0.008583384225425029,NA,NA,NA,1.8716035927049919,0.21511137961694554,NA
843621,NA,NA,0.14297224498694822,0.0691364997747341,NA,NA,NA,2.115884189891598,0.21511137961694554,NA
843629,NA,NA,0.016894810529153228,0.010905385212644933,NA,NA,NA,2.34587634168269,0.21511137961694554,NA
843680,NA,NA,0.14713016284140906,0.07686363770785652,NA,NA,NA,2.019570326156266,0.21511137961694554,NA
843691,NA,NA,0.05824640499604813,0.021964936250000417,NA,NA,NA,2.0927897885239686,0.21511137961694554,NA
843699,NA,NA,0.1919040967916897,0.09351181311618427,NA,NA,NA,2.118125899095006,0.21511137961694554,NA
843710,NA,NA,0.008271251062401019,0.004269712732198215,NA,NA,0.23788084929618653,2.4816311496769163,0.21511137961694554,NA
843780,NA,NA,0.009077382410539497,0.004004155996254814,NA,NA,0.23788084929618653,2.6604622365339314,0.21511137961694554,NA
843790,NA,NA,0.054930554911569104,0.057475706829855325,NA,NA,0.23788084929618653,3.227670822994616,0.21511137961694554,NA
843810,NA,NA,0.05205983183039308,0.025150297678391793,NA,NA,0.21916622388859383,3.4203126662750507,0.2461330695389085,NA
843820,NA,NA,0.14757948475860946,0.06323838015460531,NA,NA,0.21916622388859383,3.726130229175063,0.2461330695389085,NA
843830,NA,NA,0.049379510710683305,0.017638282582515135,NA,NA,0.21916622388859383,2.586596679759964,0.2461330695389085,NA
843840,NA,NA,0.260155592016205,0.2428248081747403,NA,NA,0.21916622388859383,2.967983338036116,0.24155229174971013,NA
843850,NA,NA,0.03400866540775249,0.008011015488477586,NA,NA,0.21916622388859383,3.64066127595775,0.21086186795592987,NA
843860,NA,NA,0.03782881972557924,0.014797730363480909,NA,NA,0.21916622388859383,3.220361478793524,0.21511137961694554,NA
843880,NA,NA,0.09203146959556631,0.02182340095715595,NA,NA,0.21916622388859383,3.336591282373128,0.21511137961694554,NA
843890,NA,NA,0.10974262375362581,0.034920513289992766,NA,NA,0.21916622388859383,4.012418349557225,0.21708026080916687,NA
843910,NA,NA,0.018029017669786842,0.015943822855265903,2.0598243052152934,2.186355053779525,NA,2.725718528600074,0.21511137961694554,NA
843920,NA,NA,0.012130691374263512,0.005641451967339556,2.130267843883763,2.186355053779525,NA,2.2605226881306493,0.21511137961694554,NA
843930,NA,NA,0.0066355765998418696,0.004361653685121831,2.178883128932541,2.186355053779525,NA,2.500284595052271,0.21511137961694554,NA
843991,NA,NA,0.0918488569736309,0.03502198396756198,2.0676113467576296,2.186355053779525,NA,3.0073357785692876,0.21511137961694554,NA
843999,NA,NA,0.0529917860084094,0.02157496380900272,2.1134002667326577,2.186355053779525,NA,2.8253651820023906,0.21511137961694554,NA
844010,NA,NA,0.2428208451755714,0.10140888057300315,NA,NA,NA,3.408996870341918,0.2461330695389085,NA
844090,NA,NA,0.5148434716299588,0.021438245790946213,NA,NA,NA,2.591722588308173,0.2461330695389085,NA
844110,NA,NA,0.06997975593334432,0.031130113057514675,3.249028144771835,3.514221340439691,NA,2.4901170181626564,0.21511137961694554,NA
844120,NA,NA,0.031376457142791324,0.02080669363359918,3.333301520706412,3.514221340439691,NA,2.225581385107247,0.21511137961694554,NA
844130,NA,NA,0.04950360011631977,0.02242727951985483,3.35372411667364,3.514221340439691,NA,2.4636193898178056,0.21511137961694554,NA
844140,NA,NA,0.03764500383350209,0.029469534996202265,3.126921777861771,3.514221340439691,NA,2.0281077877534828,0.21511137961694554,NA
844180,NA,NA,0.03930059367376787,0.02110715714679091,3.349655933924173,3.514221340439691,NA,2.3697357218801014,0.21511137961694554,NA
844190,NA,NA,0.09115236695048401,0.04240828768912101,3.350864173730881,3.514221340439691,NA,2.697009332389621,0.21511137961694554,NA
844230,0.013499615652511102,0.007279413621357461,0.07480428314046358,0.04033680155384876,1.4513013879090313,1.500174052710092,0.14471480505031906,1.5852053465048948,0.21511137961694554,0.038505820229211854
844240,0.008925278554195282,0.0019704113730087086,0.058075311469963406,0.012821140933203783,1.4706013024905689,1.500174052710092,0.14471480505031906,1.913677266755868,0.21511137961694554,0.11012997568747154
844250,0.0036524197601756586,0.004408262021040877,0.01643372139980709,0.019834563020667752,1.4648489944903016,1.500174052710092,0.14471480505031906,1.3683991282365389,0.22957444164450003,0.007705439947410341
844311,2.8227887624566363e-6,1.7561297050791618e-4,1.257063179995427e-5,7.820514311634237e-4,3.085606874943843,3.085626061943716,0.3774281770817029,2.543731622817195,0.21258665371783209,0.007370739922530264
844312,2.70240125236833e-4,0,0.0010108078416675055,0,3.0774500309284125,3.085626061943716,0.3774281770817029,2.098700241101055,0.21511137961694554,0.020144269141820863
844313,0.005379814527197907,0.006073452718752102,0.022865183848354065,0.0258132714996931,3.0555286683068377,3.085626061943716,0.3774281770817029,2.4161262862299804,0.21511137961694554,0.01568602891935838
844314,0.003084589882162647,0.005911148813651204,0.010627393954966686,0.02036578915478426,2.854373997845641,3.085626061943716,0.3774281770817029,1.7050502930016505,0.2117582275887724,0.003151384804374752
844315,0.010777561438325286,0.006985547668702671,0.03961081659026218,0.025674012537154386,2.3270285367132613,3.085626061943716,0.3774281770817029,1.4623200078433227,0.21511137961694554,0.0018129565186518076
844316,0.0017796476541895047,0.003113091754770601,0.007259539373340658,0.01269892504472845,3.07455155981443,3.085626061943716,0.3774281770817029,2.278382498828465,0.2117582275887724,0.0040085114934682855
844317,4.0117208371744524e-4,0.0016028080020992527,0.001531141782217669,0.006117390517669941,3.071593904458606,3.085626061943716,0.3774281770817029,2.105069174833966,0.2117582275887724,0.0024235115415391583
844319,0.014293609242327204,0.008268991570600674,0.05629651813519459,0.032568081722534864,2.983960441766798,3.085626061943716,0.3774281770817029,2.293969143111303,0.2273033281325245,0.02559039373770801
844331,0.025954898696876626,0.022579366625825426,0.11420794163117164,0.09935476981774607,2.6909185020543003,3.085626061943716,0.3774281770817029,2.5369605528751316,0.2461330695389085,0.0687897617220911
844332,0.027522383961041657,0.02089701811023654,0.12087813305527899,0.09177956891973192,2.634975074502683,3.085626061943716,0.3774281770817029,2.4887452984702083,0.2476647891933567,0.05695191820782301
844339,0.017231315788389358,0.041496872942652745,0.07671605605012048,0.18474946833243783,2.7906989931039377,3.085626061943716,0.3774281770817029,2.471022228038558,0.22925976366757272,0.042166864272561624
844391,0.014274215547737201,0.005090820228196988,0.05762763696809129,0.020552578808918014,3.0102896957411676,3.085626061943716,0.3774281770817029,2.4765993450176156,0.234839584716252,0.025554614988497124
844399,0.018829287189075245,0.007198921059523366,0.08724994427295264,0.03335789905170843,2.830168951060745,3.085626061943716,0.3774281770817029,2.5998983752663793,0.22702978069517138,0.07703118351501644
844400,NA,NA,0.03209088013125709,0.01760063055237099,NA,NA,0.2191339186808832,2.8300281770331215,0.21511137961694554,NA
844511,NA,NA,0.0073735601487307095,0.005549016101793461,NA,NA,1.0359696469380528,1.4301668502611184,0.2461330695389085,NA
844512,NA,NA,0.0029235478875137212,0.001127427564705097,NA,NA,1.0359696469380528,1.3381372663016933,0.2461330695389085,NA
844519,NA,NA,0.009632648828972253,0.004783643932721168,NA,NA,1.0359696469380528,1.697731459605467,0.24704979854820996,NA
844520,NA,NA,5.413434897910702e-4,7.784363933939682e-4,NA,NA,1.0359696469380528,1.6879730509197592,0.2461330695389085,NA
844530,NA,NA,0.05427433847163503,0.03307238011250517,NA,NA,1.0359696469380528,1.3769932443481177,0.2461330695389085,NA
844540,NA,NA,0.011778179201495535,0.0068535718551767195,NA,NA,1.0359696469380528,1.9426149030401154,0.23884695032481262,NA
844590,NA,NA,0.005253047107234832,0.0038369865364429817,NA,NA,1.0359696469380528,1.834408471281548,0.23884695032481262,NA
844610,NA,NA,0.011497178697838157,0.011310914233032144,NA,NA,0.21958311020436172,2.392971995067127,0.2461330695389085,NA
844621,NA,NA,0.0012425269607814176,1.7048061833028274e-4,NA,NA,0.21958311020436172,2.2565150604022444,0.25005099043184115,NA
844630,NA,NA,0.004087428288129345,0.0032795065090509383,NA,NA,0.21958311020436172,3.065559397468189,0.2307271657880448,NA
844711,NA,NA,0.009001478638326661,0.00691374048816311,NA,NA,1.1280196635593611,1.6766692366865352,0.2539882266653081,NA
844712,NA,NA,0.004498479898215468,0.004468494995849452,NA,NA,1.1280196635593611,1.6477606328725893,0.24999863861738617,NA
844720,NA,NA,0.01585531664562933,0.010266391650343343,NA,NA,1.1280196635593611,1.6721664003009424,0.24482091714594223,NA
844790,NA,NA,0.06753227128485452,0.02967759345739087,NA,NA,1.1280196635593611,1.4434263136122722,0.2461330695389085,NA
844811,NA,NA,0.001824158410187591,0.0014007255832699213,NA,NA,0.219366201984526,2.7907460531009427,0.2461330695389085,NA
844819,NA,NA,0.004279110066284549,0.006494291559664023,NA,NA,0.219366201984526,2.153895237689801,0.2461330695389085,NA
844820,NA,NA,0.020754130572252626,0.018855438813369943,NA,NA,0.219366201984526,3.1826981370667062,0.23935755278420584,NA
844831,NA,NA,0.012749944437231842,0.004889197278537682,NA,NA,0.219366201984526,3.501062267132424,0.23961366230848571,NA
844832,NA,NA,0.044211708156338195,0.029058983141319338,NA,NA,0.219366201984526,3.3099727575292697,0.2461330695389085,NA
844833,NA,NA,0.010459879510610953,0.0018596977523630633,NA,NA,0.219366201984526,3.7381159154284247,0.23961366230848571,NA
844839,NA,NA,0.04309839356499035,0.05254235247591999,NA,NA,0.219366201984526,3.0485270321554516,0.24365522612551954,NA
844842,NA,NA,0.03129406521765289,0.006576130630096565,NA,NA,0.219366201984526,3.272072433515725,0.23884695032481262,NA
844849,NA,NA,0.018946475432747915,0.01171931311610374,NA,NA,0.219366201984526,2.9305931985374833,0.24243498879485115,NA
844851,NA,NA,0.01643503418935359,0.003296313418554396,NA,NA,0.219366201984526,3.699990321600545,0.23756421164064773,NA
844859,NA,NA,0.03119131699186074,0.07242393971638902,NA,NA,0.219366201984526,3.001678464631983,0.2461330695389085,NA
844900,NA,NA,0.025730739687465344,0.019779058957926726,NA,NA,NA,2.679146317837987,0.24352270460801556,NA
845011,NA,NA,0.056746112114399325,0.04443840312831448,NA,NA,0.22740675936547117,2.4109368667960007,0.3458730275744648,NA
845012,NA,NA,0.018506761876063725,0.013679765559183392,NA,NA,0.22740675936547117,1.6738594490376166,0.2564991289574776,NA
845019,NA,NA,0.11762034845275116,0.022880683598690464,NA,NA,0.22740675936547117,2.1623286462704776,0.2582755103647311,NA
845020,NA,NA,0.18834797291066416,0.1248236237738018,NA,NA,0.22740675936547117,2.471153536085695,0.3469503940467377,NA
845090,NA,NA,0.06848265112171502,0.045772481873171775,NA,NA,0.22740675936547117,1.9964946311339653,0.2409673953388094,NA
845110,NA,NA,0.07698630142921548,0.02692710552478341,NA,NA,0.23515229027323792,2.5460112343887875,0.21511137961694554,NA
845121,NA,NA,0.06078842720461423,0.048389798332154475,NA,NA,0.23515229027323792,2.8079443081338877,0.3004506846246059,NA
845129,NA,NA,0.17288905416623254,0.11504117346637692,NA,NA,0.23515229027323792,1.4596810486919096,0.30207639615115256,NA
845130,NA,NA,0.06842956033863899,0.033420026916110145,NA,NA,0.23515229027323792,2.1797162232134273,0.21511137961694554,NA
845140,NA,NA,0.0029119562315916402,0.0018623740227739505,NA,NA,0.23515229027323792,2.059422487766588,0.2098256889820609,NA
845150,NA,NA,0.043508491864718966,0.022912202487955707,NA,NA,0.23515229027323792,2.0948621845853364,0.21511137961694554,NA
845180,NA,NA,0.03361217643043244,0.026546418405514336,NA,NA,0.23515229027323792,2.1913529802776086,0.2098256889820609,NA
845190,NA,NA,0.158222664052718,0.06156927779861518,NA,NA,0.23515229027323792,2.377965735321047,0.2098256889820609,NA
845210,NA,NA,0.1182021081270319,0.04723419161937472,NA,NA,0.282926662302174,2.286678342674518,0.2461330695389085,NA
845221,NA,NA,0.02584514636405027,0.007108703703420481,NA,NA,0.282926662302174,1.7047718636920657,0.2461330695389085,NA
845229,NA,NA,0.01014239905846493,0.004974782460059906,NA,NA,0.282926662302174,2.223800706245889,0.22957444164450003,NA
845230,NA,NA,0.006566254246101924,0.0018360979385819449,NA,NA,0.282926662302174,2.228708178339935,0.2461330695389085,NA
845290,NA,NA,0.06331221853282946,0.029155961673648662,NA,NA,0.282926662302174,2.169761499156902,0.2444533313393295,NA
845310,NA,NA,0.007208347776357614,0.005604944260953236,NA,NA,NA,1.46830889018357,0.2461330695389085,NA
845320,NA,NA,0.00649466387711331,0.004306088717882628,NA,NA,NA,1.2423185331956208,0.2461330695389085,NA
845380,NA,NA,0.037058419290621016,0.009672252035336398,NA,NA,NA,1.6581419826973778,0.2461330695389085,NA
845390,NA,NA,0.013771107161499428,0.019554287193812192,NA,NA,NA,1.7167679590709846,0.2461330695389085,NA
845410,NA,NA,0.001865034164602299,7.012368779025605e-4,NA,NA,NA,2.069123410773341,0.21511137961694554,NA
845420,NA,NA,0.07296153131486284,0.04269810839564337,NA,NA,NA,1.6882337101160232,0.21511137961694554,NA
845430,NA,NA,0.03444068134700782,0.020354234623510565,NA,NA,NA,2.4205513801020877,0.21511137961694554,NA
845490,NA,NA,0.11946422228811063,0.021718016074943888,NA,NA,NA,1.9989124296349088,0.21511137961694554,NA
845510,NA,NA,0.04290575278945535,0.0498743453537557,NA,NA,0.2242056321159922,2.604897821961764,0.21511137961694554,NA
845521,NA,NA,0.0037508010366935074,0.0025952888613035435,NA,NA,0.2242056321159922,1.7282038843043548,0.21511137961694554,NA
845522,NA,NA,0.04981927054200728,0.04723831876064343,NA,NA,0.2242056321159922,1.97916566985675,0.21511137961694554,NA
845530,NA,NA,0.03692339593075702,0.055724196665410744,NA,NA,0.2242056321159922,2.939647248362203,0.21511137961694554,NA
845590,NA,NA,0.06190373864285805,0.04550357066694202,NA,NA,0.2242056321159922,2.640688761165102,0.21511137961694554,NA
845611,0.015618387365504848,0.010010884617430832,0.038112479791563986,0.02442887532167303,4.522901121469302,4.839818393801245,0.2190220636464127,2.115656413780075,0.2115334093744318,0.04840024053080701
845612,0.05177233980641505,0.0066812894841407275,0.15597928993692636,0.02012933534578619,4.252107372744709,4.839818393801245,0.2190220636464127,2.490872151079603,0.2115334093744318,0.031193594173181908
845620,0.007218432266234133,0.002888979114268609,0.014521414663411005,0.0058117970945670144,4.773991118245156,4.839818393801245,0.2190220636464127,1.8013234191785217,0.21036718372846397,0.04251938519068534
845630,0.015299156508825363,0.009745438446654958,0.04247700738919863,0.027057508737213767,4.669760062693808,4.839818393801245,0.2190220636464127,2.506682813925206,0.2102315247458093,0.12747621529412703
845640,0.030240561729287952,0.016862962157754142,0.0777402821591652,0.04335010202252614,4.662118746130531,4.839818393801245,0.2190220636464127,2.303420860808767,0.210465908667975,0.0963502283427184
845650,0.023619517393401734,0.010876663768787702,0.06717231432469417,0.0309324981248398,4.553506486560439,4.839818393801245,0.2190220636464127,2.5174022386858637,0.211309093667207,0.06616229931422754
845690,0.03955871632160186,0.004895682389323311,0.11088286827236114,0.013722571305536066,4.1469608889637595,4.839818393801245,0.2190220636464127,2.2311526579086367,0.2107875005965485,0.08428401782229221
845710,NA,NA,0.005804685247214184,0.003944749341568878,4.348644941098559,4.359973870015319,NA,3.7918262035205212,0.20879968060325016,NA
845720,NA,NA,0.04457256704889219,0.003725873550729133,4.276811365849584,4.359973870015319,NA,2.1374081524043427,0.21012069674248865,NA
845730,NA,NA,0.09048565284448697,0.027092255893752932,4.2384976694867955,4.359973870015319,NA,3.518265622457177,0.21012069674248865,NA
845811,NA,NA,0.010259051336747668,0.006059334774960342,NA,NA,0.21828876036532213,1.844020294230817,0.2085083968363658,NA
845819,NA,NA,0.08400975806862836,0.05370262476482869,NA,NA,0.21828876036532213,1.8909311119032348,0.2085083968363658,NA
845891,NA,NA,0.021221993480096346,0.018258731376877085,NA,NA,0.21828876036532213,2.237502796533193,0.20865395770453465,NA
845899,NA,NA,0.028775330717101137,0.017347828861052975,NA,NA,0.21828876036532213,2.1875021002774204,0.20862480545621104,NA
845910,NA,NA,0.09360429629984378,0.04735301096591586,NA,NA,0.43404868386036743,2.0945015096933437,0.21012069674248865,NA
845921,NA,NA,0.04727068567666038,0.03149124457597063,NA,NA,0.43404868386036743,2.30431999582072,0.20879968060325016,NA
845929,NA,NA,0.10849599840054222,0.049333554063590204,NA,NA,0.43404868386036743,2.305105065027744,0.20879968060325016,NA
845931,NA,NA,0.002443021026868032,0.0017137211910825975,NA,NA,0.43404868386036743,2.1166209660874182,0.20879968060325016,NA
845939,NA,NA,0.021052443909930132,0.04248870661105592,NA,NA,0.43404868386036743,2.2089393047009387,0.20879968060325016,NA
845941,NA,NA,0.008300108653610045,0.004358441122906904,NA,NA,0.43404868386036743,1.5546725301335071,0.20879968060325016,NA
845949,NA,NA,0.009016357301686376,0.04687502695057481,NA,NA,0.43404868386036743,2.191931856393834,0.20879968060325016,NA
845951,NA,NA,0.11582494991772979,0.12005198585984611,NA,NA,0.43404868386036743,2.119716594306501,0.20879968060325016,NA
845959,NA,NA,0.06562837847845283,0.16626569168655378,NA,NA,0.43404868386036743,1.7978008015907143,0.20879968060325016,NA
845961,NA,NA,0.03918197828819357,0.026657038344300225,NA,NA,0.43404868386036743,2.266731197827308,0.20879968060325016,NA
845969,NA,NA,0.0838795112305912,0.08690495195293503,NA,NA,0.43404868386036743,2.4234260484828307,0.20879968060325016,NA
845970,NA,NA,0.06614524589402333,0.03394143461771196,NA,NA,0.43404868386036743,2.494119901981279,0.20879968060325016,NA
846012,0.00573422701633652,6.938449666232651e-4,0.023703042885280082,0.002868082647016327,2.6518291135743866,2.658957316413432,0.6224614092471051,1.6631284639224164,0.2085083968363658,0.0017474906903187856
846019,0.005021361373196608,0.003179031549658307,0.02155177730595848,0.013644463107668332,2.6162381435071644,2.658957316413432,0.6224614092471051,1.7188675439361683,0.2085083968363658,0.026010154167049413
846022,0.004835183153426152,0.003912751056255491,0.01908342697309299,0.015442786069651734,2.643215471597042,2.658957316413432,0.6224614092471051,1.5527403942019136,0.2085083968363658,0.07898581741018494
846023,0.005716148616779591,0.002650064644015277,0.0272126568215671,0.012616064512539741,2.647292169309358,2.658957316413432,0.6224614092471051,2.005341912357884,0.2085083968363658,0.03368940178356065
846024,0.0013455159733590377,0.0024861070426403405,0.004901094308206972,0.009055741676450905,2.6538315571674347,2.658957316413432,0.6224614092471051,1.3931235305773997,0.2085083968363658,0.029894512307622148
846029,0.006787135893961529,9.440638823493999e-4,0.0356181771171505,0.004954348210611541,2.538882116334107,2.658957316413432,0.6224614092471051,2.1556600550844163,0.2085083968363658,0.01817265205288705
846031,0.0033588474951168658,0.0021284531692782422,0.014394040113615126,0.009121295427399659,2.650298263902136,2.658957316413432,0.6224614092471051,1.7456968619913333,0.2085083968363658,0.014848687511860437
846039,0.011128332872252057,0.0038037288787184233,0.06335886597435651,0.0216564287747387,2.431678831953685,2.658957316413432,0.6224614092471051,2.2642744755948345,0.2085083968363658,0.030135904955291972
846040,0.009833027105832375,0.0022846675145743144,0.04001392477191392,0.009297087567549576,2.5295385378054434,2.658957316413432,0.6224614092471051,1.5238303812462763,0.2085083968363658,0.036528043916054555
846090,0.017575768335737294,0.003337205938360149,0.09145106888563467,0.01736430774033188,2.372908285871023,2.658957316413432,0.6224614092471051,1.9519560276282626,0.2085083968363658,0.05196705325514176
846120,0.0015841541480612078,5.914806192472056e-4,0.0054303656830337315,0.0020275527232438643,4.879601336389609,4.896897119554054,0.6655060166180093,2.8221972489222575,0.2085083968363658,0.048168139658345835
846130,0.0034900062949686913,0.001690494258378342,0.00907649272299856,0.004396484572696027,4.88249195619229,4.896897119554054,0.6655060166180093,1.9821218234346654,0.2085083968363658,0.01747988323333605
846140,0.0016658778415959226,7.119526805010865e-4,0.004298174024543906,0.0018369273194141196,4.888976522163797,4.896897119554054,0.6655060166180093,1.9504625598229597,0.20738327445825405,0.016961951279172306
846150,0.01917174752439971,0.010813505469096797,0.07200574573302289,0.04061364381621838,4.471582155407327,4.896897119554054,0.6655060166180093,2.8362849250506508,0.2085083968363658,0.05930861544670566
846190,0.010567467359168258,0.008278624953647767,0.040179776195919746,0.03147710672216399,4.5619442162632415,4.896897119554054,0.6655060166180093,2.9511742605796405,0.2085083968363658,0.05077083278576631
846210,NA,NA,0.023235069438931256,0.015351885568761752,NA,NA,0.21868984463959615,2.833419112537719,0.2085083968363658,NA
846221,NA,NA,0.04100542515865722,0.02269964268530862,NA,NA,0.21868984463959615,2.9032301316660973,0.2085083968363658,NA
846229,NA,NA,0.08211412054689524,0.2861355949725724,NA,NA,0.21868984463959615,2.542345541785122,0.2085083968363658,NA
846231,NA,NA,0.029322066852210428,0.03418315141875015,NA,NA,0.21868984463959615,2.0929065189320157,0.2085083968363658,NA
846239,NA,NA,0.04114650100107847,0.030880856921831925,NA,NA,0.21868984463959615,2.4840311107022672,0.2085083968363658,NA
846249,NA,NA,0.026807802603903797,0.04417363888677329,NA,NA,0.21868984463959615,2.198576344183308,0.2085083968363658,NA
846291,NA,NA,0.062251911776468355,0.0083440006785602365,NA,NA,0.21868984463959615,2.6512407189600027,0.2085083968363658,NA
846299,NA,NA,0.03083321514420648,0.05527172449156666,NA,NA,0.21868984463959615,2.8459453951633344,0.2085083968363658,NA
846310,NA,NA,0.01484067250779513,0.0082835267865861,NA,NA,0.2190061967171484,2.043881911083263,0.2085083968363658,NA
846320,NA,NA,0.01749582631002677,0.011756481435207732,NA,NA,0.2190061967171484,1.8100844698703937,0.2085083968363658,NA
846330,NA,NA,0.028125967414666823,0.011574573660538654,NA,NA,0.2190061967171484,2.1354031004256324,0.2085083968363658,NA
846390,NA,NA,0.03715140043497716,0.057909484303654564,NA,NA,0.2190061967171484,2.0480374079188524,0.20920157951872592,NA
846410,NA,NA,0.23422899573479689,0.1258934295548096,NA,NA,NA,1.8370818782791751,0.21511137961694554,NA
846420,NA,NA,0.04381995843308198,0.026782025173258582,NA,NA,NA,1.6202562471241468,0.21205871888971664,NA
846490,NA,NA,0.05868755612417407,0.09588254825855128,NA,NA,NA,1.743771109776814,0.21205871888971664,NA
846510,NA,NA,0.023240525605228872,0.009868803842211307,4.869531197517108,4.907595890510129,NA,2.8738670516846527,0.2114586055517202,NA
846520,NA,NA,0.07153266621711366,0.025373508322063032,4.744967684316914,4.907595890510129,NA,2.7517334073841218,0.21091146551788825,NA
846591,NA,NA,0.23996467995165657,0.15125142611192374,3.6952626223492544,4.907595890510129,NA,2.9657730629596384,0.21056476910734967,NA
846592,NA,NA,0.11150516388771503,0.07159429067359613,4.322844018265007,4.907595890510129,NA,2.563674291666698,0.21056476910734967,NA
846593,NA,NA,0.1628309314798953,0.0689092808005658,4.3243784540912955,4.907595890510129,NA,2.6296355184999727,0.21056476910734967,NA
846594,NA,NA,0.042391732431761746,0.017567268720792936,4.780869511340107,4.907595890510129,NA,2.512961573783435,0.2107132253430439,NA
846595,NA,NA,0.07992107485945445,0.045405103788260785,4.146088567267104,4.907595890510129,NA,2.023940820935929,0.21056476910734967,NA
846596,NA,NA,0.25473120295690294,0.20319484770254642,2.39812464741299,4.907595890510129,NA,2.3200087402572036,0.24431997231892727,NA
846599,NA,NA,0.019951367589704876,0.009741955710712744,4.640160412784293,4.907595890510129,NA,2.1608680812815386,0.2114586055517202,NA
846610,0.06752326679358343,0.013920540444487914,0.308100225414589,0.06351768586598056,4.469085332956344,4.881690921957657,0.3519619712566585,3.914797328036753,0.20923817618406088,0.2464411826390099
846620,0.022202834748708565,0.011978185897573844,0.0881303328103453,0.047545348220851366,4.653864653146515,4.881690921957657,0.3519619712566585,3.510531240433299,0.2090917978585593,0.10613073491361853
846630,0.02765209224676489,0.022777016417462007,0.10347378797134893,0.08523131437463398,4.537557241968119,4.881690921957657,0.3519619712566585,3.1890201415771733,0.2085447518930571,0.12994004393895797
846691,0.01880615399291685,0.004033331091341322,0.06731166421824081,0.014436244019038232,4.527604021987967,4.881690921957657,0.3519619712566585,3.1339961301269397,0.21511137961694554,0.10369211891859413
846692,0.03991289390746467,0.007129689416466606,0.15813792171832924,0.02824837180263523,4.548652365931343,4.881690921957657,0.3519619712566585,3.439297855129371,0.21036718372846397,0.13418009280993923
846693,0.023793673430804206,0.031092163741059407,0.09009324458834776,0.11772851808067977,4.564117643006153,4.881690921957657,0.3519619712566585,3.298967258971579,0.21125930824439634,0.06377085049315967
846694,0.01783632042107466,0.0025901056532453954,0.07322867099084512,0.01063391945397711,4.706984354555059,4.881690921957657,0.3519619712566585,3.7133757931350977,0.21036718372846397,0.053126238807329924
846711,0.026424459093486494,0.039776991651874295,0.12409675922366738,0.18680404159649275,3.1831838512576858,3.618332206165298,0.7069069831623273,2.47447372405391,0.21281370181263287,0.13000118364363333
846719,0.048093784135722684,0.01436768179534055,0.2121629517515054,0.06338219864179158,3.269665421493709,3.618332206165298,0.7069069831623273,2.4701774191088024,0.2202646679769085,0.1741107208692046
846721,0.03018263700140635,0.01781294081699603,0.13154874833313596,0.07763635988793398,2.3107777112088526,3.618332206165298,0.7069069831623273,1.8965301992312695,0.2584993132877357,0.032554512245701266
846722,0.061901199725584,0.04234442779733066,0.33438634587401167,0.2287419071366268,1.870996907968827,3.618332206165298,0.7069069831623273,1.944810305935166,0.26236426446749106,0.06819210877680214
846729,0.04698597981929274,0.02767363802975963,0.20701045104506402,0.12192429130202204,2.7214844290663023,3.618332206165298,0.7069069831623273,2.24430092177183,0.2461330695389085,0.08109454179068734
846781,0.00926541443888108,0.0028180857139740527,0.02996490018298655,0.009113856447907638,3.360298120877663,3.618332206165298,0.7069069831623273,1.9679204108322332,0.2461330695389085,0.018430327288939927
846789,0.016478705864137636,0.004310791079753436,0.06009256411761987,0.015720074834365858,3.1626902261112266,3.618332206165298,0.7069069831623273,2.1318241310531763,0.2461330695389085,0.041944147582052727
846791,0.018346048137747283,0.008135405995668053,0.077279298444417,0.03426887704563328,2.9169431682008065,3.618332206165298,0.7069069831623273,2.3173492028153784,0.2461330695389085,0.07130673125149835
846792,0.05561227180792586,0.007213503272700335,0.2544353271683712,0.03300296868933251,2.8806980121764565,3.618332206165298,0.7069069831623273,2.5370454317945397,0.2461330695389085,0.0946712228050905
846799,0.01978522297038522,0.007147338775766116,0.08870072210671354,0.0320428084889773,2.852865062865716,3.618332206165298,0.7069069831623273,2.044347876249387,0.21511137961694554,0.06189827504177782
846810,NA,NA,0.18247524492031286,0.11159920231898338,NA,NA,1.3838236576800835,2.479860273553911,0.24038537199372986,NA
846820,NA,NA,0.03485905518145756,0.017298677041800856,NA,NA,1.3838236576800835,2.8255329614980202,0.21213397363161407,NA
846880,NA,NA,0.033721564021904224,0.039513599867673985,NA,NA,1.3838236576800835,2.1740827648148664,0.21288949548247155,NA
846890,NA,NA,0.06809742892391236,0.020840630450360404,NA,NA,1.3838236576800835,2.586752845435335,0.21288949548247155,NA
847010,0.010395854096165922,0.004817160609430304,0.041509308666471414,0.01923430290413135,2.67734681559908,2.922203346572966,0.660797695434449,1.6388078240197437,0.21511137961694554,0.045695058548219036
847021,0.03366186246018022,0.037913676875442094,0.1327765583413596,0.14954750455482205,2.611329060522432,2.922203346572966,0.660797695434449,1.5548885086732385,0.21511137961694554,0.13502819345506456
847029,0.009839614962130096,0.0035514193113565166,0.052666814532412946,0.01900907128154049,2.0303700867866272,2.922203346572966,0.660797695434449,1.6769494714509259,0.21511137961694554,0.04090724831583996
847030,0.015358169757098774,0.002275189702223582,0.05955452255703766,0.008822524987392135,2.653821670305756,2.922203346572966,0.660797695434449,1.5528596937223234,0.21511137961694554,0.012913389636515924
847050,0.03542367415583838,0.03233049307801729,0.14903522624601684,0.13602152982014834,2.3605935007232497,2.922203346572966,0.660797695434449,1.7836823800263681,0.2461330695389085,0.05457425497398608
847090,0.009387527184288454,0.006814472334489918,0.04021184350111132,0.029190061416363437,2.8276203048758695,2.922203346572966,0.660797695434449,1.9446793617377542,0.21511137961694554,0.05420005292136298
847130,0.07363242474916737,0.06631062334106178,0.2892367517306335,0.26047586190103184,1.4493313633885585,2.968183533832025,0.7276061480695536,1.387758171975095,0.371563556432483,0.07243537104730703
847141,0.05019185755671755,0.02286798468404731,0.180096689764249,0.08205411283140013,2.2107293087142965,2.968183533832025,0.7276061480695536,2.0461677670260743,0.3496737484797488,0.09527477732388974
847149,0.03970861260404806,0.020021856048467394,0.12163664747659661,0.061331567291936014,2.680948527673399,2.968183533832025,0.7276061480695536,2.144042046604357,0.3496737484797488,0.10503398504653493
847150,0.011638403241238968,0.006880650212608972,0.03713099950402321,0.021951930547179012,2.930005849889479,2.968183533832025,0.7276061480695536,2.146714650169127,0.3074846997479606,0.11218581441801988
847160,0.03940296626345456,0.02457694380023994,0.14796341016985337,0.09228971219887841,1.9654706416987,2.968183533832025,0.7276061480695536,1.6408869481216577,0.32090770656069945,0.09504158479169318
847170,0.0058255742836555114,0.006686275569482238,0.019994670974549503,0.022948789861293534,2.910603642097801,2.968183533832025,0.7276061480695536,2.3441171827385663,0.3074846997479606,0.0647037891413879
847180,0.01277839202241995,0.013146324864959017,0.03899671318556359,0.04011955958962374,2.7924570662053396,2.968183533832025,0.7276061480695536,1.8927589837833645,0.3074846997479606,0.0755291742051193
847190,0.01347923480312169,0.0063350547069284495,0.04833820173972024,0.022718289051894266,2.7818141032531565,2.968183533832025,0.7276061480695536,2.3398394298034413,0.3074846997479606,0.11099271016054015
847210,0.02593966440181109,0.013967214444934668,0.08591505419869688,0.04626096804697293,3.7842374123809113,4.154190416598066,0.3538313551685609,2.342334944461662,0.21511137961694554,0.0796352568550554
847230,0.034224481458930554,0.009745508025499488,0.1323387557455663,0.037683796838549194,4.101617625085316,4.154190416598066,0.3538313551685609,3.0142160494844115,0.21236006742206626,0.11016087408450746
847290,0.027413375650806912,0.033891535483988565,0.10153117315383971,0.12552439369403448,3.73519795920936,4.154190416598066,0.3538313551685609,2.740378185464049,0.2236656082302693,0.08864905219168344
847321,0.007039680537757385,0.0020354586814335467,0.04516167517538808,0.013058081728394712,2.2960811346166112,2.563104165472287,0.5727709518791764,2.5958311610363936,0.21511137961694554,0.05059019049157434
847329,0.010328868245567663,0.03859344476467846,0.04809517131949801,0.17970587809204666,2.217847607222822,2.563104165472287,0.5727709518791764,1.6487163015378339,0.21511137961694554,0.0861414486593926
847330,0.01913672026560221,0.018133097147400412,0.1577529053585752,0.1494795721758798,2.1948113334579773,2.563104165472287,0.5727709518791764,2.1125703666921543,0.14842000511827325,0.07218373024546972
847340,0.011236096464528373,0.028101290707924092,0.06819732782036134,0.1705603846169911,2.3784857502326138,2.563104165472287,0.5727709518791764,2.5214806508359624,0.21433997304745045,0.054542310164737866
847350,0.009494200016565152,0.015460611151395732,0.052682909428888404,0.08579026938374107,2.387037555632714,2.563104165472287,0.5727709518791764,2.2765017131947722,0.21511137961694554,0.07924950333310146
847410,NA,NA,0.018315868938534357,0.01010065823450667,NA,NA,0.5286173951353998,1.517869060612995,0.21511137961694554,NA
847420,NA,NA,0.008444986243265727,0.004638666645648273,NA,NA,0.5286173951353998,1.5202417080259942,0.21511137961694554,NA
847431,NA,NA,0.05535454585059503,0.030999439183493297,NA,NA,0.5286173951353998,1.7303570760955136,0.21511137961694554,NA
847432,NA,NA,0.0028095353442446494,0.0012043552877372475,NA,NA,0.5286173951353998,1.3953752357290303,0.21511137961694554,NA
847439,NA,NA,0.01884613621117507,0.006341650034386464,NA,NA,0.5286173951353998,1.6223509679583166,0.21511137961694554,NA
847480,NA,NA,0.008705119363266284,0.0063685745101781,NA,NA,0.5286173951353998,1.6071152738414771,0.21511137961694554,NA
847490,NA,NA,0.054415765281701826,0.02361517597146628,NA,NA,0.5286173951353998,1.8077097157853261,0.21511137961694554,NA
847510,6.495241604227647e-4,0.021388693766326506,0.003122971752007845,0.10283880187167689,2.123038098531842,2.135699771165983,0.21907197510452195,1.9767337806892078,0.21511137961694554,0.002273083371959096
847521,9.055279554087026e-5,3.72923738978129e-5,2.8594316178427465e-4,1.1776002318966607e-4,2.135376496300287,2.135699771165983,0.21907197510452195,1.231421222735623,0.21511137961694554,0.0033447326991459967
847529,0.010434305956103337,0.004592722631328265,0.049112225871070295,0.021617042109162418,1.9735490745201534,2.135699771165983,0.21907197510452195,1.7791207175498385,0.21511137961694554,0.023527935021920455
847590,0.004915017934175057,0.004576059205938007,0.04106204103164713,0.03823024318404869,2.1016635557205197,2.135699771165983,0.21907197510452195,3.557884714052703,0.21511137961694554,0.07105617110270415
847621,0.005328735463984188,0.004622282265892977,0.027696500566955443,0.024024657306259703,2.2809371230745543,2.362856748041095,0.7810310517247483,1.7691877186482796,0.21511137961694554,0.08361538255852759
847629,0.012567139282358634,0.006270427192432297,0.06866884393098542,0.0342626095393229,2.238582080772695,2.362856748041095,0.7810310517247483,1.8502044255738137,0.21511137961694554,0.10171341758650196
847681,0.016795653444252833,0.012034392989777458,0.11446534609658436,0.08201651476135619,1.5361620172164363,2.362856748041095,0.7810310517247483,1.4710163583501876,0.21511137961694554,0.008380402765595011
847689,0.07399436786597997,0.05084715653725076,0.4384566089204717,0.3012968753101747,1.7918652511748796,2.362856748041095,0.7810310517247483,1.83235321141001,0.2461330695389085,0.081956667993616
847690,0.018397903976590833,0.00660198953341782,0.08579604971426247,0.030787453991653863,2.230476888544307,2.362856748041095,0.7810310517247483,1.4564535622516679,0.21511137961694554,0.05305659431302411
847710,0.00659704236686961,0.0034147926751285206,0.027860872688478734,0.014421478397212457,2.205186411004296,2.277901322463936,0.25328561847490466,1.71862413736433,0.21173677086523873,0.05255609710805197
847720,0.004027265557514396,0.0022639160991848734,0.018641883301734278,0.010479482696931894,2.194402052531581,2.277901322463936,0.25328561847490466,1.8840639462116362,0.21041652266251623,0.008931219757049406
847730,0.0037555508825914173,0.001537489510303949,0.016670688612479855,0.006824833339375574,2.2408644957736277,2.277901322463936,0.25328561847490466,1.8397437583473006,0.21041652266251623,0.020162998174938253
847740,0.004827307388211103,0.002287343214150589,0.019370271074788496,0.009178296415798357,2.21698147765894,2.277901322463936,0.25328561847490466,1.6185712962807057,0.21041652266251623,0.008050024602212514
847751,0.01880859264898921,0.004841695603333868,0.07678228362828776,0.019765245172503297,2.0175078960724067,2.277901322463936,0.25328561847490466,1.4797193434203824,0.21041652266251623,0.09045678663042267
847759,0.007008117163467654,0.003781338644299346,0.02905295073349939,0.015675971559406324,2.2360126098081934,2.277901322463936,0.25328561847490466,1.6972010279430798,0.21041652266251623,0.08774873858679114
847780,0.014431654431093654,0.005813390175678508,0.06856696637077504,0.027620293333599118,2.049771011023206,2.277901322463936,0.25328561847490466,1.795912744251529,0.21041652266251623,0.033639183329621146
847790,0.01776209977581262,0.008252388004644605,0.08918221151963088,0.041434640152988846,2.161080879235481,2.277901322463936,0.25328561847490466,2.0298662076269816,0.21041652266251623,0.06546976314320722
847810,NA,NA,0.15109391629363705,0.008143074783228127,NA,NA,NA,NA,0.2461330695389085,NA
847890,NA,NA,0.030935292252981087,0.004434717105927962,NA,NA,NA,NA,0.2461330695389085,NA
847910,0.03807121509896861,0.024160436352872214,0.16470388191855867,0.10452300106050781,2.8396281691132295,3.000050049194031,0.2753966406234822,2.367206570486676,0.21511137961694554,0.02850453457889481
847920,0.01567884165720232,0.008007337754538645,0.08439474958933799,0.04310122389437565,2.0456501545581176,3.000050049194031,0.2753966406234822,2.0932277847603884,0.21511137961694554,0.026161210294025752
847930,0.0020976591666547226,0.001252871420347393,0.007888892732625443,0.004711808476805587,2.9347076557765917,3.000050049194031,0.2753966406234822,2.098759934908299,0.21511137961694554,0.0058905189746295775
847940,0.010495592579427159,0.006077386288524673,0.04024835463218644,0.023305477678010125,2.882167543270835,3.000050049194031,0.2753966406234822,2.102121153096379,0.21511137961694554,0.032719446810355136
847950,0.008254963501217323,0.0023768912272869405,0.03790453771698723,0.01091403531470345,2.947886525623893,3.000050049194031,0.2753966406234822,2.584859958348756,0.211309093667207,0.026291968010691922
847960,0.014481118062351195,0.005879384399586541,0.06844190404632068,0.027787651560835527,1.986664739128202,3.000050049194031,0.2753966406234822,1.7045004701943127,0.21086186795592987,0.037392944103984915
847971,2.9807317120044655e-4,2.1793989587037577e-4,7.71636026318274e-4,5.641912505857327e-4,2.992231375187758,3.000050049194031,0.2753966406234822,1.3908840664311577,0.21511137961694554,0
847979,0.008611867282177998,0.001402371095366276,0.03228296106249591,0.005257012211575729,2.9501462152315634,3.000050049194031,0.2753966406234822,2.446612272135143,0.2461330695389085,0.009426467482433953
847981,0.01720228636663201,0.004490483873767655,0.06919693695081906,0.018063164562502673,2.7826327267660624,3.000050049194031,0.2753966406234822,2.13240092856481,0.21511137961694554,0.017297314431798928
847982,0.01180982903891519,0.012035113684278667,0.05126564548086962,0.05224359043870352,2.908691440531819,3.000050049194031,0.2753966406234822,2.4406914902724677,0.21511137961694554,0.02941593583588605
847989,0.018278946289271517,0.026501430177026702,0.08513231197322023,0.12342768482728908,2.820038747124034,3.000050049194031,0.2753966406234822,2.5641928999448185,0.21620076241662065,0.07460997297033074
847990,0.02702155674188081,0.004007252547905959,0.12434298788091189,0.018439861173051797,2.7932307044650373,3.000050049194031,0.2753966406234822,2.688100756517818,0.23056151086202323,0.04950163532297543
848010,0.0027895224739665626,0.008093806507573595,0.012405395934764847,0.03599428765420668,2.7173578088662564,2.88109929002451,1.0666980753499788,1.4636054074290579,0.20938473660952822,0.028083884582851423
848020,0.00589412416849812,0.00822655368639726,0.02974816240469226,0.041520139056762315,2.3654610054058463,2.88109929002451,1.0666980753499788,1.44010557176044,0.2099731007507272,0.021978473631566905
848030,0.0070703961399111994,0.0031011604853083464,0.03522647116772539,0.01545075244165538,2.733585624011701,2.88109929002451,1.0666980753499788,1.8051147046283977,0.21086186795592987,0.020562618071280615
848041,0.009740284439600313,0.009467848945633276,0.04711087755853492,0.045793187579513464,2.6331258076048814,2.88109929002451,1.0666980753499788,1.6130934138288768,0.21041652266251623,0.034536581708850884
848049,0.008566088973799141,0.0055145989559429644,0.046657438412961084,0.030036701923838952,2.502017675762996,2.88109929002451,1.0666980753499788,1.8008355758585557,0.21041652266251623,0.023947308577249162
848050,0.016584500319313543,0.012891980055228677,0.09266884734443795,0.07203623315164039,2.358322181507677,2.88109929002451,1.0666980753499788,1.7679417961640358,0.21511137961694554,0.04327841797281519
848060,0.025762470173529242,0.008096610495688866,0.11065880516676443,0.03477776926353158,2.66150181908399,2.88109929002451,1.0666980753499788,1.7471147824534519,0.2461330695389085,0.02836726965428976
848071,0.01550055182754883,0.007504673051106675,0.08042892647859161,0.03894008444270822,2.55507797264782,2.88109929002451,1.0666980753499788,1.747515221371122,0.21226957007117545,0.0473213041028764
848079,0.011912334520718753,0.005355041069114983,0.06249702501540412,0.028094756327813594,2.472656414964532,2.88109929002451,1.0666980753499788,1.6779206798303434,0.2115708297196051,0.035284172672436116
848110,0.020703648658201353,0.02231082034777559,0.14125466509020168,0.1522199061692582,2.6445536346124734,2.86092524900729,1.6310307602538672,2.1951406612145203,0.21205871888971664,0.052451558576847565
848120,0.01669774070553899,0.01941257473397468,0.11587269969404611,0.13471208363487797,2.7948419953719528,2.86092524900729,1.6310307602538672,2.4817618128892374,0.21205871888971664,0.0630006809766737
848130,0.02445884760010331,0.022577306162950183,0.18339655971210625,0.1692884450465487,2.442455755153654,2.86092524900729,1.6310307602538672,2.2036297302062247,0.20938473660952822,0.05171164962455982
848140,0.013494453113255948,0.015548639023191226,0.09227166318258502,0.10631766777463232,2.7377342700112886,2.86092524900729,1.6310307602538672,2.338694819771605,0.21205871888971664,0.04872132691770146
848180,0.020764184895292696,0.019286914642535048,0.15422557900863462,0.1432531829703278,2.4444428187010474,2.86092524900729,1.6310307602538672,2.16813629790216,0.20925073222669127,0.0590623603653873
848190,0.03470387594751213,0.03335535840632177,0.26247044952837134,0.25227141568649,2.2448199078234916,2.86092524900729,1.6310307602538672,2.1627909142885198,0.22345649138873974,0.07898777280555823
848210,0.03670143143058151,0.02729892228951821,0.08792338744516874,0.06539836806737957,2.600962693375199,3.040833633824203,0.37925095306168544,1.956483700987336,0.3748590258504821,0.08598483598503084
848220,0.05930938712720437,0.07262960662105418,0.08457236707453365,0.10356636696414816,2.818865729793627,3.040833633824203,0.37925095306168544,2.183651980895805,0.6376064748958704,0.1490440976343646
848230,0.023046342785859056,0.0188835704348301,0.1041349616803532,0.08532546364908994,2.705099200532138,3.040833633824203,0.37925095306168544,2.144699360000486,0.20649191914812232,0.06224064071205635
848240,0.10092320575731602,0.1571524108098491,0.11179318243450659,0.1740785778637875,2.6992475717393214,3.040833633824203,0.37925095306168544,2.009635297389097,0.7989663142815261,0.17020096987504935
848250,0.1037199025508679,0.05012041428789954,0.12131801592841503,0.05862432444858941,2.856291793969707,3.040833633824203,0.37925095306168544,2.290029710145533,0.7989663142815261,0.13382469028712
848280,0.009964948533398705,0.0030004782580140056,0.044318560530667954,0.013344462026377667,2.5851190847290364,3.040833633824203,0.37925095306168544,1.9948227667169613,0.20649191914812232,0.03591786467683184
848291,0.014608029235465215,0.010578484974510352,0.05998627852064786,0.0434393945808158,2.632516606525303,3.040833633824203,0.37925095306168544,1.8747544819364337,0.2085083968363658,0.03632434526348751
848299,0.013435019694140266,0.010695468325229733,0.05535362949145512,0.04406640290751327,2.821899274233827,3.040833633824203,0.37925095306168544,2.011855174119201,0.205659866424807,0.054233068044918536
848310,0.059825184525407166,0.05554899129629621,0.12657440469228448,0.11752710100876586,2.9112782565579347,3.146400199554543,1.1049218461634138,2.33337145290359,0.5582096723312926,0.13889619242578352
848320,0.022726659507657704,0.009080212069354,0.14579864820991276,0.058252408134379284,2.443885601785949,3.146400199554543,1.1049218461634138,2.1618548747660835,0.2083630410853069,0.056282033077358115
848330,0.022966405685438687,0.01841450285892627,0.14204315096327677,0.11389043829189824,2.7897966024191154,3.146400199554543,1.1049218461634138,2.490256953549906,0.2083630410853069,0.07939387663390651
848340,0.02212564557197046,0.00879433491314412,0.12047574994511548,0.04788579345552597,2.925199871881065,3.146400199554543,1.1049218461634138,2.2735327784996846,0.2121088832631829,0.11041931201728081
848350,0.022721762086725276,0.01160488518971289,0.1441220175684431,0.07360870432529971,2.666316117000143,3.146400199554543,1.1049218461634138,2.4430685542110004,0.20978888426083353,0.06469061833825004
848360,0.012047151179921983,0.0031223175453852655,0.06252614136604245,0.01620519783613258,3.0085653825978236,3.146400199554543,1.1049218461634138,2.18764629308388,0.21086186795592987,0.03913361360591188
848390,0.025794369541307448,0.02541596077783822,0.15348066651164033,0.15122907322737358,2.77662778044803,3.146400199554543,1.1049218461634138,2.367228761922602,0.21016100243247643,0.08319610529042906
848410,0.019986583306947036,0.005208336761752395,0.10593049768060701,0.027604603387556596,2.965835541957897,3.209221251002171,1.062601481538088,2.2590013895070618,0.211309093667207,0.06464508503693228
848420,0.010387802087329737,0.010944362816500448,0.05339518570109877,0.05625600873547834,3.0847462882528167,3.209221251002171,1.062601481538088,2.255111490001742,0.20923817618406088,0.04623224942397621
848490,0.010401289820716829,0.0022161299156859015,0.05288753957079763,0.011268377348395918,3.1105530302260465,3.209221251002171,1.062601481538088,2.2795179285134073,0.211309093667207,0.03620053818804009
848610,NA,NA,0.0063471756617846575,0.0015485604348252733,NA,NA,NA,NA,0.14842000511827325,NA
848620,NA,NA,0.09648234078056574,0.019423099648831727,NA,NA,NA,NA,0.14842000511827325,NA
848630,NA,NA,0.011956418921907542,0.002624639553082446,NA,NA,NA,NA,0.14842000511827325,NA
848640,NA,NA,0.11780875351299312,0.014178432295671157,NA,NA,NA,NA,0.14842000511827325,NA
848690,NA,NA,0.18275184935229405,0.049820458772347156,NA,NA,NA,NA,0.14842000511827325,NA
848710,0.005631238158271583,0.0044276602155564945,0.03806163626705706,0.029926632101519295,2.195098091072926,2.276279191765294,0.28439466373208544,2.907149638348952,0.21511137961694554,0.039010321567338954
848790,0.005437004218314691,0.003400493006986023,0.03626183260714699,0.02267942110210886,2.2176160653892056,2.276279191765294,0.28439466373208544,2.810296848895736,0.20923817618406088,0.022069456460759893
850110,0.014965813527762658,0.007355847642480601,0.08772731709870404,0.043118857352094905,2.5939023808540607,2.914653453570425,1.4597063042076943,1.7207832661655347,0.20917309854547977,0.04089836538577133
850120,0.010997686902457294,0.024453036787444257,0.060357982005648125,0.13420421653122647,2.647942941427223,2.914653453570425,1.4597063042076943,1.5949579965862515,0.21019457697340668,0.023766921527619084
850131,0.01743419356869312,0.021788183857683566,0.10409220740727294,0.1300880447498555,2.6118554565473358,2.914653453570425,1.4597063042076943,1.7622158153772602,0.20660914702558897,0.06683518890466483
850132,0.09382222801924527,0.12726231800677806,0.14417528545834207,0.19556219687038223,2.6428432249891256,2.914653453570425,1.4597063042076943,1.8696763456068142,0.8197987141109182,0.1911817104539912
850133,0.07963011033142559,0.031528487666137035,0.11442075279865589,0.045303381828153154,2.8386761141616548,2.914653453570425,1.4597063042076943,1.8690891548040545,0.8161007624671466,0.1566181923703376
850134,0.0302584769208652,0.008382789855499288,0.04131384080364062,0.011445561073222995,2.7648960948066152,2.914653453570425,1.4597063042076943,1.6114925715273896,0.81354319571215,0.0818999169750105
850140,0.08254962676332524,0.032519443391455245,0.11973725725621975,0.04716906801233009,2.5646163330089373,2.914653453570425,1.4597063042076943,1.5476563024121026,0.808442618062434,0.20671014748183986
850151,0.05714263118847229,0.019179936384965585,0.08831578712168174,0.029643212843928984,2.74106756849678,2.914653453570425,1.4597063042076943,1.9812509961111182,0.812234499688155,0.18635457861346805
850152,0.0716607795111632,0.03760582995862935,0.11192084989140991,0.058733333331742354,2.6955086027660218,2.914653453570425,1.4597063042076943,1.9868222554916843,0.8186753007804854,0.12463464552724451
850153,0.019267583221765923,0.014196678634851474,0.11447500418868098,0.08434710401842654,2.6579279490239776,2.914653453570425,1.4597063042076943,1.8899946582762082,0.2121189211043458,0.05322475021943203
850161,0.02562997958019152,0.012319541681577357,0.1699382615172229,0.0816840875548047,2.528995734309581,2.914653453570425,1.4597063042076943,1.7349766172170062,0.19051832399813307,0.09605468815394413
850162,0.02980565717474616,0.029917134993818695,0.17109688181404661,0.17173681090948362,2.7214040662971404,2.914653453570425,1.4597063042076943,1.841362751386084,0.211309093667207,0.07614496279183815
850163,0.006863614384174601,0.00440249924030999,0.03601585415175495,0.023101497500763877,2.823781816459176,2.914653453570425,1.4597063042076943,1.6713448842545495,0.211309093667207,0.07268456023606364
850164,0.008646825581841724,0.00855754793425344,0.04557508755688221,0.045104529134349314,2.7866333345287218,2.914653453570425,1.4597063042076943,1.645287741059983,0.21140250577815492,0.06790272351339076
850211,0.0018619556365350295,0.0010854299761062472,0.012117402177758137,0.0070638587183257835,3.1523910808699105,3.275599831287327,2.731840695066532,1.6032528225230762,0.211309093667207,0.015125748593385642
850212,0.00130172144328735,0.0011539087854201876,0.00857195926952621,0.00759859888640311,3.181110880357582,3.275599831287327,2.731840695066532,1.6946446843092398,0.211309093667207,0.011918264871733157
850213,3.1434610362961207e-4,3.8485442589023384e-4,0.0020527539123294906,0.00251318982262415,3.2533545680207445,3.275599831287327,2.731840695066532,1.773382775158904,0.21205871888971664,0.001636643613547228
850220,0.021215623434050486,0.01113779631659665,0.18943869884320144,0.09945169175704224,2.3554344629052872,3.275599831287327,2.731840695066532,1.7282127427571632,0.21205871888971664,0.06985959993786171
850231,0.007721074765535514,0.00594174722832584,0.056081446193029724,0.04315743437239306,2.6955347206856346,3.275599831287327,2.731840695066532,1.40534071036527,0.211309093667207,0.026568682067440393
850239,0.001631095569776337,0.001905675669009678,0.01027300062533437,0.01200236681539476,3.18567853645494,3.275599831287327,2.731840695066532,1.507887772171583,0.211309093667207,0.004945639276254918
850240,0.019236094281410474,3.390845251081392e-5,0.15642843101993312,2.757444389169215e-4,2.7846251419435872,3.275599831287327,2.731840695066532,2.0363239232135655,0.21056476910734967,0.007814443852502772
850300,0.032062305261104956,0.024076874156495367,0.07759157829535003,0.05826663588308117,8.622409210746794,9.85559082919564,1.7455077178146292,2.64710550052778,0.2105108537775018,0.11302303980864364
850410,0.06509653796387681,0.039928970132403804,0.24312184222879626,0.14912628352487062,3.068521547178821,4.406063618927159,0.5134799392266672,2.239187484766063,0.24019196781599297,0.10337129659534175
850421,0.022858567637824106,0.028572790607698514,0.05659621599563027,0.07074423272941142,4.351140773825459,4.406063618927159,0.5134799392266672,1.8039408690675802,0.21511137961694554,0.01256061644983121
850422,0.035191936105854076,0.03477261570830424,0.09787880754949034,0.09671255797544293,4.224280350926721,4.406063618927159,0.5134799392266672,2.013848171966221,0.21511137961694554,0.00606455248338311
850423,0.010408445495247968,0.011310798285376834,0.02292240016861106,0.02490964137173212,4.342871654499437,4.406063618927159,0.5134799392266672,1.5204764625854772,0.21266226107523473,0.023766560842384862
850431,0.021071490872902273,0.017228518808677193,0.06552051825975995,0.053571030545551235,3.479184335714569,4.406063618927159,0.5134799392266672,1.7532970353117796,0.20953148625668272,0.06142924268180647
850432,0.029875210624259112,0.02632729487491588,0.0885502540299962,0.0780342163413361,4.054168450943754,4.406063618927159,0.5134799392266672,2.027527808601015,0.2114586055517202,0.12059387927495333
850433,0.020994247897715118,0.013164459137958304,0.06021235674300663,0.03775620416627297,4.341766698091615,4.406063618927159,0.5134799392266672,2.134667829185418,0.21266226107523473,0.05330116104540383
850434,0.011224889306338682,0.011122992033558238,0.028468307021241816,0.02820987749316595,4.254902260783243,4.406063618927159,0.5134799392266672,1.7813979913112656,0.21266226107523473,0.03485322367475755
850440,0.028651525752927533,0.014829506294693925,0.08541354881840112,0.04420849244739452,3.7873660941919143,4.406063618927159,0.5134799392266672,1.9152525651042054,0.21511137961694554,0.11056835232138315
850450,0.010977858664726841,0.011176758589387223,0.029720192454271824,0.03025867124331295,3.884128421664008,4.406063618927159,0.5134799392266672,1.7485114560970494,0.21511137961694554,0.045132433754315984
850490,0.029327754700003136,0.0224933429674429,0.09041688749070194,0.06934653133800382,3.8517362763272365,4.406063618927159,0.5134799392266672,2.0409304220950197,0.21511137961694554,0.07726485936671265
850511,0.02048058038993083,0.02862632528038556,0.12698642037227162,0.17749275199035042,1.481860361072829,3.126298206901067,0.9068894060221544,1.4600060315609495,0.2576064721970462,0.02193232030876658
850519,0.01247860982956783,0.010133613628108397,0.07062696079101914,0.05735465265432824,2.1717583228520185,3.126298206901067,0.9068894060221544,1.6471482760064844,0.20778370867117213,0.031120864491996827
850520,0.02466452388857558,0.010418054569966789,0.12252407330810225,0.05175297474319656,2.7565484937532583,3.126298206901067,0.9068894060221544,1.974448324480294,0.21041652266251623,0.05249586362806837
850590,0.02346303510428147,0.0186667382272175,0.11497627733448043,0.09147290884592627,2.8101837617076297,3.126298206901067,0.9068894060221544,2.0484500630139384,0.21460933125905018,0.08144465224796753
850610,0.018596986843621485,0.0126442754616064,0.1585563737380064,0.10780404818237521,1.5289533222192078,1.982694117838355,1.0877831334870025,1.662895706767381,0.2110107294407995,0.032721254998288624
850630,0.013587154566056596,0,0.11837913555014386,0,1.2867512313966478,1.982694117838355,1.0877831334870025,1.2778412046653234,0.2110107294407995,0.06628685862118004
850640,0.0024876274449222835,1.4945111947766449e-4,0.02102135927431768,0.0012629164720391287,1.979835051102454,1.982694117838355,1.0877831334870025,2.44249565094258,0.2110107294407995,0.03338592655740588
850650,0.00881655423968446,0.0037171992479541264,0.06676393198676735,0.028148733737110666,1.8555687958913318,1.982694117838355,1.0877831334870025,1.8772163483651818,0.2110107294407995,0.03354597350469568
850660,0.003848345382979841,8.824560698177424e-4,0.02431139868948489,0.005574796231694526,1.9556841638680642,1.982694117838355,1.0877831334870025,1.519205640290454,0.2110107294407995,0.03432410307389467
850680,3.555026933018647e-5,3.420394588704617e-6,2.3023107449688908e-4,2.2151199869873902e-5,1.981112810419544,1.982694117838355,1.0877831334870025,1.6195069351569231,0.2110107294407995,6.3575530900733e-4
850690,0.003624237788403259,0.0016730680013873418,0.023920564011104574,0.011042523299705663,1.8667151459488556,1.982694117838355,1.0877831334870025,1.512001193285575,0.2110107294407995,0.01352481720314983
850710,0.07667534298344014,0.07449813506404764,0.12307538436832782,0.119580640281081,2.4601256613916727,2.559115861792677,0.785423823730533,2.4082881575384,0.8087661816128797,0.0917942978051439
850720,0.009124085811041788,0.007758622841265242,0.05673003582628584,0.04824011532365902,2.407331201037537,2.559115861792677,0.785423823730533,2.104932546378121,0.19310425859456365,0.05659877319541622
850730,0.015444778166716088,0.004635025753871821,0.0780960124148126,0.023436855156483898,2.397534243595106,2.559115861792677,0.785423823730533,2.006661173872891,0.23031203452766288,0.06579017529993884
850750,0.01855501165154799,0.04229615377311617,0.08940789367912767,0.2038053163532946,2.4074330696331407,2.559115861792677,0.785423823730533,1.6503250803830072,0.2099731007507272,0.04873978218458614
850760,0.10745532268899652,0.1998210770260264,0.18383148000839913,0.3418481598429769,1.6373103392344164,2.559115861792677,0.785423823730533,1.5434592650117005,0.8314281642920215,0.12372943710428849
850780,0.005699246327756384,0.005090365334486693,0.029336365439715847,0.02620220448217593,2.123782743013138,2.559115861792677,0.785423823730533,1.5099986434512318,0.2099731007507272,0.0025564445839896133
850790,0.1082095095993821,0.08055346597359103,0.15096023633535238,0.11237801840176262,2.1890600318766853,2.559115861792677,0.785423823730533,1.6366931637554352,0.7931225643347166,0.09284849890902572
850811,NA,NA,0.14612779321171052,0.12413324412828275,NA,NA,NA,NA,0.21511137961694554,NA
850819,NA,NA,0.15802968339967924,0.09080275811404136,NA,NA,NA,NA,0.21511137961694554,NA
850860,NA,NA,0.01971781830462524,0.016192821466125013,NA,NA,NA,NA,0.21511137961694554,NA
850870,NA,NA,0.19133531259005301,0.1169334493355014,NA,NA,NA,NA,0.21511137961694554,NA
850940,0.03735288291144709,0.02542971752957417,0.24968816166436605,0.1699868638427805,1.2850394043185247,2.541956182437676,0.7004369781259033,1.4729826501935457,0.2530191045892654,0.029011231932583828
850980,0.042004734161807965,0.025421849730986833,0.2859028944094266,0.1730324108547531,1.2422846507081329,2.541956182437676,0.7004369781259033,1.5175361011294368,0.26230999536540966,0.04571766539565022
850990,0.024578295552702724,0.021819523804629634,0.15083138594730663,0.13390143385270825,1.8096646270810317,2.541956182437676,0.7004369781259033,1.6248851749177897,0.20938476179844479,0.08618610632542983
851010,0.027002080577478417,0.011562924907436989,0.18472407516357686,0.07910318627423527,1.664557231804119,2.124087429070145,0.9099019368226638,1.8929165396776506,0.2461330695389085,0.04112647906634506
851020,0.016795086496633204,0.006018794923964606,0.14027754661278252,0.05027076137229036,1.5152904923075887,2.124087429070145,0.9099019368226638,1.7363964494462674,0.2090917978585593,0.03504333776153831
851030,0.022721192801663927,0.010477692932742602,0.1755327815464215,0.08094551200405745,1.3337393304739376,2.124087429070145,0.9099019368226638,1.69716018993713,0.2530191045892654,0.031155477375360542
851090,0.020323886494112257,0.030406643738746585,0.17179426508050372,0.2570220521638885,1.7282488185528189,2.124087429070145,0.9099019368226638,2.1783348503598003,0.2113987535036943,0.043611220130913175
851110,0.032845479686571186,0.005939845442009097,0.05563204283031015,0.010060615317193091,2.9069580801872217,2.96180011046948,1.887843105129641,2.1156178606740794,0.8131064956389243,0.1363054193974312
851120,0.0634611299829203,0.05972060669910347,0.1210914986164917,0.11395412854178355,2.4187629607111893,2.96180011046948,1.887843105129641,1.8648806223906826,0.8131064956389243,0.18803924219041573
851130,0.1409706720611454,0.09766849945304279,0.29100010851045177,0.20161316906087198,2.3237027975733344,2.96180011046948,1.887843105129641,2.012406415052086,0.8131064956389243,0.21736843103051076
851140,0.11977955473545596,0.09889730677538043,0.2179555427209596,0.17995739105455796,2.7180093727005477,2.96180011046948,1.887843105129641,2.133615512715253,0.8131064956389243,0.20816784984622663
851150,0.10584883182366563,0.08654245238663098,0.18915883092436495,0.1546570598535654,2.7773559065293982,2.96180011046948,1.887843105129641,2.1478628782260136,0.8131064956389243,0.2089113363911779
851180,0.04423396394875634,0.056556487478032484,0.09856165230052193,0.12601856936462472,2.7631065514173905,2.96180011046948,1.887843105129641,2.131718030046289,0.6528732729865331,0.19141164908599892
851190,0.030534614255251315,0.010660371105952818,0.08180611246531873,0.028560489100189965,2.6311733939168054,2.96180011046948,1.887843105129641,2.048499737108302,0.5584060706647723,0.058353213862573826
851210,0.012986661415839422,0.005234669948625513,0.09536008612505736,0.03843779098824784,1.6660807936874285,3.033296629440809,0.8868905555947579,2.0911287789602016,0.2434234079934371,0.025736868900839836
851220,0.08293473377681451,0.0342745580352136,0.14431646315235433,0.05964187459820315,2.869757514552101,3.033296629440809,0.8868905555947579,3.2009801652429912,0.8186014867129803,0.18128246162244566
851230,0.03778449672863226,0.02275237091821207,0.05885015662026203,0.03543730122001136,2.8272885856744634,3.033296629440809,0.8868905555947579,2.693674355622258,0.8131064956389243,0.10738496920817651
851240,0.02264687272883367,0.012869834661973466,0.034577398314756244,0.019649750527609866,2.919714336748565,3.033296629440809,0.8868905555947579,2.7378077624588304,0.8131064956389243,0.14515532634678316
851290,0.03552043127441526,0.053415369041680275,0.08517469289189836,0.12808509048451663,2.8971719300331733,3.033296629440809,0.8868905555947579,3.400982077082328,0.6172132797187588,0.1586304306337158
851310,0.03604868849207785,0.014536990727426567,0.2830144926025216,0.11412839764182635,1.0857690094174972,2.255410252701552,0.805479524080832,1.284007849082957,0.24512245803298482,0.031751089439758046
851390,0.021918650403172004,0.0031958745309794223,0.19706655604937154,0.0287335203491759,1.2538843986844317,2.255410252701552,0.805479524080832,1.4875510981911249,0.20340107258500845,0.08082615888974642
851410,NA,NA,0.038653911861033556,0.02162782674452054,NA,NA,0.21894104808482037,1.9438969496774012,0.21511137961694554,NA
851420,NA,NA,0.0509250357633633,0.011829603778753622,NA,NA,0.21894104808482037,1.54371486254665,0.21096108501486227,NA
851430,NA,NA,0.01923492053545351,0.00280068761416478,NA,NA,0.21894104808482037,1.3349417740277145,0.21410964574735747,NA
851440,NA,NA,0.022340289182777487,0.016725442705735123,NA,NA,0.21894104808482037,1.9534855762881294,0.21511137961694554,NA
851490,NA,NA,0.08505019219492516,0.049851107870508796,NA,NA,0.21894104808482037,1.6935209361964763,0.21205871888971664,NA
851511,0.009751434025912087,0.011943395648781522,0.045787936731109494,0.05608031012339917,2.0003518769779753,2.214785645939963,0.24054438510481127,1.7442118389311412,0.211309093667207,0.039412197057057057
851519,0.007302150548987216,0.0022020713229255,0.03201634980180085,0.009655003041956675,2.1411454460466226,2.214785645939963,0.24054438510481127,1.7788939157040424,0.21511137961694554,0.029639713773030797
851521,0.010093487786566066,0.007158827133770537,0.046715059446652364,0.03313275274058407,2.1793059130939216,2.214785645939963,0.24054438510481127,1.9291433142585832,0.21511137961694554,0.07269001778059996
851529,0.006553466489859198,0.010810052385978616,0.0289818173013179,0.04780599149364676,2.094247277271352,2.214785645939963,0.24054438510481127,1.7517149772699983,0.21511137961694554,0.054898923868174375
851531,0.010246522368874987,0.003275787476715353,0.052162667213535005,0.01667627375012792,2.1210500609891287,2.214785645939963,0.24054438510481127,2.0557345580231696,0.21266226107523473,0.009139192947737166
851539,0.01807568773058177,0.008653930968459865,0.09259220795604584,0.04432952083550468,1.694590418224553,2.214785645939963,0.24054438510481127,1.6054687375071073,0.21266226107523473,0.04388948171107801
851580,0.007482413847883859,0.005478356368172322,0.0354123035769354,0.02592762479546919,2.1604509776175154,2.214785645939963,0.24054438510481127,1.9589368209716838,0.21511137961694554,0.028605124903230746
851590,0.019564144394610523,0.014436506941541017,0.1070317878967968,0.07897943900696781,2.092218037191128,2.214785645939963,0.24054438510481127,2.207552565271247,0.213879790700948,0.045378775315659724
851610,0.023003167345158282,0.014951996697522927,0.11488019338453812,0.07467181568184995,2.641928706068297,2.987090313796021,1.1844043770427506,2.0630912929895913,0.2461330695389085,0.04686477365360219
851621,0.006270144866700587,0.0019328413882571944,0.03517746777515226,0.010843842860950728,2.499991130502079,2.987090313796021,1.1844043770427506,1.8326897009079517,0.21511137961694554,0.013559014968479784
851629,0.030421326485034622,0.018882056049549057,0.24747353645864284,0.1536030714666878,1.732096294025665,2.987090313796021,1.1844043770427506,1.7679738632313005,0.20953151146147192,0.06019536899301259
851631,0.02580185629780073,0.0167879733984401,0.19411139463635396,0.12629854580528704,1.4988759220888617,2.987090313796021,1.1844043770427506,1.6759854740396416,0.25366436856600094,0.03002586761439709
851632,0.03309313917818332,0.017577170423339065,0.22464473272504756,0.11931834966012367,1.7521703468044805,2.987090313796021,1.1844043770427506,1.832725934544639,0.25366436856600094,0.02582864395349114
851633,0.013411618032432354,0.011032098284431077,0.087079314959585,0.07162950501959998,1.8566435172472082,2.987090313796021,1.1844043770427506,1.7826965628469642,0.2461330695389085,0.025562348381889078
851640,0.015640321599858717,0.008464424526426536,0.14199756643417516,0.07684801596593581,1.1518698062187613,2.987090313796021,1.1844043770427506,1.5259644647851647,0.259173013907234,0.01941986411592234
851650,0.046606302547511504,0.038855387892700724,0.37915310812538205,0.316097615165171,1.2288500191692129,2.987090313796021,1.1844043770427506,1.3931082366278515,0.25782910930209985,0.0525326822946283
851660,0.03849966130929174,0.02512783841221031,0.18675144251037173,0.12188834683372265,2.1548434341007034,2.987090313796021,1.1844043770427506,1.966568207186677,0.30145455296180734,0.07174090344819828
851671,0.0344686121359478,0.021337558053546625,0.21138103703496428,0.13085398191732026,2.24021348002077,2.987090313796021,1.1844043770427506,2.0969363868303867,0.23884695032481262,0.054126014176670303
851672,0.021586679019840044,0.014717306651283645,0.201678275578422,0.13749966003856948,1.0201163866810252,2.987090313796021,1.1844043770427506,1.2047522448938885,0.25068111149483246,0.02239592075481956
851679,0.03272882597215542,0.026302433443648108,0.26720497621503814,0.2147385643679037,1.2174664283697996,2.987090313796021,1.1844043770427506,1.3629176163337748,0.2562788319394443,0.03638856335185761
851680,0.015571786192793159,0.02579402964095955,0.08627207021304205,0.14290617073152803,2.8032084061459477,2.987090313796021,1.1844043770427506,2.156396261986037,0.21511137961694554,0.0477057648369607
851690,0.014668425918805277,0.00807441766635301,0.08315138882148373,0.04577171719708702,2.4637307956178542,2.987090313796021,1.1844043770427506,1.7881267668696688,0.2128370182206855,0.041114127512013696
851711,0.019230386323866436,0.021088492814830495,0.07635989688252293,0.08373805443262225,2.9719080823141653,3.99546174450078,0.31400627247565494,2.590569196774316,0.2461330695389085,0.07186341401034808
851712,0.027610893865574648,0.012107754038812764,0.1853185495506196,0.08126471485177103,1.8041733165023413,3.99546174450078,0.31400627247565494,1.8828143607046055,0.18141697358057124,0.05718217349673778
851718,0.019116046014677614,0.021148745421289895,0.060840931099024824,0.06731043449150304,3.475641675284591,3.99546174450078,0.31400627247565494,2.588261383576181,0.26236426446749106,0.026400439813948195
851761,0.005333511651709295,0.0020636813402261987,0.011773884829937678,0.004555637638426789,3.773734778019281,3.99546174450078,0.31400627247565494,1.7364375598458646,0.2461330695389085,0.011465643436558865
851762,0.020188041333401255,0.01976739440972799,0.11510188150686777,0.11270356799218509,3.5156030618089464,3.99546174450078,0.31400627247565494,2.79583057264917,0.1551491973320916,0.11140597038628644
851769,0.009071264285994217,0.00369321165126639,0.03438544229772172,0.013999450586393703,3.8639239365279874,3.99546174450078,0.31400627247565494,2.8366334856874365,0.21511137961694554,0.09866882677916163
851770,0.012504642482978497,0.029976185175701612,0.03591466824155322,0.08609480416558507,3.088930292983973,3.99546174450078,0.31400627247565494,1.869621731278585,0.2461330695389085,0.015142439550792608
851810,0.029624865854142257,0.016360606950529634,0.13002456026600148,0.07180726943713936,2.3055406352568415,3.085512851827644,0.541270365980822,1.8350942987071708,0.234839584716252,0.04983758736028474
851821,0.03610342362326813,0.01946289559127464,0.15663940192325057,0.08444230544238791,2.022476995337761,3.085512851827644,0.541270365980822,1.6184930841315823,0.2461330695389085,0.072157008594203
851822,0.04662541325861821,0.02720909213037754,0.18821767768718425,0.10983778533715617,2.260788295318647,3.085512851827644,0.541270365980822,1.7050287197401848,0.2461330695389085,0.05381880050664883
851829,0.03610296750840231,0.02410250047269162,0.13170737678913882,0.08792842612115999,2.377912413809412,3.085512851827644,0.541270365980822,1.66204487940792,0.2539882266653081,0.048949332600686846
851830,0.04378819293281101,0.018506233777264278,0.2693162425533183,0.11382130686127323,1.3242448294286653,3.085512851827644,0.541270365980822,1.5273814342128498,0.2539882266653081,0.03461125308569691
851840,0.03897534016258357,0.013434731462417535,0.16755927337705137,0.0577573879398638,2.781456505245714,3.085512851827644,0.541270365980822,2.0309857757195497,0.21511137961694554,0.0973571456937396
851850,0.011954691953048107,0.0036531093961506686,0.04982468906372097,0.01522540609944833,2.7250768870970417,3.085512851827644,0.541270365980822,1.9018696286888113,0.21511137961694554,0.06724602791533607
851890,0.015188340239130746,0.030243771651199944,0.06304044618171702,0.12552924342566124,2.3944500341049904,3.085512851827644,0.541270365980822,1.5965840413823673,0.21511137961694554,0.028858911951821546
851920,0.017411462015804208,0.0029940692301924114,0.06177774547568865,0.010623280610871465,5.071477789722669,5.1037517299008295,0.5195742269327803,3.9093812148350757,0.2461330695389085,0.011269851108736129
851930,0.05864410463723562,0.04338427204772047,0.31397515283210464,0.23227540996582494,2.1349204109907536,5.1037517299008295,0.5195742269327803,2.3361581606583197,0.24984168322597577,0.06361159205544929
851981,0.10409344194739865,0.05692290334042447,0.4092650496272879,0.22380425149473426,1.8941687495251345,5.1037517299008295,0.5195742269327803,2.0637258646989745,0.3468765194574113,0.07084077164931939
851989,0.02153379444420626,0.009600417151656064,0.0971233496252803,0.04330052810640169,3.2898414396656888,5.1037517299008295,0.5195742269327803,3.209452349131012,0.2513144282809061,0.021965127011097867
852110,0.009242283539618795,0.0029569879712502147,0.024058691529339475,0.0076973684210526324,4.765964945656429,5.02946115009868,0.2773555357221664,2.776254171292651,0.2461330695389085,0.09444393694316976
852190,0.03875817065631579,0.04847619080851679,0.12146872351764017,0.15192515329792966,3.473136853293572,5.02946115009868,0.2773555357221664,2.401769983575976,0.2461330695389085,0.07741618550912156
852210,0.004165927122474301,0.0032837317041402993,0.0121290527875422,0.009560550150956052,4.965774198954988,4.999997342552935,0.2272258940745256,2.7978976206506347,0.20923817618406088,0.0286868645044058
852290,0.014172664700092605,0.009548882396683066,0.06976082438851343,0.04700159935182986,2.900488609025664,4.999997342552935,0.2272258940745256,2.8438789385213963,0.21511137961694554,0.016809433445472585
852321,0.04203414731951242,0.07475471420558205,0.15099710350031276,0.2685375114721729,3.0804154148490777,4.867612767462957,0.19858232500648268,2.181757968012653,0.21511137961694554,0.10207653124842596
852329,7.997145012556327e-4,0.0013808491647984982,0.0012165809115511582,0.0021006430832347994,4.8505216472432755,4.867612767462957,0.19858232500648268,1.6270298219673076,0.24740817331384085,0.008293598248885899
852341,0.022785934376500373,0.00740261455229549,0.0497750324778875,0.016170738213913096,4.6600360408658785,4.867612767462957,0.19858232500648268,2.3069727483162508,0.2461330695389085,0.045626768351218455
852349,0.011060342112931899,0.10170083890816306,0.02867045268925243,0.2636273869833166,4.8111302765395765,4.867612767462957,0.19858232500648268,2.7849323782320643,0.239229689065834,0.039938658938840355
852351,0.0177108728041734,0.017080244843439035,0.054679849995763356,0.05273287410827553,4.704135500853976,4.867612767462957,0.19858232500648268,2.279473887652808,0.1706255170307633,0.025777441752417907
852352,0.02048832925426987,0.010224627374900186,0.0554146845861387,0.02765449998187685,4.337652063735133,4.867612767462957,0.19858232500648268,2.325110072758711,0.21511137961694554,0.10712094244773769
852359,0.01230632734424147,0.015643697061029554,0.03079672915737863,0.03914853619053497,4.6424761864392625,4.867612767462957,0.19858232500648268,2.30054970678841,0.21511137961694554,0.07250927707557685
852380,0.01512738459176492,0.0010974417304977768,0.027405175733736103,0.0019881548789471275,4.7760504598745275,4.867612767462957,0.19858232500648268,1.9310646480081652,0.2461330695389085,0.0013162268308304853
852550,NA,NA,0.0015701737775281536,0.009406525186409801,NA,NA,NA,NA,0.22176329103995515,NA
852560,NA,NA,0.1356884081815168,0.3012894279889944,NA,NA,NA,NA,0.34595096548141696,NA
852580,NA,NA,0.1367134353216572,0.20359593004881282,NA,NA,NA,NA,0.21855287760561085,NA
852610,NA,NA,0.015781499358399818,0.019654437642889138,NA,NA,0.22757756791655123,3.663928833611558,0.21511137961694554,NA
852691,NA,NA,0.12085757836612217,0.11106568473337686,NA,NA,0.22757756791655123,3.3910316238721165,0.21511137961694554,NA
852692,NA,NA,0.4231371327095677,0.2398296121246893,NA,NA,0.22757756791655123,2.821899910661061,0.23638877806423045,NA
852712,0.025054923242503527,0.002624343770295223,0.14554385514985424,0.01524479264495661,1.5066795977167693,2.293098951656948,0.31186119525104844,1.9844269642229477,0.26236426446749106,0.011436592009560704
852713,0.0383755296953093,0.02594364283097303,0.19818722068141675,0.1339837784089371,1.2686862402781287,2.293098951656948,0.31186119525104844,1.4071558190349183,0.26236426446749106,0.014240599017159813
852719,0.020352839384500988,0.012036448490653122,0.11561869298841744,0.06837564117817775,1.5189320950605498,2.293098951656948,0.31186119525104844,1.951980687302816,0.26236426446749106,0.011799620516635214
852721,0.03266496379921287,0.015750763455834055,0.05990986550805838,0.028888019778273807,2.2765206492598,2.293098951656948,0.31186119525104844,3.1143860808103816,0.8205989291785526,0.27607052850144437
852729,0.052770840147368,0.018178855464295974,0.08645232194247944,0.02978167982083004,2.2766856244816416,2.293098951656948,0.31186119525104844,2.762149605557752,0.8241754429663495,0.10374851600558996
852791,0.017783274287372083,0.007619745027537165,0.08127167285498389,0.03482313859130736,1.8461288819512462,2.293098951656948,0.31186119525104844,1.817451689345981,0.25237712763702813,0.02678615545202748
852792,0.04873436027931645,0.034179306553268535,0.3421690026657678,0.23997645948587534,1.0537580142737313,2.293098951656948,0.31186119525104844,1.6292524668775246,0.26236426446749106,0.04370573149208085
852799,0.04266469640680762,0.03754703881061202,0.24527316444842318,0.2158524916463985,1.7717566164175662,2.293098951656948,0.31186119525104844,2.0190210698792117,0.22884155996131486,0.05283288145122826
852842,6.540339156266156e-4,3.513475591828833e-4,0.001674480186052642,8.995321377271929e-4,4.824905828232613,4.88718874231783,0.30388269619901037,2.3533645774153995,0.21511137961694554,0.04939865889487648
852849,0.009765154889433839,0.00868543967371332,0.032302363909106756,0.028730750943280467,4.241242186631075,4.88718874231783,0.30388269619901037,2.960893144080622,0.23270468455819254,0.028429595198338126
852852,0.03917502735572163,0.02816040130175971,0.28977789596101383,0.208302645574283,1.8279697320419634,4.88718874231783,0.30388269619901037,2.1613786549058127,0.1823215567939546,0.0485673856385501
852859,0.03266513224370039,0.060784042567982186,0.08850557924856527,0.1646932532344551,4.196474839428133,4.88718874231783,0.30388269619901037,2.4040405535418015,0.2381581781657474,0.08697442714278526
852862,0.02493272756920524,0.0193397169711909,0.09094867428581234,0.07054669869994917,3.793472441060736,4.88718874231783,0.30388269619901037,3.102029772191844,0.2461330695389085,0.02565143757701142
852869,0.05971195719099407,0.03970371107487074,0.1767705433522058,0.11753837773822684,4.091151090586661,4.88718874231783,0.30388269619901037,2.506746164476957,0.23206486483669675,0.14873409939460158
852871,0.0060806085138240176,0.003995201564260019,0.015676499882091178,0.010300083734820971,4.255851023765004,4.88718874231783,0.30388269619901037,2.3967059979507357,0.2461330695389085,0.08984957243421886
852872,0.03781777682490784,0.022839950505951025,0.11964761438881501,0.07226087359518675,4.469037988402713,4.88718874231783,0.30388269619901037,2.9865756380704234,0.23272031728980383,0.12334528051300579
852873,0.0014264092944939473,1.5159395352366017e-4,0.0031213491949639008,3.3172643126974487e-4,4.31281633044907,4.88718874231783,0.30388269619901037,1.6557237168691592,0.20763936477824457,0.009746394909780234
852910,0.012661718287888446,0.00754513225624291,0.1030681725034248,0.06141844063072165,2.0554829996525337,2.240039373678249,0.29344994091807064,3.305776775535706,0.21511137961694554,0.05131189311952229
852990,0.0036432577236590775,0.02497608898690694,0.025271804165737672,0.17324901985501537,2.0108115991017663,2.240039373678249,0.29344994091807064,2.716442363088727,0.21579094730862153,0.008450256069089716
853010,NA,NA,0.032496141094895264,0.11961500461730178,NA,NA,NA,2.6104483111173766,0.21511137961694554,NA
853080,NA,NA,0.051162154888951795,0.012296619568205526,NA,NA,NA,2.940744726866773,0.21511137961694554,NA
853090,NA,NA,0.23502625883038675,0.23094473064147028,NA,NA,NA,3.5100038607019646,0.21511137961694554,NA
853110,0.025694436787922048,0.010575756495900583,0.104914762927541,0.0431826155484509,4.1265410594976135,4.553624384834168,0.23825925784022267,3.352631497963838,0.21311720959068925,0.13300143499526607
853120,0.02133988037064134,0.008946323239477003,0.07290603618164931,0.030564415285447004,3.6978709850940055,4.553624384834168,0.23825925784022267,2.4793477071762506,0.21511137961694554,0.04001193030028951
853180,0.043812763806043396,0.0341624402277902,0.15072843336385966,0.11752856127079209,3.5524149485246035,4.553624384834168,0.23825925784022267,2.7956651169613895,0.24824843957578901,0.0942389148608462
853190,0.04092855444603808,0.013606089388939027,0.1587481633094507,0.0527734665822619,3.4175020942001115,4.553624384834168,0.23825925784022267,2.613116665710214,0.21511137961694554,0.09255922578463298
853210,0.03154862356205094,0.020843221874591214,0.09567649403075837,0.0632105673118773,3.855648559432077,4.999996411941383,0.30764495115498763,2.207631144570431,0.21511137961694554,0.10290961374438726
853221,0.007004508320652322,0.006526645320176113,0.0187434980703755,0.01746477530821944,4.786559945945393,4.999996411941383,0.30764495115498763,2.447597862002255,0.21511137961694554,0.07444855371223645
853222,0.010260483882027058,0.008442236545080828,0.027872113483774615,0.022932931599213797,4.6395750304436625,4.999996411941383,0.30764495115498763,2.403443251696223,0.21511137961694554,0.030183392600506155
853223,0.011850232601078325,0.006885181183757511,0.029538022192491274,0.017162079551640733,4.553431300766096,4.999996411941383,0.30764495115498763,2.133854954002887,0.21511137961694554,0.04276814971078805
853224,0.037840369273963066,0.02985525349877557,0.14064831576418863,0.11096855558978291,3.452380636756335,4.999996411941383,0.30764495115498763,2.4526864618465445,0.21511137961694554,0.022757346454080018
853225,0.028163310257327333,0.014842422615341721,0.08372251040672236,0.04412282755542261,4.208802907634123,4.999996411941383,0.30764495115498763,2.383769109923705,0.21511137961694554,0.0776887254800669
853229,0.01855473740666947,0.008437172276567755,0.04915236492165327,0.022350462933291022,4.5340700064638995,4.999996411941383,0.30764495115498763,2.2760498595423173,0.21511137961694554,0.050081546726710925
853230,0.016895742832287532,0.0013506972080401672,0.036373604897897406,0.002907816902140577,4.707944612604483,4.999996411941383,0.30764495115498763,1.872592447179597,0.21511137961694554,0.08584788570152596
853290,0.012053890165268318,0.009805341821841267,0.026817904735944302,0.021815257918907396,4.5713735843238466,4.999996411941383,0.30764495115498763,1.880155531813969,0.21511137961694554,0.023731244780819796
853310,0.0032464967346321886,0.001533698375207606,0.025569924666481808,0.012079652351662406,1.398297953484556,1.428550412327981,0.21896563462358817,2.1501026883836114,0.21511137961694554,0.024340863436624262
853321,0.003294052893745038,0.0016716616284961426,0.02527336384059945,0.012825693429384884,1.4043311598026034,1.428550412327981,0.21896563462358817,2.0987780103709923,0.21511137961694554,0.017473074213414107
853329,0.006141034162979159,0.009110827834016597,0.050661671877370786,0.07516157018645334,1.3789772693895779,1.428550412327981,0.21896563462358817,2.228172571122018,0.21511137961694554,0.02966374672787296
853331,0.004879176540625752,6.551292228971268e-4,0.03904730158340848,0.005242898700133403,1.4158307999456954,1.428550412327981,0.21896563462358817,2.218391875202769,0.21511137961694554,0.013802217139457404
853339,0.015891449546814693,0.001105454173898598,0.12465225391034662,0.00867116331742568,1.2914856621840243,1.428550412327981,0.21896563462358817,1.9601967659344628,0.21511137961694554,0.004317196179446173
853340,0.009940882187358419,0.004881007840684193,0.07054532358627695,0.03463800003445373,1.3455282031345581,1.428550412327981,0.21896563462358817,1.8350298944515835,0.21511137961694554,0.04322743294630176
853390,0.007843769641043588,0.0019232366801239678,0.05893225316455697,0.014449770469463729,1.3873301251135945,1.428550412327981,0.21896563462358817,2.0232192353693605,0.21511137961694554,0.02808435196652006
853400,NA,NA,0.03206461193814049,0.028237591234651364,NA,NA,0.25981265363363276,2.5461353357720062,0.21511137961694554,NA
853510,0.013280541788170275,0.005410786950076818,0.11112165998586827,0.04527342613823041,1.9388904995209872,1.984604075298465,1.6307976655430874,1.79246914233299,0.2110107294407995,0.07330275012273588
853521,0.0015389477495429207,8.118631413394397e-4,0.013425820674758598,0.007082715414676602,1.9760902456929,1.984604075298465,1.6307976655430874,2.006914064252985,0.2110107294407995,0.01255169818847317
853529,4.749143724912025e-4,3.1901011821797295e-4,0.003544089184706519,0.0023806403328195964,1.9674929744942364,1.984604075298465,1.6307976655430874,1.4827724683199583,0.21205871888971664,0.00863590170867483
853530,0.0013498324838562936,3.9037272226945485e-4,0.011551854750994364,0.0033408063891927353,1.9772171306516726,1.984604075298465,1.6307976655430874,1.9397163950870926,0.2110107294407995,0.013491820674098473
853540,0.013680095471901167,0.005905385640768406,0.12796695759448376,0.05524042104994627,1.753800790638435,1.984604075298465,1.6307976655430874,1.8309349251789295,0.2110107294407995,0.04977910106489743
853590,0.008645980364697636,0.0046817713557809676,0.07713619174564851,0.04176900684199448,1.8913118813269814,1.984604075298465,1.6307976655430874,1.929707649705756,0.2110107294407995,0.03447523855217744
853610,0.006344631084572947,0.0034522741712212507,0.03778694975335222,0.02056083464961835,2.3558063593787844,2.420426316172025,0.6918207309048808,2.2687782824667444,0.2110107294407995,0.018142427196233383
853620,0.004356240447533757,0.0018895466459253978,0.024719236891210524,0.010722124207828233,2.392718238736728,2.420426316172025,0.6918207309048808,2.1731442327174704,0.2110107294407995,0.020665910006721133
853630,0.03159069283868492,0.016247666729049565,0.21798159790985625,0.11211189238521517,1.9415388101972928,2.420426316172025,0.6918207309048808,2.1900211125288775,0.21511137961694554,0.09248820627103616
853641,0.024554357660648684,0.01703533578870204,0.09972887586166694,0.06918995445179141,2.0813274485527136,2.420426316172025,0.6918207309048808,2.1802169909724016,0.33974836996665136,0.05627601715369221
853649,0.011943232282137757,0.004158049133961904,0.07715734373322766,0.026862412009567224,2.2402976836192243,2.420426316172025,0.6918207309048808,2.362155535412883,0.2110107294407995,0.053866248705205226
853650,0.016253153096742103,0.00668113798494602,0.10381081143322521,0.042673218629412556,2.205128017047628,2.420426316172025,0.6918207309048808,2.3378968864621332,0.21511137961694554,0.05344075490264668
853661,0.015624302524295345,0.015119413701918914,0.09535600361671251,0.09227463852552192,1.8758784726689488,2.420426316172025,0.6918207309048808,1.7239551469136083,0.2110107294407995,0.049917835327693755
853669,0.01796232779225328,0.025084082032453207,0.11636395926326108,0.16250026909315887,2.115187104869754,2.420426316172025,0.6918207309048808,2.246259144006976,0.21441686215396472,0.061373820136487886
853670,0.010719262262649137,0.005367292250179496,0.05629350778643867,0.028186987189443038,2.2802091901007597,2.420426316172025,0.6918207309048808,1.8840940555817691,0.21511137961694554,0.04557506990756215
853690,0.012331954469733137,0.008936574943276076,0.07081288202215873,0.05131584200165175,2.125971498192106,2.420426316172025,0.6918207309048808,1.9913924248619208,0.21979478265576075,0.018052537165520105
853710,0.07639283174201937,0.033283487025053606,0.10499280817768536,0.045744171135153666,3.2290210181665797,3.406598707422911,1.2979371483019868,2.313216223108804,0.8137071258126242,0.19504500482568454
853720,0.024723450911134526,0.015166259207576763,0.029736173892914827,0.01824124482955636,3.2497709374613093,3.406598707422911,1.2979371483019868,1.8768175955858903,0.812234499688155,0.011870075116665395
853810,0.016433687813002286,0.011512469869452464,0.05089972963525973,0.035657340607722715,5.96076785789187,6.378688241482146,1.4944569890784922,2.476965009760049,0.21511137961694554,0.03632979265582192
853890,0.026934026426945153,0.024503553935784714,0.0953862724005739,0.08677880660882724,5.68793906722543,6.378688241482146,1.4944569890784922,2.7452326108113003,0.21047209843106526,0.08038803767151882
853910,0.07278466164343467,0.06196846881924477,0.17276025444231888,0.1470871499418354,2.12379460325388,3.023095387019215,0.8191692352045554,1.9961789374562502,0.558490295413688,0.17355334840115075
853921,0.012195554391645751,0.004708990329200728,0.06062991446683968,0.023410635688705852,2.746718575252616,3.023095387019215,0.8191692352045554,2.0909989849262773,0.21311720959068925,0.05551356299717032
853922,0.030848648355360764,0.01683314559002367,0.20770503245928115,0.11333816026205547,1.2446863400764732,3.023095387019215,0.8191692352045554,1.3206152596637184,0.25532846467004716,0.05678439364082268
853929,0.028419429985727135,0.008796657175618955,0.13879680942486272,0.042961732525719984,2.3627562063818734,3.023095387019215,0.8191692352045554,1.997445663802631,0.24408688196064549,0.03818517645304186
853931,0.032413921295211055,0.015298475395056537,0.1802049247273812,0.0850517461895968,2.0724606252456406,3.023095387019215,0.8191692352045554,1.6172203492521502,0.2114586055517202,0.035595231588944364
853932,0.02316642414605549,0.02578425195375354,0.14652870301300858,0.16308658484039001,2.068416393789298,3.023095387019215,0.8191692352045554,1.9473075950082372,0.2114586055517202,0.068670318239092
853939,0.010934189430677416,0.0025325032013470664,0.04501414535041005,0.010425872711330275,2.753335553629364,3.023095387019215,0.8191692352045554,1.5982383065688528,0.21326928577659127,0.0412462345666581
853941,0.019993254592704908,0.004442662792639727,0.0897710131333715,0.019947844812155963,2.978676614703218,3.023095387019215,0.8191692352045554,2.004977224274199,0.21115979382273378,0.02009547276981021
853949,0.028927194123367216,0.021493334267291976,0.156477861491444,0.11626537188927778,2.686831064032828,3.023095387019215,0.8191692352045554,2.254182855137465,0.2114586055517202,0.0575564373305227
853950,0.03890636189021436,0.02165098877318039,0.28847482096331956,0.16053326002688972,1.0885657848963586,3.023095387019215,0.8191692352045554,1.2618395729218734,0.25782910930209985,0.039407929156385746
853990,0.015783032762278996,0.0030265113076745976,0.08100601067614419,0.015533491629498384,2.552647125398642,3.023095387019215,0.8191692352045554,1.9729636949560614,0.21311720959068925,0.03416016478597533
854020,0.034081458123667,0.03499250142837781,0.17432490765958267,0.17898484736613254,2.520353870648653,2.72989632085053,1.0105450850571054,1.6643755411019168,0.2074952219920171,0.07827370453050503
854040,0.0027041664065612938,0.001501665900023655,0.01491009148893116,0.008279807004788833,2.693377680177108,2.72989632085053,1.0105450850571054,2.116469164280887,0.21056476910734967,0.005964372692468328
854071,0.011262990064151832,0.0014467093610760666,0.06944581633891919,0.008920181231878717,2.522180914793067,2.72989632085053,1.0105450850571054,2.2907715831976656,0.21228463584036011,0.028536823479791015
854079,0.003448674090515877,2.1057519447979895e-4,0.02000996564020573,0.0012218035962888324,2.7268017573071854,2.72989632085053,1.0105450850571054,2.30921280447139,0.2098256889820609,0.01615799796856258
854081,0.014649464912112914,0.006332824372528217,0.10905720306748287,0.04714439180740715,2.521817685179139,2.72989632085053,1.0105450850571054,2.909365038312703,0.20879968060325016,0.05767871086195478
854089,0.030962015777842668,0.009248368736089816,0.19156697589232935,0.057221146175429505,2.4955855792108275,2.72989632085053,1.0105450850571054,2.2247450165608744,0.20953151146147192,0.08122451936193155
854091,0.002246585484674168,4.6589787912100744e-4,0.010448280559845972,0.0021667689863132424,2.7265270025177295,2.72989632085053,1.0105450850571054,1.6482544996813044,0.2096785100075691,0.015519680463295198
854099,0.0035052656154543355,0.008803313639148987,0.017251499568824925,0.04332634901629975,2.7096953545742646,2.72989632085053,1.0105450850571054,1.8581855507624518,0.21511137961694554,0.012148111463116486
854110,0.004283335591255377,0.0027320338950442215,0.03891655909969213,0.024822093967120016,1.8516851305435265,2.26630020016038,0.24493054875815037,1.575613766416255,0.10821358464023279,0.05212890273666231
854121,0.0024607630172694267,0.001949336209757549,0.02380058673666703,0.018854048607550463,1.8319597588833667,2.26630020016038,0.24493054875815037,1.6724820891147159,0.10821358464023279,0.029879486993877668
854129,0.0031158767267560903,0.0020542917352587998,0.025618294408405975,0.01689009389322185,2.1328284602874734,2.26630020016038,0.24493054875815037,1.6526824899247652,0.10821358464023279,0.04041215174421905
854130,0.0027097053797283514,0.001507851556829738,0.020533564691178886,0.01142617485963073,2.15400550380933,2.26630020016038,0.24493054875815037,1.5213954826038885,0.10821358464023279,0.029095167977916978
854140,9.369478204931949e-4,8.752786243935789e-5,0.0052175267702587996,4.8741131088867964e-4,2.252864246736943,2.26630020016038,0.24493054875815037,1.379187039896695,0.12945927368602583,0.051911557549645646
854160,0.0065390152848869,0.0017079909323822608,0.030112428146550893,0.007865366876445658,2.107254520941889,2.26630020016038,0.24493054875815037,1.8425085034116335,0.21511137961694554,0.045283334563051746
854190,0.0016023701316321155,9.685401573164044e-5,0.013434706047147466,8.120503528825926e-4,2.2071851751374383,2.26630020016038,0.24493054875815037,1.7576310388151535,0.10821358464023279,0.02068780391900397
854231,0.002930874900027197,0.0033053263036689545,0.023202780732184985,0.026167190374329033,3.418742956462299,3.611948453760335,1.4067975160391,2.2686814551260652,0.1358015538207436,0.02355309074454945
854232,3.954824211052049e-4,7.859117304263312e-4,0.0034247657404214045,0.006805772964162674,3.3627281067621415,3.611948453760335,1.4067975160391,1.7444115959729156,0.10821358464023279,0.012965511072689504
854233,0.0022055056202868717,0.0011897522290700824,0.02150427048933902,0.011600402879902551,3.3772148835597,3.611948453760335,1.4067975160391,2.1565405180991015,0.10821358464023279,0.035986517010432637
854239,0.0014488314577379433,0.0014352155070615086,0.01394154447090016,0.01381052344643574,3.4733247467355275,3.611948453760335,1.4067975160391,2.2099666862260285,0.10821358464023279,0.007194604403338894
854290,5.543461319931023e-4,0.0028318038306806787,0.00524400841529807,0.026788322785208082,3.5408884859443144,3.611948453760335,1.4067975160391,2.217938571167821,0.10821358464023279,0.019032325450657632
854310,0.02937165724821804,0.0010236129007611691,0.1825563200903688,0.0063621539220884106,2.1698966967984443,2.31832144545321,0.937601430155238,1.924413454788858,0.21220929776561756,0.025280986136185464
854320,0.009782503792435202,0.010657515458313968,0.06021426869586631,0.06560023006927106,2.2032284544844143,2.31832144545321,0.937601430155238,1.9796395701139224,0.21511137961694554,0.027455370345224026
854330,0.01667887564720685,0.0028384387590040584,0.11863139470384909,0.02018888778144375,1.944667839198425,2.31832144545321,0.937601430155238,2.001109821627019,0.21246070504476028,0.04013418747150928
854370,0.02222192730919318,0.012589094390417208,0.14568747707957036,0.08253439834166414,2.1425748803220017,2.31832144545321,0.937601430155238,2.1424043304794163,0.2192678811723311,0.07166047291273006
854390,0.025619323554901062,0.033082103837670546,0.1786710576574479,0.23071703940751992,1.9883009952459645,2.31832144545321,0.937601430155238,2.0452530401867524,0.21511137961694554,0.07261147990552387
854411,0.006309948494909927,0.004855783618507729,0.05191754579838423,0.03995284091530728,2.213762647316977,2.299663913889736,1.671690897445562,2.150197961351564,0.2098256889820609,0.011685884831594636
854419,0.0028909688875082104,0.0015517440786854831,0.023334075863388776,0.012524698625802334,2.0514809192238896,2.299663913889736,1.671690897445562,1.7929290021065512,0.20923817618406088,0.005505773921962206
854420,0.009582743404389795,0.009208467158589135,0.0842341381651932,0.08094417873809631,2.0460658668823655,2.299663913889736,1.671690897445562,2.0550012650522564,0.20720757692100178,0.03717722054176202
854430,0.04670216463392497,0.026182742017897394,0.0984901692468835,0.05521677020548583,2.267167932645801,2.299663913889736,1.671690897445562,2.1645114880239023,0.8023464725249372,0.09468873193374039
854442,0.02928523054942024,0.014580264692713701,0.16762244832555181,0.08345434265586321,1.8771972562800634,2.299663913889736,1.671690897445562,1.9119505501860257,0.3335270849814847,0.061263030031254335
854449,0.00395236630888351,0.0046734784225949694,0.02860671497430271,0.0338260309711765,2.2339401959434193,2.299663913889736,1.671690897445562,2.1213290219999656,0.23458637301006807,0.027769653368124685
854460,0.021513979888785627,0.026226540813187274,0.19434838487608724,0.23691970868610115,2.020847095617782,2.299663913889736,1.671690897445562,2.1596778847072975,0.20987481402285352,0.025071116715985827
854470,0.008143796291559983,0.0033275006789814316,0.06099372430316002,0.024921627674148752,2.19307117630662,2.299663913889736,1.671690897445562,1.8615590670116118,0.21511137961694554,0.03458198782217027
854511,0.0012988246080443103,0.0010079187487068329,0.03794770950516007,0.02944832400297921,1.6445047979413714,1.751301515198552,8.821591233784057,1.5139587001796992,0.21511137961694554,0.0033658411143473502
854519,1.7243742318281255e-4,2.4687094838548133e-5,0.004774912780065824,6.836029121260372e-4,1.6889424003574915,1.751301515198552,8.821591233784057,1.2387368261083105,0.21511137961694554,0.001957944334553189
854520,0.001604322908453142,0.0018314349853493198,0.04633428011267044,0.05289347996728325,1.7107287743410142,1.751301515198552,8.821591233784057,1.8064977234610755,0.21511137961694554,0.006580581934888455
854590,0.005771093979906561,0.005296484003924871,0.18026931404134414,0.16544411536925743,1.5530741792752805,1.751301515198552,8.821591233784057,1.6140525083027448,0.21511137961694554,0.007339556909438524
854610,0.015987520860285008,0.016225305187173363,0.1781752779001418,0.18082530030786084,1.7346267670585116,2.839090249426698,2.497127196984904,1.576339398374337,0.2107132253430439,0.03189053308107787
854620,0.017806816353898303,0.0174796535331244,0.16802836331634716,0.16494119533415122,2.1107955215567396,2.839090249426698,2.497127196984904,1.6968705219550035,0.21056476910734967,0.03346739341344576
854690,0.01671189774488282,0.00863775831683331,0.14124579832371123,0.07300469927551917,2.4158192126949163,2.839090249426698,2.497127196984904,1.895027058261005,0.21511137961694554,0.047446923793603185
854710,0.02849541279375558,0.012777325573580049,0.3568043638361801,0.1599908573287289,1.6390050783037247,2.278150703317025,2.448767369897873,1.8726002382033895,0.21056476910734967,0.03619662247488241
854720,0.004993991180274391,0.0034814375444246295,0.055470663262179934,0.038670002153363546,1.9880631916473122,2.278150703317025,2.448767369897873,2.301402689318816,0.21511137961694554,0.012690506902081355
854790,0.03976385332837411,0.037164789077860375,0.19949173471869988,0.18645245928182053,1.8306489057153075,2.278150703317025,2.448767369897873,1.9115855193617977,0.47476657395028804,0.06594407364709008
854810,NA,NA,0.054650489783883545,0.0230682634359579,NA,NA,0.8414638430006524,2.6616442763341186,0.2461330695389085,NA
854890,NA,NA,0.03492759978958703,0.0633739420407806,NA,NA,0.8414638430006524,1.9420154815375144,0.21511137961694554,NA
860400,NA,NA,0.0015411700306455073,0.01829981439936929,NA,NA,NA,1.9955957180483916,0.2107132253430439,NA
860711,3.50733560504106e-4,4.8702946863951276e-4,0.002226321024449024,0.0030914747479538394,2.511320696130523,2.518448837787099,1.6558733953390163,1.7731940322121051,0.21511137961694554,0.01673009970450221
860712,0.008453988641841893,0.010386043230984061,0.050428691656001744,0.061953545694270945,2.377553334701622,2.518448837787099,1.6558733953390163,1.317847321449771,0.209678484786888,0.05098240524542783
860719,0.009756126960786033,0.010351595510813104,0.06587428496682085,0.0698949445083509,2.30395503853724,2.518448837787099,1.6558733953390163,1.648297488133496,0.2123978075051378,0.0650420186740219
860721,0.028434124042538374,0.03723909758015899,0.23718194602748902,0.3106282303318382,2.16965833122204,2.518448837787099,1.6558733953390163,2.1349214267941212,0.2094580982289554,0.08607243380935026
860729,0.03149775085804703,0.03360556149741778,0.24406857153492267,0.26040149429299,2.3006915769172274,2.518448837787099,1.6558733953390163,2.095329522592379,0.21041652266251623,0.047314430845283174
860730,0.02177717544923898,0.03384045976713343,0.18185138631985046,0.2825864417862048,2.0450285075002532,2.518448837787099,1.6558733953390163,1.9311202870877275,0.21004685303724982,0.09042113939956604
860791,0.009922267311401894,0.021645580783732216,0.07170066143541926,0.15641611041500164,2.2299109880713286,2.518448837787099,1.6558733953390163,1.8104027007922037,0.21511137961694554,0.049456652595213486
860799,0.009432776301831997,0.010558185141837302,0.0708495140917267,0.0793024516911717,2.290321842046879,2.518448837787099,1.6558733953390163,1.9676620318323401,0.210638937833391,0.035605651177837996
860800,NA,NA,0.0727489030711844,0.07090078505183658,NA,NA,0.5601736825904308,2.853493773796603,0.20938473660952822,NA
860900,0.02359285058074121,0.01186238981858441,0.246455400621638,0.12391677830807557,1.2548061410900893,1.913010965936774,1.7628325519080228,1.6762233785584986,0.26236426446749106,0.03224200426595808
870110,0.001196449331815764,4.988533722290709e-4,0.008918622323548713,0.0037185735354022015,2.2800940898643427,2.523301808567098,2.2624020131146505,1.3937110391151186,0.21511137961694554,6.860805123378798e-4
870120,3.803475744715956e-4,8.79103337430607e-5,0.0025418696357270665,5.875063310672073e-4,2.5214042972895614,2.523301808567098,2.2624020131146505,1.2609181382322234,0.2090917978585593,9.215995291295071e-4
870130,4.315643451283092e-4,2.9368856869268903e-4,0.0034459880209832686,0.0023450669663496754,2.5230540370727104,2.523301808567098,2.2624020131146505,2.0712910017088975,0.21511137961694554,0.0015951344020626193
870191,3.136056274848086e-4,1.5342210619616466e-4,0.00251744624516049,0.0012315847399353766,2.5213920692139453,2.523301808567098,2.2624020131146505,2.0915147964105367,0.21511137961694554,5.314632055656218e-4
870192,4.751923600309667e-5,3.138022746222357e-5,3.6737643786343576e-4,2.426039884914142e-4,2.5231028772749844,2.523301808567098,2.2624020131146505,1.9336435341675333,0.21511137961694554,0.0026517917598328274
870193,0.002022746987396139,0.0012902808389146114,0.017083725745840803,0.010897459803168998,2.5142628240107303,2.523301808567098,2.2624020131146505,2.305482205423028,0.21511137961694554,0.06173708505137021
870194,0.0011576794352564951,6.255537699878668e-4,0.008684906404419815,0.004692901832598312,2.5214773332994542,2.523301808567098,2.2624020131146505,1.8066690817155702,0.21511137961694554,0.0645325281779198
870195,0.0014754206273916428,6.942515700372871e-4,0.011315171377248667,0.005324295558876334,2.5216146893898164,2.523301808567098,2.2624020131146505,1.897541146259446,0.21511137961694554,7.71557275056504e-4
870210,NA,NA,4.5352687672920834e-5,6.119786691978949e-5,NA,NA,NA,2.0654395067425138,0.21205871888971664,NA
870240,NA,NA,0.007836297012621517,0.007398723718147585,NA,NA,NA,1.5054889202796995,0.12412606741381715,NA
870310,NA,NA,0.5813705872191958,0.4165664627829619,1.9036031543562835,3.590019380688573,NA,1.9292294975590751,0.24116205681688796,NA
870321,NA,NA,0.03893874073719901,0.02744783473891383,3.46410737026177,3.590019380688573,NA,2.7070942933219047,0.211309093667207,NA
870322,NA,NA,4.5855732213865055e-5,3.0328537890482902e-5,3.589934938558011,3.590019380688573,NA,2.2611299239539178,0.30228087187293373,NA
870323,NA,NA,0.08054486414473934,0.06484075354700872,3.5568594356122945,3.590019380688573,NA,2.3164546347295305,0.30228087187293373,NA
870324,NA,NA,0.0015315402625877355,5.832377845186871e-4,3.5899847538617484,3.590019380688573,NA,2.4048967402010573,0.30228087187293373,NA
870331,NA,NA,5.612540653393101e-4,5.748678073710615e-4,3.5647311619014657,3.590019380688573,NA,2.492876731966661,0.30228087187293373,NA
870332,NA,NA,3.989426771664513e-4,4.0381208152905025e-4,3.588457787848891,3.590019380688573,NA,4.3227664486657416,0.30228087187293373,NA
870333,NA,NA,8.724003580800823e-4,2.4982770562884723e-4,3.5895881733266446,3.590019380688573,NA,2.836073093946253,0.30228087187293373,0
870340,NA,NA,0.013022564509594521,0.009798261655805902,3.587526303227792,3.590019380688573,NA,3.3283967333969793,0.30228087187293373,NA
870360,NA,NA,0.0017143804814051388,0.0014712830612701,3.5877523473850848,3.590019380688573,NA,2.2576081990577905,0.1804883757122937,NA
870380,NA,NA,0.010304891744304866,0.009387583271472554,3.5406461018980995,3.590019380688573,NA,2.4952728113976668,0.1804883757122937,NA
870390,NA,NA,0.03439122809664186,0.016298312766176114,3.563601791098071,3.590019380688573,NA,2.7033701035769373,0.1804883757122937,NA
870410,4.1123130088756326e-4,2.2908663971104822e-4,0.0017870874723677822,9.955415918750342e-4,2.4684912591397126,2.470568666917753,0.32377776486577947,1.983790864104344,0.21511137961694554,5.771559122609089e-4
870421,2.854491630487121e-6,2.7920422466102773e-6,1.3653466412187755e-5,1.3354761537345014e-5,2.4705631414744076,2.470568666917753,0.32377776486577947,2.7766012700664793,0.26236426446749106,6.179577543914371e-5
870422,4.6712054761988444e-5,2.8954202804592094e-5,2.6019879065542514e-4,1.612827479444854e-4,2.4704596138559465,2.470568666917753,0.32377776486577947,2.2969874469029716,0.19044696423787172,9.469478994678844e-4
870423,1.052566952152158e-5,3.856597590044698e-6,4.3000868377393533e-5,1.57554866239152e-5,2.4704379969416372,2.470568666917753,0.32377776486577947,1.5163139705940307,0.18232155679395468,6.478552730886322e-5
870431,0.00039746648687984635,2.2187573635216106e-4,0.001618357993932479,9.034079184988564e-4,2.4704421997686548,2.470568666917753,0.32377776486577947,2.3153077304043364,0.26236426446749106,9.091691397658937e-4
870490,9.796771353683634e-4,8.703423680265728e-4,0.005110810350668918,0.004540429313442512,2.4442565281744657,2.470568666917753,0.32377776486577947,2.151958969929874,0.19415603012723182,0.0381660800066069
870510,NA,NA,0.0017711139584859455,0.0012114142548045764,NA,NA,0.1962174010800435,1.8315404527912562,0.21511137961694554,NA
870520,NA,NA,0.0028353849533402213,0.005945297319364527,NA,NA,0.1962174010800435,2.677524404372169,0.21511137961694554,0
870540,NA,NA,2.7044112314825305e-4,2.230712988403409e-4,NA,NA,0.1962174010800435,1.6671946682646313,0.21511137961694554,NA
870590,NA,NA,0.005350108960057761,0.0035509277525781627,NA,NA,0.1962174010800435,2.7361280311045846,0.21511137961694554,NA
870600,NA,NA,0.0038746538383905723,0.003464630991167769,NA,NA,NA,2.0418999034071685,0.7065469672016991,NA
870710,NA,NA,3.212896965602102e-4,1.2604072905941807e-4,NA,NA,NA,1.1647186748382883,0.8131064956389243,NA
870790,NA,NA,0.01332074859440695,0.00973208155311577,NA,NA,NA,1.6004547075202138,0.8094861558885962,NA
870810,0.04423644956078182,0.027518104789180667,0.1422242689054474,0.08847324715622001,2.941022786587266,3.076380391842075,1.1154703460060766,2.7184697573285614,0.40546510810816444,0.08628407223292653
870821,0.05964322288744775,0.07762304010974644,0.08934935114873122,0.11628426386491283,3.012553607594069,3.076380391842075,1.1154703460060766,2.5540771591065607,0.8131064956389243,0.19452364713840778
870829,0.06993705434808023,0.05718892465197979,0.2326735372405562,0.19026179346263877,2.8868262507132743,3.076380391842075,1.1154703460060766,2.7990590243233773,0.4075859963090628,0.15897964559650865
870830,0.13668493111922608,0.06533221731666278,0.2500853611893726,0.11953498480888507,2.5512269288900606,3.076380391842075,1.1154703460060766,2.697046723621813,0.8167611534181869,0.21620834331708064
870840,0.029795099910832554,0.031133820018525316,0.06241016314902858,0.06521430680291894,3.044120409246209,3.076380391842075,1.1154703460060766,2.663530754463279,0.5926587759867312,0.10672891156503446
870850,0.10823382232789891,0.08056909483163574,0.17014926490803411,0.12665885732444349,2.9298754194622574,3.076380391842075,1.1154703460060766,2.6509210671805605,0.8177286531978637,0.17265681301716135
870870,0.17514535651607693,0.1266481792564788,0.2991249874280113,0.21629825524033996,2.3311787389733007,3.076380391842075,1.1154703460060766,2.1376658141265747,0.8170950920283926,0.25139253758602453
870880,0.1313442717005183,0.09604614521506431,0.22771627613246403,0.16651864784116058,2.720583335574855,3.076380391842075,1.1154703460060766,2.7485896633248577,0.8192168801798956,0.19976652942701123
870891,0.11415845048885179,0.06580089320352908,0.20227255432134444,0.11658983358576322,2.5182160513489524,3.076380391842075,1.1154703460060766,2.540596079546795,0.8193928996613982,0.2040546320549238
870892,0.032162727696675414,0.0219637342236968,0.2309028866507539,0.15768219915022239,2.762695404688798,3.076380391842075,1.1154703460060766,3.125601442748571,0.21382876618549929,0.10355671210408189
870893,0.0424519007526067,0.019003606534639228,0.10016598874974873,0.04483933592152388,2.9402930601988886,3.076380391842075,1.1154703460060766,2.7767663138958967,0.5610292157325697,0.09036127250684653
870894,0.10489051722619983,0.07673670624696173,0.16415309048097218,0.12009252901865651,2.8873213149266777,3.076380391842075,1.1154703460060766,2.587072985180386,0.8193928996613982,0.19935839061178343
870895,0.02695414454102479,0.017281712792355505,0.03700639252970508,0.02372673509285925,3.0433707555529894,3.076380391842075,1.1154703460060766,2.304942984054934,0.8186014867129803,0.0526432102303584
870899,0.05454009104999618,0.03874097122931177,0.16021710475411152,0.1138055717588154,2.90179246623991,3.076380391842075,1.1154703460060766,2.7869141889095177,0.45779462809542504,0.15965187462470654
870911,NA,NA,0.0738028920556226,0.05821133222719034,NA,NA,NA,2.3614758351744354,0.21511137961694554,NA
870919,NA,NA,0.19147702980048398,0.12452690916796356,NA,NA,NA,2.6484372765988144,0.21511137961694554,NA
870990,NA,NA,0.10541123107644637,0.10295875674956874,NA,NA,NA,3.290896332043437,0.21511137961694554,NA
871110,0.008803804845437298,0.0036824382974813647,0.05770888662947044,0.024138360397607903,2.220963125818077,3.137048699096478,1.664289247098183,1.4673881830996007,0.21511137961694554,0.022230724549330564
871120,0.005554319461332953,0.0013575198851464075,0.028537774100218457,0.006974859132349134,2.6598135828735403,3.137048699096478,1.664289247098183,1.6993577220889893,0.2461330695389085,0.004321269146879624
871130,0.007961725272674943,0.003513356127077837,0.04268243070177892,0.01883493517910444,3.0717889092182187,3.137048699096478,1.664289247098183,2.474284961172657,0.2513144282809061,0.0016445584882307186
871140,0.01324097529272162,0.007692074123609418,0.07269551276897537,0.042230973195768025,3.0360413957011865,3.137048699096478,1.664289247098183,2.469044785135607,0.2479734509843202,3.668415960132385e-4
871150,5.588964923717384e-5,1.3055303541334501e-5,3.5594061596034725e-4,8.314442562221533e-5,3.1370361091262424,3.137048699096478,1.664289247098183,2.5603637742171905,0.2114586055517202,0
871160,0.028191498774660824,0.010769171166678016,0.25243909547366017,0.09643190133476426,1.829872630114329,3.137048699096478,1.664289247098183,1.8604151230024581,0.21511137961694554,0.02059829938480446
871190,0.009949466859709094,0.0019088845501790545,0.06326159888258304,0.01213724216878472,2.69991166542738,3.137048699096478,1.664289247098183,2.0284895649824555,0.21511137961694554,0.04595759031577927
871200,0.03149990981709858,0.04175265871404587,0.19445285274608787,0.2577443441527874,2.1008577706885507,2.734147140385597,0.7433228345963568,1.881831200265772,0.20241986528234557,0.0822041986181805
871310,0.043280215595330344,0.048710758667842934,0.2132890965595182,0.24005133907220866,2.2613157305269196,4.004416484949922,1.0014970080200865,1.922285909375311,0.26236426446749106,0.04674195190020564
871390,0.055445686506883064,0.03650903431232978,0.339954287942914,0.22384794102226013,1.7330509170575596,4.004416484949922,1.0014970080200865,1.7863488786732162,0.26236426446749106,0.08758109390217633
871410,0.007886366947813703,0.005258712019660952,0.044162008689358934,0.029447689594444326,3.1669428419789902,3.93809465184318,2.1469177131822845,2.2180600058162434,0.2461330695389085,0.013646190863411393
871420,0.06622735168127747,0.06914059909509443,0.4942156791931048,0.5159555270463918,2.2838078767024,3.93809465184318,2.1469177131822845,2.3244808048262153,0.26236426446749106,0.06536065845859326
871491,0.003913390259137586,0.0017523503354985462,0.023647233068584496,0.010588833225766325,3.1682678639558035,3.93809465184318,2.1469177131822845,1.8715472039391376,0.20989936110704593,0.010612655643630953
871492,0.005950875113472112,0.001239560828581376,0.038352317337489,0.007988746083621961,3.0885110946568615,3.93809465184318,2.1469177131822845,1.9155793813414939,0.20409535634351533,0.01074113583262759
871493,0.0020174362698234696,0.0019088111220102982,0.011992737167958218,0.01134701027832122,3.7491492845262884,3.93809465184318,2.1469177131822845,2.5840259980474065,0.2122738788619266,0.007636158328522966
871494,0.0028713259581493707,0.0011003245448569835,0.018123728435409624,0.006945217482259201,3.637737196722692,3.93809465184318,2.1469177131822845,2.733768482342677,0.2125614557574689,0.004367159513615148
871495,0.006361256270173223,0.0025400877173599942,0.03904348661394865,0.015590297981863847,3.354710867407554,3.93809465184318,2.1469177131822845,2.0411532895242885,0.20340107258500845,0.018589431795311275
871496,0.003893698865421435,0.0013186821121813728,0.02321905411520571,0.007863615647169227,3.754214345516406,3.93809465184318,2.1469177131822845,2.4694959736131805,0.20620704178331134,0.00607938357531359
871499,0.008691753621170957,0.0040638061517583954,0.05112697611487725,0.023904280897972786,3.3030411102693065,3.93809465184318,2.1469177131822845,2.538687113167541,0.24116205681688796,0.007874130639334826
871500,0.01656695343075721,0.010476420953673791,0.18909969924434558,0.11958070986177248,1.1048229254056094,3.141901437094734,1.6985078436691774,1.4868507836234204,0.2525907665636088,0.016880633590620323
871610,0.004555599428841979,0.00220588543009351,0.022194784793897374,0.01074702751320796,2.6396640621502856,2.872395266547539,1.0753403151306549,1.691075469188014,0.21511137961694554,0.0029297687540156795
871620,9.243142837617049e-4,3.467725476621965e-4,0.004209841563012986,0.0015793951361640739,2.8700545785289013,2.872395266547539,1.0753403151306549,1.7365581088762116,0.21511137961694554,0.004375764722635026
871631,8.72205530281186e-4,3.56075868354525e-4,0.0033806850431416778,0.0013801567641766122,2.8681813454166787,2.872395266547539,1.0753403151306549,1.3160797488430185,0.21511137961694554,1.6013048859500254e-5
871639,0.017300605815806294,0.008654606821651326,0.07356608787097596,0.036801345149928597,2.837599578803805,2.872395266547539,1.0753403151306549,1.5202183367671238,0.21511137961694554,0.17517229943421891
871640,0.01371660105431719,0.008343795738855388,0.07084294781999778,0.04309369965691379,2.6152747155069136,2.872395266547539,1.0753403151306549,1.83022617017724,0.21511137961694554,0.04273117872954634
871680,0.039492122232058786,0.023147672438309886,0.2931898287659346,0.17184850382663822,1.7842286567076386,2.872395266547539,1.0753403151306549,1.7256671699123258,0.2114585898531333,0.08164064696117852
871690,0.1032462800013808,0.1077184793254518,0.236047201939535,0.2462717847230379,2.058090463438396,2.872395266547539,1.0753403151306549,1.9811330058259633,0.6495785943760122,0.16280421444275
880100,NA,NA,0.12253708520241523,0.011888409145475088,NA,NA,NA,NA,0.25671984684781407,NA
880211,NA,NA,0.09203595261349501,0.0122174741825342,NA,NA,NA,3.212164482808507,0.21511137961694554,NA
880220,NA,NA,0.013790785299576239,0.022710401381096243,NA,NA,NA,4.482636045661525,0.21511137961694554,NA
880230,NA,NA,0.07027765892143796,0.108615221987315,NA,NA,NA,1.7019560478283438,0.21511137961694554,NA
880240,NA,NA,0.002654579799468849,0.0723695950785886,NA,NA,NA,3.8420385351845496,0.21511137961694554,NA
880310,0.011214518385614016,0.003031900280343621,0.06479736012303251,0.017518285455269005,3.1471658443071258,3.167600495969838,0.8211581133786364,3.090489289856878,0.21511137961694554,0.05133594013564809
880320,0.006464040364618492,0.005041038029963441,0.036605043004326814,0.0285467607664219,3.147757713746961,3.167600495969838,0.8211581133786364,3.013278334769521,0.21511137961694554,0.03989125305813635
880330,0.0328348964442964,0.044502213755858944,0.20781400956381982,0.28165715371633776,3.108261679385882,3.167600495969838,0.8211581133786364,3.410593131223289,0.21511137961694554,0.10681699330379511
880390,0.016640894501489156,0.0076985297684629495,0.09619517379575125,0.04450250008993128,3.1218128630824196,3.167600495969838,0.8211581133786364,3.0607644486819656,0.21511137961694554,0.039364249621432104
880400,NA,NA,0.006699104945257446,0.008946298145763896,NA,NA,NA,2.607042140899045,0.21056476910734967,NA
880510,NA,NA,0.113408775091372,0.16339522546419097,2.8599823575236947,2.881132455625202,NA,2.8599823575236947,0.21511137961694554,NA
880521,NA,NA,8.16756364168639e-4,0.0017979952353126265,2.8799807408530227,2.881132455625202,NA,2.8799807408530227,0.21511137961694554,NA
880529,NA,NA,0.12683840199342764,0.06267506672576888,2.872500224475831,2.881132455625202,NA,2.833700273516348,0.21511137961694554,NA
890110,NA,NA,5.73554643348277e-4,2.1360723920629864e-4,NA,NA,NA,1.8125929617471057,0.21511137961694554,NA
890190,NA,NA,0.001614176434873946,0.0024053326594528587,NA,NA,NA,2.1512034192181337,0.21511137961694554,NA
890200,NA,NA,7.401629946969373e-5,9.605771435137696e-6,NA,NA,NA,2.850685709368144,0.21511137961694554,NA
890310,NA,NA,0.1563242892138374,0.13606836438046646,NA,NA,0.3944066902432232,1.8788269708023793,0.2114586055517202,NA
890391,NA,NA,0.07626373962853493,0.09954725418620018,NA,NA,0.3944066902432232,2.3099499857548502,0.21281370181263287,NA
890392,NA,NA,0.35637946006800447,0.3570273569183456,NA,NA,0.3944066902432232,2.3300481675811384,0.21281370181263287,NA
890399,NA,NA,0.254325325748538,0.17358481135003404,NA,NA,0.3944066902432232,2.209884317235427,0.21342157173821255,NA
890520,NA,NA,1.5666321159806515e-5,5.72891267187012e-5,NA,NA,NA,1.2245662405367448,0.21511137961694554,0
890590,NA,NA,0.007641507613581994,0.0056764328974066944,NA,NA,NA,2.211283861667395,0.23638877806423045,NA
890690,5.806909005697639e-4,7.42234757457971e-4,0.004477132848276248,0.005722637655397877,3.40057798836193,3.420741503394332,1.6457904824866023,3.9941053859608773,0.21511137961694554,3.7027770882091664e-4
890710,0.023948386621806532,0.021997708559112813,0.13717885934695492,0.12600517170697867,1.760275503675482,1.863178442478028,0.21948820081843387,1.9494888528959207,0.21511137961694554,0.05781914944874629
890790,0.007763454047692088,0.02997792277797728,0.03196703322325442,0.12343800163184317,1.8323457145129374,1.863178442478028,0.21948820081843387,1.6375666450909367,0.2461330695389085,0.01309903754876886
890800,NA,NA,2.524060924432961e-4,8.142553309296513e-4,NA,NA,NA,NA,0.21511137961694554,0
900110,0.009234646985581607,0.004778862552373671,0.04914752876743844,0.02543348815987545,2.5569968224134376,2.756545320879217,0.2388675868567744,2.5538249531393973,0.20521615642510316,0.019163508481920277
900120,5.33781142859613e-4,1.8349698857402029e-4,0.0035162541786778307,0.0012087764086074011,2.701525395073873,2.756545320879217,0.2388675868567744,3.5892870630241434,0.21511137961694554,9.030839488864058e-4
900130,0.0013059340940986491,4.7416357574129665e-4,0.008522705769259882,0.0030944568036049593,2.7563122901493853,2.756545320879217,0.2388675868567744,4.1167655004500245,0.24214005200486485,0.007755888966521729
900140,0.003940012773611972,0.0019533872834276433,0.011120767719353568,0.005513476095922241,2.679715819239377,2.756545320879217,0.2388675868567744,1.5925716371925822,0.24214005200486485,0.008247970048077626
900150,0.019891299089418057,0.006499856116125935,0.08926003048045485,0.029167393865824457,2.6004748478130932,2.756545320879217,0.2388675868567744,2.58674861523445,0.24214005200486485,0.03664679917908078
900190,0.011063263195558903,0.002155595651157566,0.06338213058497465,0.012349543044851164,2.3474510258497077,2.756545320879217,0.2388675868567744,2.654099652208309,0.21511137961694554,0.028348532464213375
900211,0.03144661366695756,0.026334848637211042,0.09038803896975257,0.07569512412663748,5.580245857157393,6.377023359298397,0.9553060959493468,2.456091542334983,0.21268748303590201,0.12490873306573579
900219,0.013101617809825097,0.03135174280542871,0.030751660556385382,0.07358771768480644,5.863594671059873,6.377023359298397,0.9553060959493468,2.0052341744550666,0.21511137961694554,0.01837577171405163
900220,0.01212631153836641,3.7407950400432773e-4,0.03653042653342654,0.001126911822729869,5.3663165686531995,6.377023359298397,0.9553060959493468,2.5221823530799536,0.21511137961694554,0.10779942592704908
900290,0.051298535291202936,0.011968394330598766,0.1698331540804022,0.03962355156741022,5.038639043555057,6.377023359298397,0.9553060959493468,2.6330385074801903,0.21511137961694554,0.05988760431363992
900311,0.06983015937834415,0.0492376302326926,0.19162200096351398,0.1351137289658853,3.8300267118597544,5.725011769285455,0.3292037898602551,2.205417740687975,0.24116205681688796,0.09469976735345907
900319,0.05685688274533372,0.03318899178880656,0.15670187717677175,0.09147137626600332,3.398022863501309,5.725011769285455,0.3292037898602551,1.9758837243813068,0.2461330695389085,0.09563723645356145
900390,0.02757946493392906,0.018080782096474873,0.05638871781104927,0.036967799117339314,3.509351228613764,5.725011769285455,0.3292037898602551,1.4011790464739406,0.24116205681688796,0.0343183539629165
900410,0.04035499666298263,0.01143333757071574,0.18458588159381442,0.05229668862756049,2.315102319210316,2.866692025910663,0.5572869117085121,2.006830960442024,0.24214005200486485,0.060113433881131065
900490,0.04906736477418897,0.01952760651001799,0.25972866764256963,0.10336563303198452,1.8431610988727576,2.866692025910663,0.5572869117085121,1.795591193436027,0.24116205681688796,0.07311328936706561
900510,0.0767285162414136,0.0897097996763139,0.3261007118284793,0.38127193076941585,2.204499419509937,3.364612812022506,0.3212187052535486,1.984864131153838,0.2461330695389085,0.10458191032025806
900580,0.06431461464166961,0.07126739099404825,0.2943200274443752,0.32613769965228495,2.0014208480946825,3.364612812022506,0.3212187052535486,1.8905648093861005,0.24148716546443932,0.10062916494867995
900590,0.04173318410242059,0.05653764850755284,0.20300795558307394,0.2750231664285356,2.5906711427775533,3.364612812022506,0.3212187052535486,2.028109489006367,0.1864231606018774,0.04059088358085198
900630,0.015757635270327846,0.027675765925395435,0.12782338961439865,0.22450133856189436,2.177245702500535,2.262896694514929,1.74091711581454,2.058265012429431,0.21511137961694554,0.13398874416720405
900640,0.024904058749059127,0.02233470396605035,0.18825320293724537,0.16883109699630888,1.8333784151298282,2.262896694514929,1.74091711581454,1.7488463630725821,0.25180922566921005,0.06194283464622121
900653,0.021591949549118382,0.01788007452192837,0.1926431494310662,0.15952583902304865,1.5043490607422247,2.262896694514929,1.74091711581454,1.562628439016897,0.2461330695389085,0.040982343057761
900659,0.004031393201269124,0.009051314033718456,0.02779444291044367,0.062404290183226595,2.190122043125207,2.262896694514929,1.74091711581454,1.9725801400813847,0.24593026416604347,0.02193039711821096
900661,0.03578427007658558,0.03920625754094348,0.2962028028058804,0.3245281612927263,1.5703275270011843,2.262896694514929,1.74091711581454,1.4583994318227105,0.2461330695389085,0.044292345471500405
900669,0.028237914994138236,0.020913081168492803,0.24656736982101285,0.18260850419158187,1.4556464659839596,2.262896694514929,1.74091711581454,1.5938350833033104,0.26236426446749106,0.020755423123715182
900691,0.011493601880550585,0.003127319879251344,0.09687488796936673,0.02635890524966875,1.7913912147782753,2.262896694514929,1.74091711581454,1.8058337296627942,0.2349011686479237,0.01687020195195631
900699,0.02293950995679735,0.01686935729631816,0.2138352094214609,0.15725107280222228,1.6710058065289517,2.262896694514929,1.74091711581454,1.9735668374741602,0.23846544011356016,0.04360888708369578
900710,NA,NA,0.012153235249346599,0.006472402877275612,NA,NA,NA,2.5157088821005806,0.21511137961694554,NA
900720,NA,NA,0.11921761453183279,0.02171011055032767,NA,NA,NA,1.64617186715985,0.21254128712719156,NA
900791,NA,NA,0.37966513399177454,0.33369941034842227,NA,NA,NA,2.439995065353167,0.24223829910297334,NA
900792,NA,NA,0.05081968974979236,0.0781303371439784,NA,NA,NA,1.9538487290923365,0.2098256889820609,NA
900850,0.03592790805022319,0.02623713759137224,0.4171237848241666,0.304613731469334,1.3248900567707744,2.428041985024344,2.2317712318453364,1.4474707409180407,0.23919135902887928,0.07916797633498385
900890,0.014258447587669624,0.0035631347446904195,0.11449077341105966,0.028610832292865256,2.2163251623282267,2.428041985024344,2.2317712318453364,1.5568915829347874,0.21288949548247155,0.05894743404650653
901010,0.04005993808187971,0.03255539499656549,0.3862950205307288,0.3139292665125896,1.9269052751483047,2.446894729497343,1.978322485184382,1.9507909378332473,0.2114586055517202,0.03887152864984819
901050,0.003970479466076769,0.0037428215879687097,0.03109888698694812,0.029315750546258595,2.357911598338174,2.446894729497343,1.978322485184382,1.9944417832168448,0.21511137961694554,0.04139389310732289
901060,0.013968568048495248,0.007201737098444114,0.1253122806526641,0.06460691585091637,1.9070158128840344,2.446894729497343,1.978322485184382,1.7017758720032348,0.21511137961694554,0.04803160517785642
901090,0.005299865090831834,0.005668227154795395,0.045279755014161094,0.04842688116301989,2.397141659758472,2.446894729497343,1.978322485184382,2.381684510054889,0.21288949548247155,0.12314156937328022
901110,0.02517740448339096,0.009980582795282996,0.1454652907796666,0.057663941468792834,2.5872158608206446,2.696831682546588,0.837234090106441,2.3782359913146123,0.21511137961694554,0.0567712714350262
901120,0.011708194694270235,0.002455811006950912,0.058253644553109885,0.012218787372791477,2.3777089400552622,2.696831682546588,0.837234090106441,1.609831447516114,0.20684915173605306,0.03003097500966356
901180,0.022092933798833227,0.00410857849651421,0.12224163079742326,0.02273303039995742,2.518224140696996,2.696831682546588,0.837234090106441,2.160019661401015,0.21511137961694554,0.06254685960382307
901190,0.018136674776160315,0.021189944590296106,0.10255048592766994,0.11981463754158563,2.5539171015814532,2.696831682546588,0.837234090106441,2.2691148507500754,0.21511137961694554,0.04321661923134933
901210,NA,NA,0.02231204515764218,0.0040210243598072185,1.6566004314787497,1.658594276844236,NA,2.536892289044674,0.21511137961694554,NA
901290,NA,NA,0.1911348396593219,0.032041872783213264,1.6187707055594351,1.658594276844236,NA,3.2430007591089285,0.21511137961694554,NA
901310,0.07690589952674232,0.029480289382415502,0.6801321461712367,0.26071462151533986,1.5233993983727117,2.174407332621307,1.1904068115678113,1.7792931027893963,0.22042717809332094,0.13389444455990218
901320,0.012825263553556206,0.004671571929473488,0.09701704497883352,0.035338229277784745,2.1258987509410785,2.174407332621307,1.1904068115678113,2.2688890425383783,0.21511137961694554,0.05531516995645941
901380,0.038642654821135984,0.042394781404823945,0.2824471824949526,0.30987225426686976,1.8411770610264213,2.174407332621307,1.1904068115678113,1.6784798798112603,0.2131805356574358,0.01043460913509851
901390,0.014695873102904171,0.0100253729081605,0.1084845632568326,0.07400704904111784,2.0745766838538344,2.174407332621307,1.1904068115678113,2.0466338606631966,0.21137134550026937,0.00904161126493444
901410,0.00970497697480072,0.011861455095453088,0.07644352422782598,0.09342952923236136,2.0708800506986287,2.139458430836594,1.7809442253004784,1.8185966678994374,0.2206713621688207,0.035358137237177664
901420,0.0033573074964705655,0.002091134356616453,0.02657179515085007,0.01655052264808363,2.136550220998671,2.139458430836594,1.7809442253004784,1.8565831194688995,0.21511137961694554,0.015854768895931706
901480,0.020066481342426633,0.014685548249767207,0.17431842864747546,0.1275740201304534,2.1106263874945985,2.139458430836594,1.7809442253004784,2.1631458597431084,0.21511137961694554,0.12055638655451664
901490,0.01212032775742012,0.020668450964170623,0.09454959725670686,0.16123274499618714,2.121838311144061,2.139458430836594,1.7809442253004784,1.779637769290377,0.21511137961694554,0.02918591825911647
901510,0.1995846110873849,0.10896020711559555,0.2785802689485899,0.15208669464834937,1.9481853178694557,2.270590423647812,0.3616360524783626,1.8795258819368528,0.8241754429663495,0.3750105979863218
901520,0.012024933060033445,0.0030133419974136474,0.07484934993566442,0.01875658587987356,2.2462873491807693,2.270590423647812,0.3616360524783626,2.646060806526366,0.21511137961694554,0.11578868848290197
901530,0.005612605402078898,0.002186181008645941,0.025749456658715256,0.010029740040050607,1.9979891442165303,2.270590423647812,0.3616360524783626,1.5904800812150808,0.2129653591861773,0.03431822370885083
901540,0.001770967048255835,0.0019830959381096323,0.009440012923649144,0.010570750767513256,2.2684395731615856,2.270590423647812,0.3616360524783626,2.2394379536178715,0.21511137961694554,0.03779667643219925
901580,0.011155632388928942,0.027336327412220033,0.063296787628915,0.15510565877762006,2.2025114219065625,2.270590423647812,0.3616360524783626,2.3266100826223046,0.21511137961694554,0.07633980113663912
901590,0.012402385304894702,0.024811995691364032,0.06361608095463932,0.1272692218266297,2.1554139962409096,2.270590423647812,0.3616360524783626,2.016604476248212,0.21511137961694554,0.027695934765986186
901600,NA,NA,0.1704668769873081,0.1101296797754205,NA,NA,0.5772810542753664,1.9217592987329963,0.2100222795090244,NA
901710,0.033419307313137234,0.019312524084538804,0.1440778032429233,0.08326043442805255,2.2123656445042696,3.67421469775862,0.35502211409301865,1.6683081011217076,0.21213397363161407,0.08282369628796116
901720,0.028671649362884376,0.011775883478506978,0.11639194169516337,0.047803944792017966,2.440688607200448,3.67421469775862,0.35502211409301865,1.727203563657497,0.210157642238396,0.06904200717364972
901730,0.032147888916235975,0.007511862955369927,0.13795428686897296,0.032235202123712205,2.9868767726399206,3.67421469775862,0.35502211409301865,2.309151285694813,0.20785594028775084,0.09466171323712373
901780,0.029793404727382355,0.027525263379910576,0.11517165479104823,0.10640375482531396,2.8283964481460244,3.67421469775862,0.35502211409301865,1.910516067622905,0.20720757692100178,0.08147677041374023
901790,0.008002404035632366,0.004134303615408649,0.03082336038908271,0.015924355947063647,3.303033779879845,3.67421469775862,0.35502211409301865,1.78357343120212,0.1680955178112677,0.07662962480724178
901811,0.018287581020840438,0.011328173721601149,0.12349586742121477,0.07649905356280148,2.2640798088406577,2.297302338195809,1.2880704291858542,2.000834191541997,0.21511137961694554,0.07344228525766719
901812,0.009812621031225094,0.00621138383453195,0.06904052633419272,0.04370261603247121,2.0709123882615494,2.297302338195809,1.2880704291858542,1.846255668507951,0.21511137961694554,0.03591998557033528
901813,0.0031059271975814,0.003527602901718737,0.021064430501100684,0.023924239504582914,2.2629599171496655,2.297302338195809,1.2880704291858542,2.013333755741829,0.21511137961694554,0.02870339232736642
901814,0.005438356452989414,0.003651913434904933,0.03341899167768362,0.02244120365108155,2.276605937954951,2.297302338195809,1.2880704291858542,1.7213088223838813,0.21511137961694554,0.019632370327609085
901819,0.04760375782652572,0.019642787418652347,0.3406588586126295,0.14056641423967592,2.1665522375425983,2.297302338195809,1.2880704291858542,2.047046003093787,0.21511137961694554,0.11870226393678725
901820,0.03868940066519836,0.012211708406692936,0.28685627010704967,0.0905417262855105,2.158295619720232,2.297302338195809,1.2880704291858542,2.1542132673857446,0.21511137961694554,0.09150598489805976
901831,0.019057504080184372,0.012368403050792402,0.2100693616859583,0.13633592956468002,2.0921136026999987,2.297302338195809,1.2880704291858542,1.9350080870013093,0.1397619423751586,0.10689213330403002
901832,0.012311646789528825,0.01182059943805464,0.13084401434450543,0.12562532932222512,2.2334703669879126,2.297302338195809,1.2880704291858542,2.0293982781928728,0.1397619423751586,0.04727667137080762
901839,0.03191370427829777,0.006358741505413835,0.19269722868257627,0.03839453594346195,2.236348963885664,2.297302338195809,1.2880704291858542,2.254695882266226,0.26236426446749106,0.03324322424659816
901841,0.008679528860352927,0.003529053823417465,0.04500915466740098,0.01830050132022036,2.255448500688838,2.297302338195809,1.2880704291858542,1.7805438477337363,0.26236426446749106,0.0036318063738514507
901849,0.02854108535719919,0.008406315092393203,0.16746612960891558,0.0493244400196227,2.190460507970114,2.297302338195809,1.2880704291858542,2.0839997753505983,0.26236426446749106,0.04316230559813394
901850,0.020099303336535885,0.005275042035217293,0.12288131758059716,0.03225007875781698,2.253505280575114,2.297302338195809,1.2880704291858542,2.3265950890112626,0.26236426446749106,0.025421968572705376
901890,0.031431204103009806,0.019705179668535976,0.20754939144580326,0.13011903823764817,2.2338613814438437,2.297302338195809,1.2880704291858542,2.176010019976379,0.234839584716252,0.05340328607857616
901910,0.06603541033443053,0.03577859516273164,0.29794144602152967,0.16142742697314835,1.7301282535918998,2.854714034532534,0.3405059692454499,1.707527360480875,0.26236426446749106,0.05313592954762772
901920,0.08013010287843488,0.04719785176872157,0.36306376225992293,0.2138500890200394,2.5669628135747264,2.854714034532534,0.3405059692454499,2.7109805943611924,0.26236426446749106,0.07781397540556897
902000,0.0291556747035666,0.01528126266464745,0.07861832409075141,0.04120594954155486,5.312383838846236,5.49127509871099,1.0222482039503324,2.6817857509139107,0.25857398388615677,0.038618923844982334
902110,NA,NA,0.32709007052330824,0.32864840358584774,NA,NA,1.6327313558963854,2.553809753494532,0.26236426446749106,NA
902121,NA,NA,0.30705302915263666,0.08790775461709766,NA,NA,1.6327313558963854,2.11997736013128,0.26236426446749106,NA
902129,NA,NA,0.1146328813846606,0.013019311113265167,NA,NA,1.6327313558963854,2.618689112926783,0.26236426446749106,NA
902131,NA,NA,0.27815765032031387,0.19553917549571356,NA,NA,1.6327313558963854,3.0232994135395255,0.26236426446749106,NA
902139,NA,NA,0.03631445205109217,0.009142165654203513,NA,NA,1.6327313558963854,2.5841484598249487,0.26236426446749106,NA
902140,NA,NA,0.21499096472279702,0.15522614321375583,NA,NA,1.6327313558963854,2.7168547115100576,0.26236426446749106,NA
902150,NA,NA,4.40407842324832e-4,1.2985326580963513e-4,NA,NA,1.6327313558963854,1.90500861758026,0.21511137961694554,NA
902190,NA,NA,0.3464166290505167,0.05285440470068582,NA,NA,1.6327313558963854,2.7354584927892236,0.26236426446749106,NA
902212,0.005717527505094678,0.005254726176151059,0.04752731472784639,0.043680248946777675,1.5774221406899498,1.601956202605631,0.42259837570717895,2.398033002553793,0.21511137961694554,0.08676764543620992
902213,0.0033793132271186933,0.0014794956131798254,0.02703413834268774,0.011835804021696327,1.599950966665245,1.601956202605631,0.42259837570717895,2.330705476783675,0.21511137961694554,0.009335648051280435
902214,0.008944069133506856,0.006267556819094236,0.07045846784048272,0.04937377428380887,1.5804189481687616,1.601956202605631,0.42259837570717895,2.2555439986675854,0.21511137961694554,0.04446381624030066
902219,0.00336872506884632,0.005424313418870878,0.023847087203004765,0.038398525398376404,1.588203115283779,1.601956202605631,0.42259837570717895,1.995863249145147,0.21511137961694554,0.018235769595936528
902221,7.09632842390494e-4,0.006911936668394156,0.004266700516380478,0.041558341145657145,1.5989198825824678,1.601956202605631,0.42259837570717895,1.6453921380535177,0.21511137961694554,0.07858556654838557
902229,0.11152400309350097,0.011041494494673895,0.651681966666052,0.0645201270365876,1.4035239495367415,1.601956202605631,0.42259837570717895,1.516116921453988,0.23638877806423045,0.18595102355492643
902230,0.01587111495017012,0.02482948563518577,0.12187365291898168,0.19066462085116692,1.56425342614538,1.601956202605631,0.42259837570717895,2.1612849050518137,0.21511137961694554,0.05168110196034636
902290,0.027005635400941235,0.005975693707906812,0.19494537732029316,0.04313669526167837,1.5056284227127823,1.601956202605631,0.42259837570717895,1.9612181142780525,0.2193292096819654,0.08118139000525688
902300,0.04429060970837014,0.0612306248763506,0.21058776397555182,0.29113214887849365,3.333750917408416,3.85879883993298,0.7270677629086387,3.174369166052698,0.2461330695389085,0.054387782870656924
902410,0.013323955924136746,8.349845635020833e-4,0.05965113474734595,0.0037382123592279624,3.0335917083253423,3.149900657762146,0.24643712929191708,2.675063852298422,0.21511137961694554,0.06368481592672307
902480,0.011127470279434353,0.0024322816872053587,0.04939922161594318,0.010797856033884235,3.046662108747325,3.149900657762146,0.24643712929191708,2.6630158294153583,0.21511137961694554,0.03379885889710477
902490,0.026089640164164818,0.01659885144667166,0.13006856262428595,0.08275272235636623,3.052714178177248,3.149900657762146,0.24643712929191708,3.027375208583601,0.21511137961694554,0.08215116058065705
902511,0.022800247014709764,0.011358386254438463,0.15735283333735023,0.0783883726401223,1.5610477425515483,2.769192036837527,1.010704763893954,1.8158400934635504,0.26236426446749106,0.025501263850222666
902519,0.030331696557235988,0.026174290972816226,0.20605592046489182,0.17781292281960745,2.3434108603156916,2.769192036837527,1.010704763893954,2.4138192711336575,0.21511137961694554,0.08996630146876403
902580,0.023506171687183032,0.017648728545689416,0.14024393252312553,0.10529690364808375,2.423163135409443,2.769192036837527,1.010704763893954,2.342237490322831,0.23192162395756438,0.07135060853885368
902590,0.03343101020225877,0.007964151786883016,0.22664728057277578,0.05399338319856962,2.204435250895588,2.769192036837527,1.010704763893954,2.204152868281877,0.21511137961694554,0.045965604838847623
902610,0.012939450161416514,0.005541772820329638,0.1231487123664174,0.05274275015841118,2.2757964138934326,2.397938672079174,2.802415265920701,2.170041303169887,0.22957444164450003,0.03569404704541282
902620,0.017297383283087803,0.004733997314565679,0.16481174344854457,0.0451061491859952,2.2105344157653115,2.397938672079174,2.802415265920701,2.0329419369749626,0.22957444164450003,0.04897461642915102
902680,0.014084718637450413,0.004083934978146567,0.13665170223312503,0.0396228480623842,2.2504427888026513,2.397938672079174,2.802415265920701,2.100234474148688,0.2245411901138007,0.02547286789471764
902690,0.010775833747795185,0.015174621145941626,0.10532983312700323,0.14832637088471767,2.274627646971539,2.397938672079174,2.802415265920701,1.9802965477012229,0.21511137961694554,0.042936012281182434
902710,0.008365968189079405,0.012161720125670699,0.11529533771489293,0.1676063782926613,1.9589836962358291,2.023404747725809,3.4666813690003533,2.3408256594404038,0.21511137961694554,0.037897183634086576
902720,0.0012873510593430513,0.001022594484119155,0.01595858243035269,0.0126765409087148,2.0028830325200957,2.023404747725809,3.4666813690003533,1.8742412956688415,0.21511137961694554,0.03594192791001882
902730,0.00578268046579424,0.002161932105037314,0.07695998029703745,0.028772513575908275,1.9952005708467184,2.023404747725809,3.4666813690003533,2.2452857499734287,0.21511137961694554,0.042839672512990604
902750,0.007719601117650135,0.004460545681677831,0.10462896568767618,0.06045678707537253,1.9756518561368508,2.023404747725809,3.4666813690003533,2.2872177433739895,0.21487938590735672,0.04884805890984441
902780,0.009438737111050657,0.009463040320099229,0.1271121349904158,0.12743942801202837,1.9490378646565472,2.023404747725809,3.4666813690003533,2.179525486976234,0.21511137961694554,0.025621359095040666
902790,0.012960812537021556,0.012240102931963547,0.17660043303605807,0.16678024406388275,1.9461161926211261,2.023404747725809,3.4666813690003533,2.2892699726502337,0.21706450523782755,0.038588876700202446
902810,NA,NA,0.005757027468534265,0.002092761760965028,NA,NA,2.3397880973256457,2.1378537638709387,0.211309093667207,NA
902820,NA,NA,0.03163233260118252,0.014714115686556799,NA,NA,2.3397880973256457,1.9671069925994142,0.211309093667207,NA
902830,NA,NA,0.0032943488614210676,0.0017817787275880926,NA,NA,2.3397880973256457,1.6314263777953517,0.21511137961694554,NA
902890,NA,NA,0.040686942800119724,0.06156279536987467,NA,NA,2.3397880973256457,1.660261743099339,0.21511137961694554,NA
902910,0.041313851587500096,0.010634310518224053,0.0638403552425793,0.016432700780886003,2.7399921496086805,2.864097028105,1.266635590566865,2.173272134427183,0.8124522848573383,0.10110942216397191
902920,0.021697311493776534,0.0074502053147595775,0.06281077275036913,0.021567333496741274,2.8118723283845286,2.864097028105,1.266635590566865,1.988363482304281,0.39987758329997236,0.10555679779843619
902990,0.00801656550782533,0.006264076148745375,0.04285989386186108,0.0334903567638497,2.797936012198303,2.864097028105,1.266635590566865,1.965158469277526,0.2160444702389645,0.05100297782534661
903010,0.011723660410949813,0.0038871441121692413,0.06889214580665583,0.022842157616313224,2.6578917087565137,2.670704521991764,1.0633305281264305,2.296420921303798,0.21511137961694554,0.15093817293745154
903020,0.017574925448948377,0.009853492369190395,0.09940172401307011,0.055730201069260486,2.517172183208956,2.670704521991764,1.0633305281264305,1.9991739666731365,0.21511137961694554,0.0903991925572124
903031,0.027418006182232547,0.0320625147086616,0.18845347719532038,0.2203767970695447,2.020704916242485,2.670704521991764,1.0633305281264305,1.9243528354801795,0.21511137961694554,0.0887635405477275
903032,0.00916264392872657,0.0032220184337433395,0.053641285868170185,0.018862810038386038,2.506492806115475,2.670704521991764,1.0633305281264305,2.0931870956277736,0.21511137961694554,0.07190639911946055
903033,0.023096953074224023,0.005947174085378411,0.14192753903849176,0.036544551112814204,2.376764086268153,2.670704521991764,1.0633305281264305,2.0592410594699975,0.21380327179916916,0.09912556260352051
903039,0.015985149542378244,0.0018243039668992948,0.09218819958927357,0.01052097121557452,2.5048207496203196,2.670704521991764,1.0633305281264305,2.04408025032179,0.21511137961694554,0.04878055225289288
903040,0.014647138309268904,0.005325054778080882,0.08179783130984271,0.02973809103567298,2.631773742913519,2.670704521991764,1.0633305281264305,2.0982259338309994,0.21511137961694554,0.08421972908059984
903082,0.004456052427949226,0.001088716029046147,0.025516218959705878,0.00623419877374915,2.653092492953538,2.670704521991764,1.0633305281264305,2.2046676423827676,0.21511137961694554,0.022458006791683572
903084,0.010688130137406437,6.241082663973162e-4,0.059357941640327955,0.0034660676449292933,2.5809523870288147,2.670704521991764,1.0633305281264305,2.020002803956334,0.21511137961694554,0.028797179677449998
903089,0.01023460289936579,0.03061619484682513,0.057897985549000344,0.17319831792562312,2.592423337925874,2.670704521991764,1.0633305281264305,2.091396341878488,0.21511137961694554,0.050525438969061316
903090,0.012242326670281483,0.01664605894137389,0.07070443622812239,0.09613778855672994,2.567486027847352,2.670704521991764,1.0633305281264305,2.126401317405369,0.21511137961694554,0.061029707531801126
903110,0.03207809368902786,0.08633776539580694,0.06190622788952868,0.1666197945513721,8.913137364754684,9.85559082919564,0.6567964982108385,3.0433572992267734,0.21511137961694554,0.1366646946701655
903120,0.014110601746646129,0.06981932918133606,0.024583435259008406,0.12163896264485904,9.727557667559193,9.85559082919564,0.6567964982108385,2.9446949563816687,0.2125110605238429,0.07798661352676732
903141,0.03371637219435009,0.009177599985890881,0.061805107308511055,0.016823356578606813,9.772088290007945,9.85559082919564,0.6567964982108385,3.1965165509191804,0.21511137961694554,0.02439564309104518
903149,0.03738981524361468,0.026298621656963613,0.06925261869279925,0.04870974638118654,9.114357869645026,9.85559082919564,0.6567964982108385,2.97458890592979,0.21511137961694554,0.08933035225063055
903180,0.044893486387178896,0.04334064295477585,0.09782577646886734,0.09444203137054072,9.03891740570018,9.85559082919564,0.6567964982108385,3.580118719471237,0.21511137961694554,0.12659505988631048
903190,0.032636332348140965,0.060107387139836745,0.06830679545205794,0.12580283086718713,9.312684533250048,9.85559082919564,0.6567964982108385,3.535971591327201,0.21511137961694554,0.09746836544357551
903210,0.017332586605131456,0.010653599626445716,0.10497800360552655,0.06452548863455528,2.1932299231950605,2.316739504259666,0.8387368591616475,1.9841965374186592,0.2125110605238429,0.10882909569203707
903220,0.013254431971416774,0.016577893170798216,0.08588501038667282,0.10742010900456318,2.2520337628442797,2.316739504259666,0.8387368591616475,2.3002864088801327,0.21511137961694554,0.018107759096332453
903281,0.004837451261849489,0.002514294241785646,0.03047786316602365,0.01584105176719987,2.2728395610424394,2.316739504259666,0.8387368591616475,2.2416132319419377,0.21511137961694554,0.02207879016043825
903289,0.015196426173847115,0.006924028934072955,0.09985356292315355,0.04549681293092862,2.217504410739369,2.316739504259666,0.8387368591616475,2.258943532262861,0.21259351526171977,0.04666662207166603
903290,0.011190469316276744,0.017224894431523172,0.07170400229821297,0.1103701583013991,2.1567324876421927,2.316739504259666,0.8387368591616475,2.1001428066032637,0.21266226107523473,0.0427697731186228
903300,0.03641233020906521,0.025175397061222626,0.1529874020587211,0.10577511985855655,6.1507688938624865,7.061191822246005,1.987745000940909,3.5132251112138713,0.21286422541064792,0.041470284012396365
910111,NA,NA,0.007413544467889205,0.055037647419866303,2.2572902842427083,2.260280745988462,NA,2.082985648049693,NA,NA
910119,NA,NA,0.008411413414908878,0.006751227111899463,2.2466546518157617,2.260280745988462,NA,1.4660268996923274,0.24752476484943298,NA
910121,NA,NA,0.04506666800542747,2.424814788817774e-4,2.2580546301678748,2.260280745988462,NA,2.2397209249940806,0.2399988760635789,NA
910129,NA,0,0.0010072309027026204,0,2.2600219190385347,2.260280745988462,NA,2.2121750671592366,0.24090663282340688,NA
910191,NA,NA,0.12400998610775092,0.009174666481163721,2.1260595998934906,2.260280745988462,NA,1.381806424409916,0.25671984684781407,NA
910211,NA,NA,0.043360983741646354,0.1408075167869387,4.34165578369672,4.701861387150387,0.35479098019610084,2.103589594251122,NA,NA
910212,0.022522392907059156,0.0670759546653177,0.0595601579307987,0.17738143854036276,3.1243584290475104,4.701861387150387,0.35479098019610084,1.7663112754807666,0.25671984684781407,0.034249259578480136
910219,NA,NA,0.01583056626943586,0.022696169524577068,4.238943541122794,4.701861387150387,0.35479098019610084,1.8790839278126117,NA,NA
910221,NA,NA,0.052880490051924536,0.1444643543422416,4.681120434721253,4.701861387150387,0.35479098019610084,2.733849918825864,NA,NA
910229,0.007614099992883822,0.005923968817143407,0.017112015504566595,0.013313595348402166,4.678133881631979,4.701861387150387,0.35479098019610084,2.0025907550530357,0.22422017059283195,0.008547688948002152
910291,NA,NA,0.06493194777162316,0.07278952946311833,3.2143436329769264,4.701861387150387,0.35479098019610084,1.6686873497550578,NA,NA
910299,NA,NA,0.0051194915476375155,0.011429644221150587,4.690186647850317,4.701861387150387,0.35479098019610084,1.8091163459815416,NA,NA
910310,NA,NA,0.09135618668800073,0.15978446993638812,NA,NA,97393.2116580002,1.366476000668998,NA,NA
910390,NA,NA,0.004185078506482794,0.0012881850669081922,NA,NA,97393.2116580002,1.925924213724595,NA,NA
910400,NA,NA,0.013965104103170398,0.05822008677256267,NA,NA,NA,1.9671652716565335,0.2105400499079684,NA
910511,NA,NA,0.19060429472111598,0.1299004652851487,NA,NA,0.4027121170574615,1.3396606664641306,NA,NA
910519,NA,NA,0.022725533784914043,0.027478313272118887,NA,NA,0.4027121170574615,1.278568243425572,0.23879235235353818,NA
910521,NA,NA,0.15153310952382576,0.14435475032440642,NA,NA,0.4027121170574615,1.3391028562151839,NA,NA
910529,NA,NA,0.016526161853924186,0.004035429571412839,NA,NA,0.4027121170574615,1.375663301734821,0.23927760478623414,NA
910591,NA,NA,0.16868377371125276,0.26395977842560836,NA,NA,0.4027121170574615,1.6498737709193714,NA,NA
910599,NA,NA,0.18377594873749786,0.011917042220191382,NA,NA,0.4027121170574615,1.6508906013150817,0.2418784592637208,NA
910610,NA,NA,0.08728831559191964,0.08425307062224097,NA,NA,0.45004730914314833,1.4887281947177733,0.20677757221703036,NA
910690,NA,NA,0.16738594463540848,0.22713155358110598,NA,NA,0.45004730914314833,1.3958587647635454,0.2091795785823316,NA
910700,NA,NA,0.13437795019862922,0.04411462297579754,NA,NA,1.469726111580436,1.7488913503611982,0.20792823050852255,NA
910811,NA,NA,0.0017087545320730894,1.0333707484811229e-4,NA,NA,NA,2.0487663867180292,NA,NA
910812,NA,NA,0.0049647047169893346,0.001958971953591678,NA,NA,NA,1.1551821052953692,NA,NA
910819,NA,NA,0.0028030399423756664,7.511546465005327e-4,NA,NA,NA,1.5664867449768287,NA,NA
910820,NA,NA,0.007606302564834902,0.01833884209403987,NA,NA,NA,2.007844579745406,0.2461330695389085,NA
910890,NA,NA,0.002455113810768482,1.3155730965301756e-4,NA,NA,NA,1.7824061670584546,0.24921579162398472,NA
910910,NA,NA,0.06376261378651948,0.016258935167571497,NA,NA,NA,1.1873589527564437,NA,NA
910990,NA,NA,0.01659480279540024,0.021448249760150695,NA,NA,NA,1.468905229731784,0.24398712977930404,NA
911011,NA,NA,0.003472195305524292,7.246344793457081e-4,NA,NA,NA,1.5234168882274548,0.1864231606018774,NA
911012,NA,NA,5.279657672869007e-4,0.004716162554485969,NA,NA,NA,1.1359243974663247,0.22913415545136676,NA
911019,NA,NA,0.04446577009577778,0.20743570155334864,NA,NA,NA,1.3092754366648909,0.22913415545136676,NA
911090,NA,NA,0.06147384158409323,0.008198373488771974,NA,NA,NA,1.4493677366822026,0.20788968070576647,NA
911110,NA,NA,0.007427027458705461,0.0013966480446927375,NA,NA,1.5483387982992638,1.4876708574211588,0.23676363632400235,NA
911120,NA,NA,0.015923683127861472,0.003349884336177381,NA,NA,1.5483387982992638,2.3927821234394626,0.23361485118150505,NA
911180,NA,NA,0.014106945105007956,0.014134166522587503,NA,NA,1.5483387982992638,2.759957922883449,0.23162183037870754,NA
911190,NA,NA,0.00834868679710041,0.00138822228297117,NA,NA,1.5483387982992638,3.0059762733610875,0.2335539515631713,NA
911220,NA,NA,0.12217434294062123,0.13226931381895055,NA,NA,NA,1.3308331498396588,0.23732818630616606,NA
911290,NA,NA,0.07746771618009513,0.04076914557838195,NA,NA,NA,1.33978688518337,0.23545681154756676,NA
911310,NA,NA,0.029173364759235543,2.1712832283879774e-4,NA,NA,0.35505314225837203,1.810916081519498,0.23732818630616606,NA
911320,NA,NA,0.050594035976760134,0.03441896088534608,NA,NA,0.35505314225837203,1.7730112166910563,0.2340726218464001,NA
911390,NA,NA,0.15793907522347728,0.14378740193530648,NA,NA,0.35505314225837203,1.8687670346715137,0.24462027351984497,NA
911410,NA,NA,0.027840032336467032,0.06700847130004615,NA,NA,1.6859477440326789,2.2538196824168732,0.2272440389968343,NA
911430,NA,NA,0.010988300609968433,0.005490908692844087,NA,NA,1.6859477440326789,1.1836562016807932,0.2349011965613919,NA
911440,NA,0,0.04299333859272966,0,NA,NA,1.6859477440326789,1.5398279444859058,0.2404337541344832,NA
920110,NA,NA,0.10658031117418737,0.06290561864110393,NA,NA,NA,2.3427106123364356,0.23695153131289348,NA
920120,NA,NA,0.19599722838951433,0.10179463563035535,NA,NA,NA,2.3269856979355996,0.23695153131289348,NA
920190,NA,NA,0.04070593916770302,0.004071215629965898,NA,NA,NA,1.9627280424913394,0.239229689065834,NA
920210,0.06417197931586256,0.044604841947386543,0.41109683750906506,0.28574635935578235,1.3223979408492663,2.525057214402437,0.726992318561353,1.4347924636431693,0.25518291256633385,0.0633216747451018
920290,0.035012210937603004,0.013164622717264159,0.20659836867798917,0.0776811719344158,1.9180031084265081,2.525057214402437,0.726992318561353,1.9819751785399562,0.23935755278420584,0.05522255246754133
920510,NA,NA,0.44620670028179804,0.19487306272842903,NA,NA,1.8300363525501664,2.2756353437407304,0.24038537199372986,NA
920590,NA,NA,0.3842109095755414,0.296158666833935,NA,NA,1.8300363525501664,2.1671127916791604,0.24162340010739697,NA
920600,0.03656031232020939,0.015135824097931284,0.2515972169889327,0.10416024859198261,2.2684347898936807,2.9348007355869292,1.7575389509532475,2.006408448832907,0.24111337968190466,0.05594783037972008
920710,0.03576024224993656,0.023981041544148828,0.18882893686439986,0.1266298630762397,2.109561275646052,2.89034181637467,0.560608555857778,2.064299511697111,0.23564262777600647,0.05263278045614371
920790,0.05471430301510511,0.021553374321929428,0.28936915807378977,0.11398997040068531,2.274449228166476,2.89034181637467,0.560608555857778,2.2828995576566573,0.23638877806423045,0.09666040451907976
920810,NA,NA,0.3605906377143504,0.37628884021695347,NA,NA,2.077662261991685,1.4295859162946851,0.25518291256633385,NA
920890,NA,NA,0.14657287630829688,0.2759434714067023,NA,NA,2.077662261991685,1.7256507193602977,0.23582871270397265,NA
920930,0.00440496247308836,0.0010100237705253858,0.042443225214979806,0.009731902740782354,1.9733503195191837,1.999473643041021,2.43654829995753,2.2433921112753743,0.2461330695389085,0.021981461991763568
920991,0.003242676634119985,0.0015579119374945645,0.03094370453546001,0.014866596989305002,1.9318886904994188,1.999473643041021,2.43654829995753,2.023763887849439,0.24194379783807426,0.0036593100822991005
920992,0.017935007184253123,0.006421609102693491,0.18244794460188535,0.06532528087593151,1.7466452630689133,1.999473643041021,2.43654829995753,1.8965849463555222,0.24387086208497505,0.02691499714021681
920994,0.02687405378498988,0.017858725525359415,0.28047440195620604,0.18638480824291834,1.680063243026509,1.999473643041021,2.43654829995753,1.8632407635403825,0.24522315280419166,0.02228322775625149
920999,0.021693580487816572,0.006443389934974644,0.2260404961382052,0.06713815907574866,1.719651243971896,1.999473643041021,2.43654829995753,1.9190545751692207,0.24308204606725187,0.03193385693649785
930320,0.045172757258364525,0.014670536433948377,0.22545860297678233,0.07322109275730622,2.5180704561028526,2.527198324868634,0.968994072063495,2.1345854875014805,0.24694759079184625,0.16158804469741606
930330,0.005477926306048214,0.012353945020791669,0.0392442700891334,0.08850457782299086,2.5265247212980464,2.527198324868634,0.968994072063495,2.4452013805207704,0.18862739062969303,1.5444871117005585e-4
930390,0.002193278115094762,2.667957294770892e-4,0.01148792725573599,0.0013974196483702188,2.5263132574450156,2.527198324868634,0.968994072063495,2.2324776222989464,0.24194379783807426,0.0055369762814180615
930400,NA,NA,0.35527406859638355,0.17972814303149892,1.890444615549915,2.255653410368404,NA,2.0647919953688842,0.23980613151307267,NA
930510,NA,NA,0.5181393433837804,0.6809372582549571,4.656405329228488,4.714801536575889,NA,4.072269360462038,0.24112310210173954,NA
930520,NA,NA,0.7288281484003856,0.8693991080034799,4.35611589094676,4.714801536575889,NA,4.064995428523492,0.24951343789596994,NA
930599,NA,NA,0.6823460230596154,0.906846659314327,3.068294114416995,4.714801536575889,NA,3.120017728033495,0.24452011374262972,NA
930621,NA,NA,1.0698648051294445e-4,3.619142288066373e-4,2.883427988709477,2.88346582011006,NA,1.4490858541867195,0.2461330695389085,NA
930629,NA,NA,0.4231971713785965,0.271570959481577,2.4923475655267335,2.88346582011006,NA,2.458953623926545,0.2461330695389085,NA
930630,NA,NA,0.027958021848587918,0.0012196717652666245,2.881336275731964,2.88346582011006,NA,2.268447635947699,0.2581079326693042,NA
930690,NA,NA,0.039658198277233034,0.24226989705921076,2.8710208910113497,2.88346582011006,NA,2.1229082982846403,0.25237712763702813,NA
930700,NA,NA,0.4713589238072616,0.5130830618576938,NA,NA,NA,1.7607205443962837,0.2407730850143432,NA
940110,0.015857925336950792,0.004126485903430506,0.06286570924398033,0.01635866341229266,2.893022674594405,2.904846051430628,0.4501023377880678,2.3727571187177574,0.2461330695389085,0.14773975733495817
940120,0.07435921440823441,0.04693464068092692,0.08187439194963572,0.0516781302452812,2.7263289518488074,2.904846051430628,0.4501023377880678,2.023963317527503,0.8241754429663495,0.2237091106017068
940130,0.03603087010018382,0.018577745028686355,0.1649907731443071,0.0850702885341959,2.206577338236718,2.904846051430628,0.4501023377880678,1.7234367112196285,0.21511137961694554,0.11487761036966582
940140,0.03512937638632623,0.03866534546347974,0.1644110902082232,0.1809599900384991,2.4824741207773204,2.904846051430628,0.4501023377880678,2.0491423878148938,0.21511137961694554,0.1330536359560217
940152,0.0313193585342911,0.02792992482722624,0.2518333835822714,0.22457955084673242,1.2985812956609109,2.904846051430628,0.4501023377880678,1.7960177447435774,0.21511137961694554,0.14830485893303352
940153,0.034650434068211056,0.026706723172475196,0.16998243999079796,0.13101348052608952,2.7355698331621294,2.904846051430628,0.4501023377880678,2.4366303571482084,0.21511137961694554,0.2225497143837632
940159,0.04175540868175099,0.019631225084327762,0.1929983449032631,0.09073780066615789,2.68644393129852,2.904846051430628,0.4501023377880678,2.220947629362443,0.21511137961694554,0.09215818029296236
940161,0.07252802836078964,0.05233663071682474,0.3685459264433336,0.26594480079486893,2.2795553151406445,2.904846051430628,0.4501023377880678,2.0924594485700196,0.21950056200651166,0.15963755313829017
940169,0.03201819938729612,0.02176473897324055,0.1441302181234652,0.09797417205347582,2.6608981056951233,2.904846051430628,0.4501023377880678,2.156363270116194,0.2176033692099265,0.0790431840031137
940171,0.04464181326861568,0.02443401175782973,0.2297166847654788,0.12573190391608458,1.7606918279558188,2.904846051430628,0.4501023377880678,1.7037884837763737,0.23773308363493773,0.07988737067723724
940179,0.06515952782468769,0.05303997121377669,0.4030043599198106,0.32804626372805834,1.420153638165935,2.904846051430628,0.4501023377880678,1.571660265171218,0.2301775760364606,0.11892141319058537
940180,0.05380714154897591,0.03982244448581519,0.3630943072116025,0.26872460561556755,1.4295976194446898,2.904846051430628,0.4501023377880678,1.7168501791110613,0.2246239499962225,0.11826844648058349
940190,0.04246196430713331,0.029704968220350073,0.17622879252532594,0.12328376152386458,2.7543195615824962,2.904846051430628,0.4501023377880678,2.160698380930529,0.22839290706601897,0.11549140501263964
940210,0.05728377135090521,0.060348637384962524,0.25254807379447924,0.2660602081230279,3.6896593337258237,9.85559082919564,1.6043957220729668,2.663397887509675,0.26236426446749106,0.06761886260312014
940290,0.10224639106977466,0.041289906255986955,0.3430208530839612,0.13852125947428462,6.6452460502959285,9.85559082919564,1.6043957220729668,4.244693983655725,0.26236426446749106,0.12155997201578345
940310,0.06173003727637854,0.035589234581138975,0.14415695375052637,0.08311084635442273,1.931127171893581,2.099875794646421,0.3054208945204739,1.897939964181723,0.488580014818671,0.14751241622740338
940320,0.1152439952766927,0.07127403660922031,0.29076320305687275,0.17982600420553943,1.6229622717330243,2.099875794646421,0.3054208945204739,1.6952021218219506,0.488580014818671,0.21909605926651576
940330,0.03880912740367265,0.02251959654090219,0.2044707982272167,0.1186473437698934,1.8852308381872496,2.099875794646421,0.3054208945204739,1.8311894919252962,0.21511137961694554,0.14497915633109895
940340,0.03137323556714985,0.023009288047445092,0.1568428592258864,0.1150293382519982,2.063203278665173,2.099875794646421,0.3054208945204739,1.913341749494363,0.21511137961694554,0.2619216167947864
940350,0.01586786460583072,0.012070123647929814,0.08329289316792075,0.06335795927835111,2.052920514740266,2.099875794646421,0.3054208945204739,2.012640753051443,0.21511137961694554,0.07897335241580622
940360,0.034964182933332325,0.03302804019367175,0.19868816560517424,0.18768580212862915,1.8981938696249063,2.099875794646421,0.3054208945204739,2.0149241362865067,0.21511137961694554,0.13437217072453986
940370,0.05224026064646559,0.04203230087981232,0.30896136827522785,0.24858905814937768,1.4627266544068618,2.099875794646421,0.3054208945204739,1.5838219558850133,0.21838648958663875,0.16907914729018791
940382,0.05800449446151584,0.05982191515690927,0.38684926241458734,0.3989701827335535,1.0506089049113465,2.099875794646421,0.3054208945204739,1.201826668205203,0.21511137961694554,0.10363974997061005
940383,0.07450595120222239,0.04998471193180158,0.4260821748455772,0.28585092097040987,1.7364669903463,2.099875794646421,0.3054208945204739,1.8307319302520537,0.21511137961694554,0.14762071037181929
940389,0.04819445980227627,0.03642706217198778,0.253925883758839,0.19192608429907734,1.6574716480991893,2.099875794646421,0.3054208945204739,1.5731143596970616,0.21511137961694554,0.09101967600407719
940390,0.043917603471619,0.053829470509417915,0.23641583699598415,0.28977308230761567,1.8431205046533683,2.099875794646421,0.3054208945204739,1.8688039871936484,0.21913552991667085,0.1465518088296466
940410,0.008906803054869017,0.010583446641647815,0.021352709821831482,0.0253722085985055,3.8597200498231476,4.118344733681768,0.3795607730500247,1.610884953925452,0.21511137961694554,0.07627149758187031
940421,0.013274587340113542,0.010165122747469835,0.03964879575918002,0.030361386411125832,4.0438611556483055,4.118344733681768,0.3795607730500247,2.1637001367093043,0.21056476910734967,0.2123319322956551
940429,0.009935735221540152,0.005153014354842007,0.02691947897506053,0.01396136858424171,4.0144188347022,4.118344733681768,0.3795607730500247,1.8788295988594834,0.20763936477824457,0.12082131526081095
940430,0.044897717066216696,0.026697375917130322,0.21523835804691313,0.12798644857798655,1.8648253052419568,4.118344733681768,0.3795607730500247,1.8327064824021841,0.24745944004288137,0.054087139898810734
940490,0.07331846900893578,0.08626584682607605,0.34561174237997794,0.4066436469890111,1.8450319642451145,4.118344733681768,0.3795607730500247,1.7379805001905844,0.24347416646644648,0.068972581581415
940510,0.033612104888284526,0.016841526680435894,0.17923166818798228,0.08980499530748058,2.1184445759885464,2.891144175708062,0.5848675216579834,1.7585184311353401,0.20744724863635972,0.08296666854946265
940520,0.030751808946497615,0.032123911148765096,0.22177025345409754,0.23166532836468878,1.4346499919721334,2.891144175708062,0.5848675216579834,1.5703860609070432,0.20831463901484581,0.09126964191682216
940530,0.02562326224673576,0.017623268585492426,0.10211003100935666,0.07022964072344454,2.5689164448966717,2.891144175708062,0.5848675216579834,1.4974032554488146,0.20340107258500845,0.1039277715469556
940540,0.01960052939074567,0.010280831528139469,0.09586087915019523,0.05028076176084352,2.153945249610156,2.891144175708062,0.5848675216579834,1.6221321340783896,0.20950481043281532,0.0785631124906488
940550,0.02813086628378033,0.02135205366026085,0.15457984697718535,0.11733009407374091,1.9204585442422242,2.891144175708062,0.5848675216579834,1.608375897461192,0.20783186341374016,0.09818809062463107
940560,0.03394717021937481,0.019098336471933555,0.1989603594010455,0.11193309674599367,2.157304134626671,2.891144175708062,0.5848675216579834,2.0283623530077115,0.20668228766093383,0.07908090598160367
940591,0.02161921631009518,0.009893285288237543,0.12606181707820927,0.05768782283407613,1.7870365149226937,2.891144175708062,0.5848675216579834,1.5331761894731857,0.2032627869897825,0.05853138191887686
940592,0.014030928703357448,0.011289310068127872,0.07000879485057591,0.05632920024566748,2.0134460878431257,2.891144175708062,0.5848675216579834,1.52014912704513,0.20953151146147192,0.0511935998431226
940599,0.047268120230633356,0.053925319333400425,0.10669069987463864,0.12171692109971564,2.050829650015692,2.891144175708062,0.5848675216579834,1.6010818415325678,0.47222859038946075,0.09446706534670071
940610,0.038316071781760955,0.029701506214363346,0.4023087243924603,0.3118580408162625,2.979827956786312,3.212808755580015,3.804802022668467,2.8018417759638456,0.21115979382273378,0.07665516149086643
940690,0.008540361828016516,0.008463774877735593,0.0356003663944012,0.035281114874859444,2.783268704056757,3.212808755580015,3.804802022668467,1.7615864394130283,0.47977783237294436,0.009270715084941013
950300,0.04812682116604868,0.041704498790612665,0.32854182243577307,0.2846992945817975,1.3546608250374073,2.529301839963298,0.9496832530303376,1.4765845661687351,0.26236426446749106,0.0470450449688192
950420,0.05154110126013948,0.0412912171407214,0.29175782645079085,0.23373648350430903,1.6286399347466962,2.754308592853999,0.49174626841237806,1.8130447055432108,0.24999863861738617,0.07369407683435598
950430,0.05089171621326231,0.0242437254832832,0.2586874151432149,0.12323315355354166,2.3130746501178185,2.754308592853999,0.49174626841237806,2.4021823951553194,0.2461330695389085,0.10690431819995026
950440,0.032379850621116806,0.02499243898840485,0.1686318858235557,0.13015878816921814,2.252441596732882,2.754308592853999,0.49174626841237806,2.5859309956175753,0.26236426446749106,0.06383149885004889
950450,0.06516219337185232,0.060461658070707504,0.3800613092826196,0.35264523397208575,1.2735311264203908,2.754308592853999,0.49174626841237806,1.4570758997861442,0.26236426446749106,0.046970881209323495
950490,0.05233028872762451,0.04625066044145503,0.32108502390872184,0.2837820079865033,1.4981535276375855,2.754308592853999,0.49174626841237806,1.8281749292252907,0.25237712763702813,0.047182434303059906
950510,0.09405921884213844,0.0779799279940826,0.5793755719816011,0.48033213480628245,1.3864597667455985,4.205257669855452,0.8399934369096183,1.3823154067304113,0.2602185966994813,0.08348746367694343
950590,0.0851389772077411,0.06023214931317884,0.5855186965141982,0.4142291898579966,1.2077041984811046,4.205257669855452,0.8399934369096183,1.3391087478457722,0.26236426446749106,0.07850277989860795
950611,0.05605313027201378,0.04253243926837414,0.3068875376809687,0.23286256263111188,2.1951665572985326,2.405943471868548,0.44987126436921065,2.4768833933170558,0.24352270460801556,0.06427359494338805
950612,0.05803812563690595,0.05386910967097102,0.3305308675519277,0.3067880528256358,2.0169163454815564,2.405943471868548,0.44987126436921065,2.3450649610246157,0.24332423789332588,0.07976937797707188
950619,0.015458503399886017,0.006378579468966181,0.07822696642378077,0.032278475415279465,2.0912337306544035,2.405943471868548,0.44987126436921065,2.1153695966342045,0.2424021852174612,0.02710771241565907
950621,0.02405608183436463,0.012729899342600295,0.1467753837987885,0.0776699994036852,1.7592793296750115,2.405943471868548,0.44987126436921065,2.1921304804579256,0.2461330695389085,0.04193770557436467
950629,0.04197505640788811,0.02108332461146669,0.25370786658531047,0.12743295102983063,1.5418020395798888,2.405943471868548,0.44987126436921065,1.8438531045160256,0.2461330695389085,0.07345989866173568
950631,0.04318948812662133,0.029290108631916986,0.2533404772282253,0.17180963286996234,1.916394016531087,2.405943471868548,0.44987126436921065,2.220096399429192,0.23751698294254997,0.02933998468136966
950632,0.06538939827548668,0.04403662319606492,0.3622357001762754,0.24394836865788028,2.210277941359122,2.405943471868548,0.44987126436921065,2.5638339280649842,0.2461330695389085,0.08408653261148161
950639,0.04545660550484181,0.04236095139383605,0.26423731730830036,0.24624241143000186,1.840447164224038,2.405943471868548,0.44987126436921065,2.0811239702923587,0.23657607556322835,0.04527418307828709
950640,0.029677036103333873,0.04176844087590545,0.19012361465604768,0.26758625525216984,1.344438628964019,2.405943471868548,0.44987126436921065,1.712888793304461,0.2511029532308734,0.04287122698606297
950651,0.03407704559532294,0.018680617474021475,0.21652550090220002,0.11869661776900173,1.3123486306320127,2.405943471868548,0.44987126436921065,1.617895134485273,0.24797342170174333,0.01647022363534101
950659,0.020508529732807392,0.009308312308949313,0.14917989497524814,0.0677090493924833,1.158351820698863,2.405943471868548,0.44987126436921065,1.5963511686962955,0.2428491488016405,0.015580812522658166
950661,0.06425950932489732,0.060704506174130965,0.40466087375223386,0.38227398197085377,1.5536797764927783,2.405943471868548,0.44987126436921065,1.9582884700926844,0.2461330695389085,0.10548332595362776
950662,0.036131566108899234,0.017473846938435827,0.2130446115705382,0.10303203914333488,1.6427695840313552,2.405943471868548,0.44987126436921065,1.878961941294323,0.24042408041444185,0.05273340105979453
950669,0.06099255153543175,0.05986042208876803,0.32769904052697685,0.3216163677401445,1.6181119929436054,2.405943471868548,0.44987126436921065,1.6376249912449288,0.24011470647434668,0.07762155872037126
950670,0.03748975295049675,0.0248089996110149,0.18728292254236692,0.12393525128422457,1.6358188731441117,2.405943471868548,0.44987126436921065,1.6024520387538301,0.2511452464577243,0.03565576562480021
950691,0.04960080820688248,0.0216033229139628,0.31171950965536876,0.13576748986789006,1.4158601746369224,2.405943471868548,0.44987126436921065,1.6602132340567588,0.2371396909503452,0.07033691801050648
950699,0.06093989754365835,0.03916948571264576,0.3677672831495789,0.2363846334429068,1.5442459791590646,2.405943471868548,0.44987126436921065,1.8437306277405041,0.2461105252301839,0.07478632108374003
950710,NA,NA,0.24002584031072502,0.12838878007350557,NA,NA,0.6496582319705727,1.616612643213318,0.24921579162398472,NA
950720,NA,NA,0.1156591740501929,0.08596078144714228,NA,NA,0.6496582319705727,2.0072548052002905,0.23751698294254997,NA
950730,NA,NA,0.3308291762565312,0.15491478694859612,NA,NA,0.6496582319705727,2.0206004023447113,0.24436995592809502,NA
950790,NA,NA,0.23411275270136173,0.0970600870951214,NA,NA,0.6496582319705727,1.9908593271750727,0.2393063790870822,NA
950810,NA,NA,0.25368267369798164,0.11653387135382826,NA,NA,0.23447100616975325,2.3826854376037985,0.2461330695389085,NA
950890,NA,NA,0.18079390426925823,0.05450633712960919,NA,NA,0.23447100616975325,2.487353058807821,0.2461330695389085,NA
960110,NA,NA,0.13815829921182388,0.2945761967501098,NA,NA,NA,1.3557731257558188,0.2461330695389085,NA
960190,NA,NA,0.18615041163254598,0.4781049721954957,NA,NA,NA,1.8176626440441248,0.24322510383042165,NA
960200,0.046526342925870115,0.025675258729773876,0.3223552217809091,0.1778896255677223,2.737686957441885,3.169668278405022,1.8150241452375255,2.7541497550665115,0.24088963197233104,0.07483556964776546
960310,0.004023772289226413,0.0012232002913388992,0.029793778753992573,0.009057112637697718,2.105423043208697,2.199133176376745,1.7789531530265483,1.7872661852567922,0.22875810268801935,0.005110126018015663
960321,0.014695854898518866,0.005496280659272867,0.13672434772883285,0.05113519378511421,1.6190604732011895,2.199133176376745,1.7789531530265483,1.9285714617356473,0.2461330695389085,0.02567615691330751
960329,0.0221599660471936,0.014544503423813707,0.23013929893665216,0.15104995261317786,1.2515012039860751,2.199133176376745,1.7789531530265483,1.479223072129195,0.2506811067464942,0.025128053733016874
960330,0.03888081287569584,0.022454208167470638,0.4181450071968533,0.2414845354649396,1.2170159374743204,2.199133176376745,1.7789531530265483,1.4865280056413803,0.2494935584492147,0.020246032178620445
960340,0.016396906682803115,0.012277257520886561,0.1727822886343551,0.1293715146184808,1.2329626395621864,2.199133176376745,1.7789531530265483,1.4896488881120584,0.25157925879092835,0.017565440720483876
960350,0.015940402054687264,0.00655484304315491,0.12958439590185547,0.05328632070035785,1.8448243844506973,2.199133176376745,1.7789531530265483,1.9123391368314384,0.2461330695389085,0.026695338010716874
960390,0.02363057744175458,0.01722745578208247,0.23244906528838172,0.16946289203945333,1.4008745936201246,2.199133176376745,1.7789531530265483,1.5487667661364588,0.24148715635973528,0.03661098789766559
960400,NA,NA,0.0367784233024035,0.023913168489414414,NA,NA,NA,1.9558392159971323,0.23657607556322835,NA
960500,NA,NA,0.15007650001458023,0.14744245753189192,NA,NA,0.923057339878382,1.4382243673423747,0.24492131758754682,NA
960610,0.0016891692667939848,6.453009427436974e-4,0.017857740951619086,0.006822061766032579,1.4164907614916904,1.518298548130784,1.439781947013153,1.7112073868504258,0.21041652266251623,0.007314407504941729
960621,0.0010033818649802535,0.001201630259934023,0.010726308264504351,0.012845614454335866,1.328373029995454,1.518298548130784,1.439781947013153,1.5482409104605894,0.21041652266251623,0.00334344394620444
960622,0.0012610117879806467,2.631857860003342e-4,0.013111106900914918,0.002736419284848634,1.250645304402055,1.518298548130784,1.439781947013153,1.3573809217171082,0.21511137961694554,0.005452905750497119
960629,0.0020546465474707387,3.368112527050389e-4,0.02341980690802743,0.003839129660774503,1.3354549996187803,1.518298548130784,1.439781947013153,1.7587027551873398,0.21012069674248865,0.005525926334726113
960630,7.431930389990448e-4,4.342030033573239e-4,0.006994824823666456,0.00408665553499384,1.4513668859613138,1.518298548130784,1.439781947013153,1.4365441913120356,0.21056476910734967,0.0019204455573566196
960711,NA,NA,0.008008963572234542,0.005235203413682561,NA,NA,0.26598759224296564,2.088682381214818,0.200670695462151,NA
960719,NA,NA,0.006699706978200961,0.002651343766417918,NA,NA,0.26598759224296564,2.2375824781272566,0.1967102942460544,NA
960720,NA,NA,0.004486821799160847,0.0019089974045405184,NA,NA,0.26598759224296564,2.3747916001717293,0.1986706947954841,NA
960810,0.04124294587889672,0.020465257924672693,0.17300896887910336,0.08584918210714479,3.3416790407379438,4.9332254223868794,1.0316221609276794,2.2715980824037802,0.23564262777600647,0.06334113133917518
960820,0.04145666396851383,0.01814109459307302,0.18843161508773754,0.08245612228297963,2.9243772936635564,4.9332254223868794,1.0316221609276794,2.135548973458691,0.23827512618311886,0.07473007131464424
960830,0.016303066447105566,0.03183969604306691,0.043527423183225514,0.08500854291358764,4.426439975429798,4.9332254223868794,1.0316221609276794,1.813862022144192,0.2407730850143432,0.04988928242575084
960840,0.061219545673608454,0.02913750226053296,0.2230917868886296,0.10618075278490766,3.927036059590616,4.9332254223868794,1.0316221609276794,2.3973972692042027,0.23961366230848571,0.09590361995608253
960850,9.441968454860598e-4,5.417930811061323e-4,0.002668615990958853,0.001531288403411678,4.7393019538613785,4.9332254223868794,1.0316221609276794,1.4654884799492347,0.1864231606018774,0.005706185734795795
960860,0.012871452863009366,0.003924388194262234,0.03655769247332553,0.011146105904181925,4.568204571235129,4.9332254223868794,1.0316221609276794,2.092332240127674,0.2407730850143432,0.025772055764347865
960891,0.022042329736452898,0.011256173784761073,0.06804586291128639,0.03474841667924,4.498666024579937,4.9332254223868794,1.0316221609276794,2.3865816322209175,0.2461330695389085,0.03507678867059229
960899,0.020975703600673246,0.008198404242780085,0.06224103261053314,0.024327057415744112,4.313812625742923,4.9332254223868794,1.0316221609276794,2.0792072474096934,0.243027079006657,0.028923696609217793
960910,NA,NA,0.08228050196950933,0.03820102644229,NA,NA,0.782660991219385,1.6402397143676533,0.23770604632484202,NA
960920,NA,NA,0.0773572230900929,0.050894331413681514,NA,NA,0.782660991219385,1.492763807104799,0.2461330695389085,NA
960990,NA,NA,0.22189952702903673,0.17577567282029619,NA,NA,0.782660991219385,1.624453863676803,0.2461330695389085,NA
961000,NA,NA,0.3108679335810466,0.28076233922454474,NA,NA,0.8079007030235904,1.533174204564662,0.2545298651348805,NA
961100,NA,NA,0.17416590679099428,0.09093312076748737,NA,NA,0.32813255338940156,2.248126626292251,0.2407730850143432,NA
961210,0.023126051329701726,0.009963790366089352,0.1582772602587452,0.06819328637014847,2.206783492682021,3.468853474563065,0.6677137036687887,2.9099412409996837,0.2368763411226516,0.024379070478788855
961220,0.034702589226731743,0.01119631376786254,0.15667214364289905,0.05054811522704159,2.7069812216743383,3.468853474563065,0.6677137036687887,2.2559689090418464,0.239229689065834,0.05996711229987599
961310,0.009056903816426506,0.005617593014416149,0.031337459612036093,0.019437226868506262,2.091484562277289,2.177185923931525,0.35424651238141053,1.3700716518919456,0.23827512618311886,0.022544782290266466
961320,0.027538111928618082,0.018546844599737832,0.16308192621632384,0.1098352403534534,1.2208430180007523,2.177185923931525,0.35424651238141053,1.4035273054129838,0.24312605090154804,0.013224943767866192
961380,0.03949142089970515,0.016080786743724484,0.2410991625167892,0.09817484730087303,1.369236319796812,2.177185923931525,0.35424651238141053,1.6319128440437318,0.23759797672425412,0.07545935532426837
961390,0.007831396726097313,0.0020996280684343074,0.026664441870369544,0.0071488410737253726,1.9999178876184296,2.177185923931525,0.35424651238141053,1.2688990923654344,0.2383702449853342,0.028792321652205268
961400,0.007757558928049698,0.003586506535107689,0.18188881841925655,0.08409158628043878,1.4839235832438018,1.994772588584006,7.167072295757847,1.40450062601764,0.2463587936743286,0.0063430435528778854
961511,0.03891541811326629,0.022896209633043826,0.20737770205442058,0.122012394306982,1.1722569115329118,2.9461140420588,0.3776011762326122,1.213502033724452,0.2547036643561064,0.03106628519095711
961519,0.0356339238344994,0.01502198770471255,0.19153158055026806,0.08074286349865036,1.2769078214846252,2.9461140420588,0.3776011762326122,1.3381076792193398,0.2499811723697529,0.035245240069402724
961590,0.0414039086945415,0.021089719927092562,0.22792266040438416,0.11609592486614681,1.2534073993474661,2.9461140420588,0.3776011762326122,1.3224275670065848,0.24638703241936605,0.044210350301498814
961610,0.03027562254141937,0.01464283306401378,0.17488331826749579,0.08458247990007073,2.019016359112774,3.162147280394379,1.127240462368468,1.7433094896760284,0.2461330695389085,0.04856520304766835
961620,0.028441599383817857,0.029847150224985942,0.23408334655594515,0.2456514739391874,1.261066639642968,3.162147280394379,1.127240462368468,1.4966139794450537,0.25280473215890314,0.03490349590891187
961700,NA,NA,0.35148388217753596,0.23967570181977993,NA,NA,1.2108956524804089,1.3818002447072633,0.24327467610136738,NA
961800,0.04949686763735578,0.022140760800194646,0.12793313193900727,0.05722658842644738,5.50518622293454,9.85559082919564,0.5634564815369868,2.816195633998143,0.23751698294254997,0.06444894472311724
961900,NA,NA,0.11217877868072819,0.10017179817799053,NA,NA,NA,NA,0.23691570471669493,NA
962000,NA,NA,0.059269058001576995,0.02202767272437431,NA,NA,NA,NA,0.18681754128107741,NA
970110,NA,NA,0.08545712173221545,0.19142281446646675,NA,NA,NA,1.5629156840617184,0.2461330695389085,NA
970190,NA,NA,0.13023452507043706,0.030717170167100058,NA,NA,NA,1.1064029840024323,0.2461330695389085,NA
970200,NA,NA,0.11629796153243305,0.004855393709098587,NA,NA,NA,NA,0.2461330695389085,NA
970300,NA,NA,0.13234752057702495,0.3510122638686176,NA,NA,NA,NA,0.2461330695389085,NA
970400,NA,NA,0.017841875572497952,1.9659304257222343e-6,NA,NA,NA,1.4900046462946333,0.2461330695389085,NA
970500,NA,NA,0.17187623831940851,9.568538132872105e-4,4.822025489744142,4.858810742183524,NA,4.821284772679025,0.24893234440246714,NA
970600,NA,NA,0.18361422616443962,0.19096358900723864,NA,NA,NA,1.7090748796657447,0.2461330695389085,NA
010130,0,0,0,0,2.741076250654633,2.741076250654633,NA,1.8116229399102757,0.24756206947975484,0
010190,0,0,0,0,2.741076250654633,2.741076250654633,NA,2.075995744594287,0.24165006007992784,0
010221,0,0,0,0,NA,NA,NA,2.264445177154328,0.2461330695389085,0
010229,0,0,0,0,NA,NA,NA,1,0.2461330695389085,0
010231,0,0,0,0,NA,NA,NA,NA,0.2461330695389085,0
010239,0,0,0,0,NA,NA,NA,NA,0.2461330695389085,0
010290,0,0,0,0,NA,NA,NA,1.0000042426735627,0.2461330695389085,0
010310,0,0,0,0,NA,NA,NA,NA,0.2461330695389085,0
010391,0,0,0,0,NA,NA,NA,1.847757410988244,0.2461330695389085,0
010392,0,0,0,0,NA,NA,NA,1,0.2461330695389085,0
010410,0,0,0,0,2.696097927221026,2.696097927221026,NA,1,0.2461330695389085,0
010420,0,0,0,0,2.696097927221026,2.696097927221026,NA,1,0.2461330695389085,0
010511,0,0,0,0,NA,NA,NA,1.787923783274231,0.2461330695389085,0
010512,0,0,0,0,NA,NA,NA,1,0.2461330695389085,0
010513,0,0,0,0,NA,NA,NA,1,0.2461330695389085,0
010514,0,0,0,0,NA,NA,NA,1,0.2461330695389085,0
010515,0,0,0,0,NA,NA,NA,NA,NA,0
010594,0,0,0,0,NA,NA,NA,1.5547443179921798,0.2461330695389085,0
010599,0,0,0,0,NA,NA,NA,2.0092048613187483,0.2461330695389085,0
010611,0,0,0,0,2.557583070206207,2.557583070206207,NA,1.7906869471651603,0.2461330695389085,NA
010612,0,0,0,0,2.557583070206207,2.557583070206207,NA,NA,NA,NA
010613,0,0,0,0,2.557583070206207,2.557583070206207,NA,NA,0.26236426446749106,0
010614,0,0,0,0,2.557583070206207,2.557583070206207,NA,1.0698844586113638,0.2461330695389085,0
010631,0,0,0,0,2.557583070206207,2.557583070206207,NA,1.5517873369496924,0.24253347659469016,0
010632,0,0,0,0,2.557583070206207,2.557583070206207,NA,NA,0.24253347659469016,0
010633,0,0,0,0,2.557583070206207,2.557583070206207,NA,1.1732987686157466,0.24253347659469016,0
010639,0,0,0,0,2.557583070206207,2.557583070206207,NA,1.6652079337608603,0.24253347659469016,0
020110,0,0,0,0,3.217598506866535,3.217598506866535,NA,2.188386105921636,0.23398091664061293,0
020120,0,0,0,0,3.217598506866535,3.217598506866535,NA,2.993160242198593,0.23495395706403782,0
020130,0,0,0,0,3.217598506866535,3.217598506866535,NA,3.281720019991852,0.2356673950547217,0
020210,0,0,0,0,3.568344021806915,3.568344021806915,NA,3.273474251323344,0.22948623306773758,0
020220,0,0,0,0,3.568344021806915,3.568344021806915,NA,3.43801486264851,0.2366452735257636,0
020230,0,0,0,0,3.568344021806915,3.568344021806915,NA,3.282744846758649,0.23849263522640418,0
020311,0,0,0,0,2.225595580421718,2.225595580421718,1.385699918927072,2.759748717845522,0.2461330695389085,0
020312,0,0,0,0,2.225595580421718,2.225595580421718,1.385699918927072,1.1382087176721847,0.2461330695389085,0
020319,0,0,0,0,2.225595580421718,2.225595580421718,1.385699918927072,1.433976634604278,0.2461330695389085,0
020321,0,0,0,0,2.225595580421718,2.225595580421718,1.385699918927072,2.9172630593839934,0.2461330695389085,0
020322,0,0,0,0,2.225595580421718,2.225595580421718,1.385699918927072,2.828560969870001,0.2461330695389085,0
020329,0,0,0,0,2.225595580421718,2.225595580421718,1.385699918927072,2.7150244675477335,0.21511137961694554,0
020410,0,0,0,0,NA,NA,NA,5.000116864085948,0.2461330695389085,0
020421,0,0,0,0,NA,NA,NA,NA,NA,0
020422,0,0,0,0,NA,NA,NA,3.343875706094613,0.24921579162398472,0
020423,0,0,0,0,NA,NA,NA,5.000118921450299,0.2461330695389085,0
020430,0,0,0,0,NA,NA,NA,2.330429304912706,0.2461330695389085,0
020441,0,0,0,0,NA,NA,NA,1.5651189266028132,0.2461330695389085,0
020442,0,0,0,0,NA,NA,NA,1.9495503657094568,0.255620139992118,0
020443,0,0,0,0,NA,NA,NA,2.4818145584408953,0.2461330695389085,0
020450,0,0,0,0,NA,NA,NA,2.0076767254763705,0.2461330695389085,0
020500,0,0,0,0,NA,NA,NA,NA,0.2461330695389085,0
020610,0,0,0,0,NA,NA,0.19500324026913257,5.773099140164471,0.21511137961694554,0
020621,0,0,0,0,NA,NA,0.19500324026913257,1.8112318227692479,0.2461330695389085,0
020622,0,0,0,0,NA,NA,0.19500324026913257,3.2059713933316663,0.2461330695389085,0
020629,0,0,0,0,NA,NA,0.19500324026913257,5.304039537366157,0.2461330695389085,0
020630,0,0,0,0,NA,NA,0.19500324026913257,4.99354599356834,0.2461330695389085,0
020641,0,0,0,0,NA,NA,0.19500324026913257,5.0697879899656915,0.2461330695389085,0
020649,0,0,0,0,NA,NA,0.19500324026913257,3.7608229684461914,0.2461330695389085,0
020680,0,0,0,0,NA,NA,0.19500324026913257,1.9626917294401307,0.2461330695389085,0
020690,0,0,0,0,NA,NA,0.19500324026913257,4.197410119681909,0.2539882266653081,0
020711,0,0,0,0,NA,NA,2.129730755319653,1.0307834989663571,0.2461330695389085,0
020712,0,0,0,0,NA,NA,2.129730755319653,2.9869099320198003,0.2461330695389085,0
020713,0,0,0,0,NA,NA,2.129730755319653,2.7645158623685933,0.2461330695389085,0
020714,0,0,0,0,NA,NA,2.129730755319653,2.7696159501966764,0.2461330695389085,0
020724,0,0,0,0,NA,NA,2.129730755319653,NA,0.2461330695389085,0
020725,0,0,0,0,NA,NA,2.129730755319653,1.0412111986967691,0.23638877806423045,0
020726,0,0,0,0,NA,NA,2.129730755319653,1.1745018579113202,0.2461330695389085,0
020727,0,0,0,0,NA,NA,2.129730755319653,1.988356078661032,0.2461330695389085,0
020741,0,0,0,0,NA,NA,2.129730755319653,1.0281059226922291,0.2461330695389085,0
020742,0,0,0,0,NA,NA,2.129730755319653,1.2188212831288037,0.2461330695389085,0
020743,0,0,0,0,NA,NA,2.129730755319653,1.2333247676354626,0.2461330695389085,0
020744,0,0,0,0,NA,NA,2.129730755319653,2.916397909547317,0.2461330695389085,0
020745,0,0,0,0,NA,NA,2.129730755319653,2.1812241904237726,0.2461330695389085,0
020751,0,0,0,0,NA,NA,2.129730755319653,1.0000271383479808,NA,0
020752,0,0,0,0,NA,NA,2.129730755319653,1.1496191305184973,NA,0
020753,0,0,0,0,NA,NA,2.129730755319653,1.153934348328976,NA,0
020754,0,0,0,0,NA,NA,2.129730755319653,1.373133120639963,NA,0
020755,0,0,0,0,NA,NA,2.129730755319653,4.369092466653495,NA,0
020760,0,0,0,0,NA,NA,2.129730755319653,NA,NA,0
020830,0,0,0,0,2.371878252461416,2.371878252461416,NA,2.9452071976716847,NA,0
020840,0,0,0,0,2.371878252461416,2.371878252461416,NA,1,NA,0
020850,0,0,0,0,2.371878252461416,2.371878252461416,NA,2.669127771375449,0.23379775733872618,0
020860,0,0,0,0,2.371878252461416,2.371878252461416,NA,NA,0.24838618222472464,0
020910,0,0,0,0,NA,NA,NA,6.730078607406419,0.23980613151307267,0
020990,0,0,0,0,NA,NA,NA,2.7058821166798994,0.23980613151307267,0
021011,0,0,0,0,2.685700787350038,2.685700787350038,NA,2.1976626289181076,0.2461330695389085,0
021012,0,0,0,0,2.685700787350038,2.685700787350038,NA,1.854705304765835,0.2461330695389085,0
021019,0,0,0,0,2.685700787350038,2.685700787350038,NA,3.3750092623161883,0.21511137961694554,0
021020,0,0,0,0,2.685700787350038,2.685700787350038,NA,2.672337541071719,0.2461330695389085,0
021091,0,0,0,0,2.685700787350038,2.685700787350038,NA,2.4628383865453825,NA,0
021092,0,0,0,0,2.685700787350038,2.685700787350038,NA,NA,NA,0
021093,0,0,0,0,2.685700787350038,2.685700787350038,NA,1.4007882627386523,0.25716239060475027,0
021099,0,0,0,0,2.685700787350038,2.685700787350038,NA,2.012498217605195,0.24155229174971013,0
030119,0,0,0,0,3.34540229819919,3.34540229819919,0.4926953272104614,1.9240474764295932,0.21511137961694554,0.06012482247132163
030191,0,0,0,0,3.34540229819919,3.34540229819919,0.4926953272104614,2.9056747571326,0.21511137961694554,0
030192,0,0,0,0,3.34540229819919,3.34540229819919,0.4926953272104614,1.7370810376772357,0.21511137961694554,0
030193,0,0,0,0,3.34540229819919,3.34540229819919,0.4926953272104614,1.011942283273937,0.21511137961694554,0
030194,0,0,0,0,3.34540229819919,3.34540229819919,0.4926953272104614,NA,0.21511137961694554,0
030195,0,0,0,0,3.34540229819919,3.34540229819919,0.4926953272104614,NA,0.21511137961694554,0
030211,0,0,0,0,2.887793871319226,2.887793871319226,1.8453804578907604,2.2101922914067806,0.21511137961694554,0
030213,0,0,0,0,2.887793871319226,2.887793871319226,1.8453804578907604,4.980771012065052,0.21511137961694554,0.15719427030336
030214,0,0,0,0,2.887793871319226,2.887793871319226,1.8453804578907604,2.9982329319757883,0.21511137961694554,0
030219,0,0,0,0,2.887793871319226,2.887793871319226,1.8453804578907604,4.083784852323872,0.21511137961694554,0
030221,0,0,0,0,2.887793871319226,2.887793871319226,1.8453804578907604,2.923268323348429,0.21511137961694554,0
030222,0,0,0,0,2.887793871319226,2.887793871319226,1.8453804578907604,2.249169538295933,0.21511137961694554,0
030224,0,0,0,0,2.887793871319226,2.887793871319226,1.8453804578907604,3.964530749387083,0.21511137961694554,0
030229,0,0,0,0,2.887793871319226,2.887793871319226,1.8453804578907604,1.626575060623255,0.21511137961694554,0.10965643526294863
030231,0,0,0,0,2.887793871319226,2.887793871319226,1.8453804578907604,2.0466252415645556,0.21511137961694554,0
030232,0,0,0,0,2.887793871319226,2.887793871319226,1.8453804578907604,NA,0.21511137961694554,0.04829555583886781
030233,0,0,0,0,2.887793871319226,2.887793871319226,1.8453804578907604,NA,0.21511137961694554,0
030234,0,0,0,0,2.887793871319226,2.887793871319226,1.8453804578907604,NA,0.21511137961694554,0.06776580736144401
030235,0,0,0,0,2.887793871319226,2.887793871319226,1.8453804578907604,NA,0.21511137961694554,0.2673677241600171
030236,0,0,0,0,2.887793871319226,2.887793871319226,1.8453804578907604,NA,0.21511137961694554,0
030239,0,0,0,0,2.887793871319226,2.887793871319226,1.8453804578907604,2.6258243206488636,0.21511137961694554,0
030241,0,0,0,0,2.887793871319226,2.887793871319226,1.8453804578907604,4.01944722784997,0.21511137961694554,0
030243,0,0,0,0,2.887793871319226,2.887793871319226,1.8453804578907604,4.7347388420799525,0.21511137961694554,0.0450822694665986
030244,0,0,0,0,2.887793871319226,2.887793871319226,1.8453804578907604,3.216240298237578,0.21511137961694554,0
030246,0,0,0,0,2.887793871319226,2.887793871319226,1.8453804578907604,1.0008938638443257,0.21281370181263287,0
030247,0,0,0,0,2.887793871319226,2.887793871319226,1.8453804578907604,5.541659975848591,0.21511137961694554,0
030249,0,0,0,0,2.887793871319226,2.887793871319226,1.8453804578907604,2.4329406462412537,0.21511137961694554,0
030252,0,0,0,0,2.887793871319226,2.887793871319226,1.8453804578907604,2.107213351738285,0.21511137961694554,0
030253,0,0,0,0,2.887793871319226,2.887793871319226,1.8453804578907604,2.1401036921625516,NA,0
030254,0,0,0,0,2.887793871319226,2.887793871319226,1.8453804578907604,2.1328475083235356,0.21281370181263287,0
030255,0,0,0,0,2.887793871319226,2.887793871319226,1.8453804578907604,1.8457073750682433,0.21281370181263287,0
030256,0,0,0,0,2.887793871319226,2.887793871319226,1.8453804578907604,NA,NA,0
030259,0,0,0,0,2.887793871319226,2.887793871319226,1.8453804578907604,3.656517412109429,0.2135741002980591,0.05144203612027199
030271,0,0,0,0,2.887793871319226,2.887793871319226,1.8453804578907604,1.5143369258079649,0.21281370181263287,0.080187910439583
030272,0,0,0,0,2.887793871319226,2.887793871319226,1.8453804578907604,4.117955706077823,0.21395634868771396,0
030273,0,0,0,0,2.887793871319226,2.887793871319226,1.8453804578907604,1.0046439758739176,0.21281370181263287,0
030274,0,0,0,0,2.887793871319226,2.887793871319226,1.8453804578907604,1.5821055260972465,0.21511137961694554,0.007623650240101444
030279,0,0,0,0,2.887793871319226,2.887793871319226,1.8453804578907604,2.9373603262127075,0.2135741002980591,0
030281,0,0,0,0,2.887793871319226,2.887793871319226,1.8453804578907604,NA,0.21511137961694554,0
030282,0,0,0,0,2.887793871319226,2.887793871319226,1.8453804578907604,3.4811585632788735,0.21511137961694554,0
030283,0,0,0,0,2.887793871319226,2.887793871319226,1.8453804578907604,NA,0.21511137961694554,0
030284,0,0,0,0,2.887793871319226,2.887793871319226,1.8453804578907604,1.7045815870975762,0.21281370181263287,0
030285,0,0,0,0,2.887793871319226,2.887793871319226,1.8453804578907604,3.4287992600509813,0.21281370181263287,0
030291,0,0,0,0,2.887793871319226,2.887793871319226,1.8453804578907604,1.7885245375280274,0.20763936477824457,0
030292,0,0,0,0,2.887793871319226,2.887793871319226,1.8453804578907604,NA,0.21511137961694554,0
030299,0,0,0,0,2.887793871319226,2.887793871319226,1.8453804578907604,2.8921936554528442,0.21511137961694554,0
030311,0,0,0,0,2.336331267880427,2.336331267880427,1.850130656907916,3.0038628920329935,0.21511137961694554,0.06757620750477836
030313,0,0,0,0,2.336331267880427,2.336331267880427,1.850130656907916,3.2861162925787895,0.21511137961694554,0
030314,0,0,0,0,2.336331267880427,2.336331267880427,1.850130656907916,2.377480874073912,0.21511137961694554,0
030319,0,0,0,0,2.336331267880427,2.336331267880427,1.850130656907916,2.6443784704760276,0.21511137961694554,0
030332,0,0,0,0,2.336331267880427,2.336331267880427,1.850130656907916,2.738764873383846,0.21511137961694554,0.008938903783717814
030334,0,0,0,0,2.336331267880427,2.336331267880427,1.850130656907916,3.0728469611077878,0.21511137961694554,0
030341,0,0,0,0,2.336331267880427,2.336331267880427,1.850130656907916,2.7215544424363904,0.21511137961694554,0.0011159502945446327
030342,0,0,0,0,2.336331267880427,2.336331267880427,1.850130656907916,3.0821643923195463,0.21511137961694554,6.013885165659842e-5
030343,0,0,0,0,2.336331267880427,2.336331267880427,1.850130656907916,3.119335726704105,0.21511137961694554,0
030344,0,0,0,0,2.336331267880427,2.336331267880427,1.850130656907916,2.9831060900620834,0.21511137961694554,0
030345,0,0,0,0,2.336331267880427,2.336331267880427,1.850130656907916,3.279550696693835,0.21511137961694554,0
030346,0,0,0,0,2.336331267880427,2.336331267880427,1.850130656907916,3.3665611651472958,0.21511137961694554,0
030349,0,0,0,0,2.336331267880427,2.336331267880427,1.850130656907916,2.7210429430971272,0.21511137961694554,0
030357,0,0,0,0,2.336331267880427,2.336331267880427,1.850130656907916,2.710364365656169,0.21511137961694554,0
030365,0,0,0,0,2.336331267880427,2.336331267880427,1.850130656907916,NA,0.21511137961694554,0
030366,0,0,0,0,2.336331267880427,2.336331267880427,1.850130656907916,2.694402224821051,0.21511137961694554,0.0032609509609275275
030368,0,0,0,0,2.336331267880427,2.336331267880427,1.850130656907916,1.8602809319278346,0.21511137961694554,0
030381,0,0,0,0,2.336331267880427,2.336331267880427,1.850130656907916,1.9646256930282262,0.21511137961694554,0
030382,0,0,0,0,2.336331267880427,2.336331267880427,1.850130656907916,2.0483072354236085,0.21511137961694554,0
030383,0,0,0,0,2.336331267880427,2.336331267880427,1.850130656907916,3.2707751442419926,0.21511137961694554,0
030391,0,0,0,0,2.336331267880427,2.336331267880427,1.850130656907916,2.6844986677420573,0.211309093667207,0.014651586010499776
030392,0,0,0,0,2.336331267880427,2.336331267880427,1.850130656907916,2.081431920063169,0.21511137961694554,0
030431,0,0,0,0,2.870993167188247,2.870993167188247,1.6760623742427798,1.7551956361197112,0.21511137961694554,0
030432,0,0,0,0,2.870993167188247,2.870993167188247,1.6760623742427798,4.282839413865199,0.21511137961694554,0.15949381626797057
030433,0,0,0,0,2.870993167188247,2.870993167188247,1.6760623742427798,NA,0.21511137961694554,0.2713903137662361
030441,0,0,0,0,2.870993167188247,2.870993167188247,1.6760623742427798,3.3445639565326477,0.21511137961694554,0.16537324167253514
030442,0,0,0,0,2.870993167188247,2.870993167188247,1.6760623742427798,2.717575243440693,0.21511137961694554,0
030443,0,0,0,0,2.870993167188247,2.870993167188247,1.6760623742427798,3.175637501192666,0.21511137961694554,0.2645831654078141
030445,0,0,0,0,2.870993167188247,2.870993167188247,1.6760623742427798,NA,0.21511137961694554,0
030446,0,0,0,0,2.870993167188247,2.870993167188247,1.6760623742427798,1.6631900465569862,0.21511137961694554,0
030447,0,0,0,0,2.870993167188247,2.870993167188247,1.6760623742427798,NA,0.21511137961694554,0
030448,0,0,0,0,2.870993167188247,2.870993167188247,1.6760623742427798,NA,NA,0
030449,0,0,0,0,2.870993167188247,2.870993167188247,1.6760623742427798,2.534682344332411,0.21511137961694554,0.0269964052832353
030451,0,0,0,0,2.870993167188247,2.870993167188247,1.6760623742427798,1.0059472081377157,0.21511137961694554,3.152394601003748e-4
030452,0,0,0,0,2.870993167188247,2.870993167188247,1.6760623742427798,NA,0.21511137961694554,0
030453,0,0,0,0,2.870993167188247,2.870993167188247,1.6760623742427798,4.84677285388732,0.21511137961694554,0.2699098332124987
030454,0,0,0,0,2.870993167188247,2.870993167188247,1.6760623742427798,NA,0.21511137961694554,0
030455,0,0,0,0,2.870993167188247,2.870993167188247,1.6760623742427798,NA,0.21511137961694554,0
030456,0,0,0,0,2.870993167188247,2.870993167188247,1.6760623742427798,NA,NA,0
030457,0,0,0,0,2.870993167188247,2.870993167188247,1.6760623742427798,NA,NA,0
030463,0,0,0,0,2.870993167188247,2.870993167188247,1.6760623742427798,4.598798732133499,0.21511137961694554,0.002402304600723267
030482,0,0,0,0,2.870993167188247,2.870993167188247,1.6760623742427798,5.496274352875201,0.21511137961694554,4.434429054672025e-4
030484,0,0,0,0,2.870993167188247,2.870993167188247,1.6760623742427798,4.135309836650595,0.21511137961694554,0
030485,0,0,0,0,2.870993167188247,2.870993167188247,1.6760623742427798,NA,0.21511137961694554,0
030486,0,0,0,0,2.870993167188247,2.870993167188247,1.6760623742427798,4.615530381144857,0.21511137961694554,0
030488,0,0,0,0,2.870993167188247,2.870993167188247,1.6760623742427798,2.305149772283428,0.21511137961694554,0.001012740719979928
030491,0,0,0,0,2.870993167188247,2.870993167188247,1.6760623742427798,1.9363725074438674,0.21056476910734967,0
030492,0,0,0,0,2.870993167188247,2.870993167188247,1.6760623742427798,1.1131491997494483,0.21056476910734967,0
030496,0,0,0,0,2.870993167188247,2.870993167188247,1.6760623742427798,1.4945588986848999,0.20620704178331134,0
030497,0,0,0,0,2.870993167188247,2.870993167188247,1.6760623742427798,NA,NA,0
030510,0,0,0,0,2.844091939645914,2.844091939645914,1.3303754971113777,1.095405493365859,0.21056476910734967,0.008651745409015513
030542,0,0,0,0,2.844091939645914,2.844091939645914,1.3303754971113777,2.0864488325916395,0.21511137961694554,0
030543,0,0,0,0,2.844091939645914,2.844091939645914,1.3303754971113777,1.4470481375634572,0.21511137961694554,0
030544,0,0,0,0,2.844091939645914,2.844091939645914,1.3303754971113777,1.4665343077490385,0.21511137961694554,0
030552,0,0,0,0,2.844091939645914,2.844091939645914,1.3303754971113777,1.8129976255985163,0.21511137961694554,0
030561,0,0,0,0,2.844091939645914,2.844091939645914,1.3303754971113777,1.0020074707953355,0.21205871888971664,0
030562,0,0,0,0,2.844091939645914,2.844091939645914,1.3303754971113777,2.294007894666987,0.21511137961694554,0.0047801698294671355
030571,0,0,0,0,2.844091939645914,2.844091939645914,1.3303754971113777,2.5708213074701742,0.21511137961694554,0
030611,0,0,0,0,5.627997293566982,5.627997293566982,2.1377022956222396,2.6980683633589666,0.21511137961694554,0.2354581088319062
030612,0,0,0,0,5.627997293566982,5.627997293566982,2.1377022956222396,2.557665014585081,0.21511137961694554,1.0170737941304442e-4
030616,0,0,0,0,5.627997293566982,5.627997293566982,2.1377022956222396,1.9304399810729165,0.21511137961694554,0.004235273784422225
030631,0,0,0,0,5.627997293566982,5.627997293566982,2.1377022956222396,4.449668582671857,0.21511137961694554,0
030632,0,0,0,0,5.627997293566982,5.627997293566982,2.1377022956222396,1.1088960714177118,0.21511137961694554,0
030634,0,0,0,0,5.627997293566982,5.627997293566982,2.1377022956222396,NA,0.21511137961694554,0
030635,0,0,0,0,5.627997293566982,5.627997293566982,2.1377022956222396,3.1458075205370397,0.21511137961694554,0.2685502153664145
030639,0,0,0,0,5.627997293566982,5.627997293566982,2.1377022956222396,2.893281971050547,0.21511137961694554,0
030691,0,0,0,0,5.627997293566982,5.627997293566982,2.1377022956222396,1.9186998412975529,0.21511137961694554,0
030692,0,0,0,0,5.627997293566982,5.627997293566982,2.1377022956222396,NA,0.21511137961694554,0
030694,0,0,0,0,5.627997293566982,5.627997293566982,2.1377022956222396,2.4819028648522345,NA,0
030712,0,0,0,0,2.602448307520757,2.602448307520757,1.879312360249631,1.7808861529588367,0.21511137961694554,0
030721,0,0,0,0,2.602448307520757,2.602448307520757,1.879312360249631,2.2943305999883026,0.21511137961694554,0.0017509708478022632
030781,0,0,0,0,2.602448307520757,2.602448307520757,1.879312360249631,1.877298787829257,0.21511137961694554,0
030782,0,0,0,0,2.602448307520757,2.602448307520757,1.879312360249631,NA,0.21511137961694554,0
030784,0,0,0,0,2.602448307520757,2.602448307520757,1.879312360249631,2.3005599492001982,0.21511137961694554,0.2538607458706311
030788,0,0,0,0,2.602448307520757,2.602448307520757,1.879312360249631,1.2334490987745104,0.21511137961694554,0.019940139168780954
030811,0,0,0,0,NA,NA,NA,NA,0.21511137961694554,0
030812,0,0,0,0,NA,NA,NA,NA,0.21511137961694554,NA
030821,0,0,0,0,NA,NA,NA,NA,0.21511137961694554,NA
030822,0,0,0,0,NA,NA,NA,NA,0.21511137961694554,NA
030829,0,0,0,0,NA,NA,NA,NA,0.21511137961694554,0
040140,0,0,0,0,NA,NA,1.624133969799775,4.017211404994187,0.2461330695389085,0
040150,0,0,0,0,NA,NA,1.624133969799775,5.02576118332658,0.24921579162398472,0
040210,0,0,0,0,NA,NA,2.9325950626358233,3.6751344567406923,0.2461330695389085,0
040221,0,0,0,0,NA,NA,2.9325950626358233,3.3357110352713772,0.2461330695389085,0
040229,0,0,0,0,NA,NA,2.9325950626358233,3.395484479101388,0.22250650779537492,NA
040291,0,0,0,0,NA,NA,2.9325950626358233,4.214583107754455,0.25237712763702813,0
040410,0,0,0,0,2.524093801714394,2.524093801714394,1.0701396704868833,2.7160158751283947,0.20796037312452453,0
040520,0,0,0,0,2.239222118736103,2.239222118736103,NA,4.93358805531239,0.24489620971626394,0
040590,0,0,0,0,2.239222118736103,2.239222118736103,NA,4.2059092968621785,0.23090555664969903,0
040610,0,0,0,0,3.024421085496088,3.024421085496088,NA,3.96921401049826,0.23612173784188978,0
040620,0,0,0,0,3.024421085496088,3.024421085496088,NA,3.008764167959087,0.2317232248046836,0
040640,0,0,0,0,3.024421085496088,3.024421085496088,NA,4.5500218882768,0.2241667594394597,0
040690,0,0,0,0,3.024421085496088,3.024421085496088,NA,3.1767391922582813,0.23241439346986226,0
040711,0,0,0,0,NA,NA,8.21411627932277,3.7519056424022326,0.2461330695389085,0
040719,0,0,0,0,NA,NA,8.21411627932277,1.9261363956278152,0.21511137961694554,0
040721,0,0,0,0,NA,NA,8.21411627932277,1.3988232181952047,0.21511137961694554,0
040729,0,0,0,0,NA,NA,8.21411627932277,1.8202532268132352,0.21511137961694554,NA
050690,0,0,0,0,NA,NA,NA,2.7127067924251076,0.21511137961694554,NA
050710,0,0,0,0,NA,NA,NA,1.2749827317705327,0.2461330695389085,0
051110,0,0,0,0,2.600986367540612,2.600986367540612,NA,2.5198683244863367,0.21511137961694554,0
060230,0,0,0,0,2.55289342295886,2.55289342295886,2.6170576760440394,1.4089606145884177,0.24233662634205205,0
060240,0,0,0,0,2.55289342295886,2.55289342295886,2.6170576760440394,1.639677961658387,0.2461330695389085,0
060313,0,0,0,0,NA,NA,3.806052037544709,2.2346314681115795,0.24087021863286973,0
070110,0,0,0,0,NA,NA,3115.056797181773,4.293289573043173,0.2461330695389085,0
070190,0,0,0,0,NA,NA,3115.056797181773,2.4268466737959997,0.25515174229012416,NA
070200,0,0,0,0,NA,NA,NA,3.3114497012004422,0.2461330695389085,0
070420,0,0,0,0,1.923910586228179,1.923910586228179,0.1703333371775796,3.452918194726028,0.2231435513142098,0
070490,0,0,0,0,1.923910586228179,1.923910586228179,0.1703333371775796,1.335683489874519,0.1910552367627092,2.0625119781727068e-5
070511,0,0,0,0,1.855347975712322,1.855347975712322,NA,1.571632148919453,0.2461330695389085,NA
070519,0,0,0,0,1.855347975712322,1.855347975712322,NA,1.536072251430188,0.2461330695389085,NA
070521,0,0,0,0,1.855347975712322,1.855347975712322,NA,2.2487937125066395,0.2461330695389085,0
070529,0,0,0,0,1.855347975712322,1.855347975712322,NA,1.4900173792026294,0.2461330695389085,0
070610,0,0,0,0,NA,NA,3.988833644535245,1.3547541840633959,0.2094947865238989,NA
070700,0,0,0,0,3.175530543911551,3.175530543911551,NA,2.9623183303539617,0.23638877806423045,NA
070810,0,0,0,0,NA,NA,3.0901311169305976,2.482052839076257,0.21511137961694554,NA
070890,0,0,0,0,NA,NA,3.0901311169305976,2.184248048057268,0.23270468455819254,NA
070920,0,0,0,0,2.667097692284344,2.667097692284344,46.144817409904,2.479766819817372,0.2194074361027646,2.546789775214287e-5
070930,0,0,0,0,2.667097692284344,2.667097692284344,46.144817409904,2.5657950197976,0.2461330695389085,0
070940,0,0,0,0,2.667097692284344,2.667097692284344,46.144817409904,1.527961569179038,0.2105944410249589,7.234050682747398e-6
070960,0,0,0,0,2.667097692284344,2.667097692284344,46.144817409904,2.0295325702411096,0.21511137961694554,4.797924225900877e-6
070970,0,0,0,0,2.667097692284344,2.667097692284344,46.144817409904,1.7530792458130782,0.211309093667207,2.836264023983324e-6
070991,0,0,0,0,2.667097692284344,2.667097692284344,46.144817409904,1.6288215875048604,0.22516171716752525,0
070992,0,0,0,0,2.667097692284344,2.667097692284344,46.144817409904,1.2131630846483334,0.2461330695389085,0
071120,0,0,0,0,2.802075565423983,2.802075565423983,0.910050170046346,1.6663928524098142,0.2539882266653081,0
071151,0,0,0,0,2.802075565423983,2.802075565423983,0.910050170046346,1.4972437000870156,0.20340107258500845,0
071334,0,0,0,0,3.021963960655127,3.021963960655127,1.058346287491357,3.5718167235101004,0.21511137961694554,0.12053673683852817
071360,0,0,0,0,3.021963960655127,3.021963960655127,1.058346287491357,4.238705761302449,0.2245411901138007,0
071410,0,0,0,0,2.697899901639891,2.697899901639891,1.4726721669584355,1.6850106357991916,0.21380327179916916,2.1752759357105694e-4
071450,0,0,0,0,2.697899901639891,2.697899901639891,1.4726721669584355,1.0500265820405306,0.20399090934012887,0
080112,0,0,0,0,3.580816789027578,3.580816789027578,NA,2.270735337604343,0.2461330695389085,0
080119,0,0,0,0,3.580816789027578,3.580816789027578,NA,3.8188188639191103,0.21511137961694554,NA
080121,0,0,0,0,3.580816789027578,3.580816789027578,NA,1.8953001859669114,0.2461330695389085,0
080122,0,0,0,0,3.580816789027578,3.580816789027578,NA,5.4836597213543925,0.2461330695389085,0
080131,0,0,0,0,3.580816789027578,3.580816789027578,NA,2.116714904107773,0.21511137961694554,0
080132,0,0,0,0,3.580816789027578,3.580816789027578,NA,2.8848519320379045,0.21511137961694554,NA
080251,0,0,0,0,6.98766033993184,6.98766033993184,3.062542505553865,2.7430050664263863,0.21511137961694554,0
080270,0,0,0,0,6.98766033993184,6.98766033993184,3.062542505553865,2.2555833628258584,0.2539882266653081,0
080310,0,0,0,0,3.114791672864771,3.114791672864771,NA,2.8685594265954983,0.22834589808911143,NA
080440,0,0,0,0,2.765105925838582,2.765105925838582,4.020557768423105,2.590630261856401,0.2461330695389085,0
080522,0,0,0,0,5.08521330600785,5.08521330600785,0.3281659380122184,1.940096651604862,0.21511137961694554,0
080529,0,0,0,0,5.08521330600785,5.08521330600785,0.3281659380122184,1.2708267953931214,0.21511137961694554,0
080610,0,0,0,0,2.223632559679583,2.223632559679583,0.8542797513705547,1.5661085150964418,0.2461330695389085,0
080711,0,0,0,0,5.427998843083756,5.427998843083756,3.282267338070135,1.2523814363228194,0.2223133312582206,0
080719,0,0,0,0,5.427998843083756,5.427998843083756,3.282267338070135,1.2879391428464324,0.21959688992691753,0
080720,0,0,0,0,5.427998843083756,5.427998843083756,3.282267338070135,1.6069947147881438,0.23564262777600647,0
080840,0,0,0,0,3.622577841752052,3.622577841752052,1605.124585188599,4.488269089399914,0.21511137961694554,0
080910,0,0,0,0,3.00676656551523,3.00676656551523,NA,3.3082953702206677,0.2461330695389085,0
080921,0,0,0,0,3.00676656551523,3.00676656551523,NA,3.73956060825982,0.2461330695389085,0
080929,0,0,0,0,3.00676656551523,3.00676656551523,NA,3.7342714527135916,0.21511137961694554,NA
080940,0,0,0,0,3.00676656551523,3.00676656551523,NA,1.5661361150560766,0.2461330695389085,0
081010,0,0,0,0,1.850819065507121,1.850819065507121,64.21455195903056,2.626510219850711,0.21511137961694554,7.070369873231431e-5
081020,0,0,0,0,1.850819065507121,1.850819065507121,64.21455195903056,3.180801273944253,0.23270468455819254,0
081030,0,0,0,0,1.850819065507121,1.850819065507121,64.21455195903056,2.0837419433355846,0.21511137961694554,0
081040,0,0,0,0,1.850819065507121,1.850819065507121,64.21455195903056,2.98656447966501,0.21511137961694554,0
081050,0,0,0,0,1.850819065507121,1.850819065507121,64.21455195903056,2.785634328051795,0.2461330695389085,0
081060,0,0,0,0,1.850819065507121,1.850819065507121,64.21455195903056,2.7328233360658496,0.2417479079630817,0
081070,0,0,0,0,1.850819065507121,1.850819065507121,64.21455195903056,1.419029685752291,0.2117582275887724,6.503655283540095e-7
081210,0,0,0,0,3.113709401120973,3.113709401120973,0.96491727270113,2.1885683363172053,0.2461330695389085,0
090510,0,0,0,0,4.391576214436463,4.391576214436463,NA,2.379841297823961,0.2461330695389085,NA
090821,0,0,0,0,7.320868923382007,7.320868923382007,NA,2.3346179339317796,0.2461330695389085,0
090822,0,0,0,0,7.320868923382007,7.320868923382007,NA,2.3343883179973046,0.2461330695389085,0
100119,0,0,0,0,NA,NA,NA,2.746604350054922,0.2461330695389085,0
100191,0,0,0,0,NA,NA,NA,3.769507319307594,0.24057905372137478,0
100199,0,0,0,0,NA,NA,NA,3.2943542322801465,0.21511137961694554,NA
100210,0,0,0,0,NA,NA,NA,3.1810738955503104,0.2461330695389085,0
100290,0,0,0,0,NA,NA,NA,3.181540527316531,0.2461330695389085,0
100310,0,0,0,0,NA,NA,NA,2.330770942659984,0.21511137961694554,NA
100410,0,0,0,0,5.000039116626187,5.000039116626187,NA,4.733934543794164,0.21511137961694554,0
100610,0,0,0,0,2.764712800689781,2.764712800689781,15.580047582078675,2.0811455616410792,0.2461330695389085,0
100710,0,0,0,0,NA,NA,NA,NA,0.21511137961694554,NA
100830,0,0,0,0,NA,NA,4.723860865893873,3.0006532741544705,0.21511137961694554,NA
100840,0,0,0,0,NA,NA,4.723860865893873,2.780291641564666,0.24392066114271208,0
100850,0,0,0,0,NA,NA,4.723860865893873,2.9607886178682237,0.21342157173821255,0
100860,0,0,0,0,NA,NA,4.723860865893873,NA,0.24392066114271208,0
110311,0,0,0,0,NA,NA,NA,1.3850254894584768,0.21511137961694554,NA
110423,0,0,0,0,3.03567809212672,3.03567809212672,3.776829041995291,2.447344497112723,0.21511137961694554,0.09828451293749854
120230,0,0,0,0,NA,NA,2.282434854701366,2.1918428333890514,0.20878023728492073,0
120241,0,0,0,0,NA,NA,2.282434854701366,3.172512259316253,0.22237400378517314,0
120300,0,0,0,0,NA,NA,NA,4.993976783261658,NA,0
120510,0,0,0,0,1.427890739104762,1.427890739104762,NA,7.727159618363004,0.21511137961694554,0
120590,0,0,0,0,1.427890739104762,1.427890739104762,NA,7.527925903730812,0.21511137961694554,0
120721,0,0,0,0,2.794814726670676,2.794814726670676,2.642409383830166,1.0549292128537613,0.2461330695389085,0
120729,0,0,0,0,2.794814726670676,2.794814726670676,2.642409383830166,3.073285874619072,0.2461330695389085,0
120730,0,0,0,0,2.794814726670676,2.794814726670676,2.642409383830166,2.398826423889146,0.26236426446749106,0
120791,0,0,0,0,2.794814726670676,2.794814726670676,2.642409383830166,1.8407351727464707,0.21511137961694554,0
120910,0,0,0,0,2.780323611322697,2.780323611322697,2.6329085691196106,1.001163281373467,0.21511137961694554,0.15989592771624928
120921,0,0,0,0,2.780323611322697,2.780323611322697,2.6329085691196106,1.8794759361253777,0.21511137961694554,0
120922,0,0,0,0,2.780323611322697,2.780323611322697,2.6329085691196106,1.6664795488509663,0.2461330695389085,0
120923,0,0,0,0,2.780323611322697,2.780323611322697,2.6329085691196106,2.873846148401717,0.2461330695389085,0
120924,0,0,0,0,2.780323611322697,2.780323611322697,2.6329085691196106,1.7824456739021166,0.2461330695389085,0
121020,0,0,0,0,NA,NA,NA,4.847602545893691,0.2539882266653081,0
121130,0,0,0,0,3.716579859834198,3.716579859834198,1.5955844607232732,NA,0.21511137961694554,0
121140,0,0,0,0,3.716579859834198,3.716579859834198,1.5955844607232732,1.3549802938621265,NA,0
121294,0,0,0,0,2.870553588989115,2.870553588989115,1.6221542064763803,2.227842690753629,0.2461330695389085,0
121300,0,0,0,0,NA,NA,NA,5.695994852562489,0.21511137961694554,0
130120,0,0,0,0,2.843771994444154,2.843771994444154,NA,2.627393389536077,0.2461330695389085,NA
130211,0,0,0,0,2.622348117603386,2.622348117603386,2.337435322324532,1.173467686344123,0.2461330695389085,0
140420,0,0,0,0,2.889799546843024,2.889799546843024,3.414101559065569,2.326681342423042,0.21511137961694554,0
150110,0,0,0,0,NA,NA,NA,3.409485610993842,0.2461330695389085,0
150120,0,0,0,0,NA,NA,NA,NA,0.2461330695389085,0
150190,0,0,0,0,NA,NA,NA,3.5344927820986003,0.2461330695389085,0
150210,0,0,0,0,NA,NA,NA,2.7985591716646754,0.2461330695389085,0
150290,0,0,0,0,NA,NA,NA,1.4151611183974124,0.2461330695389085,0
150300,0,0,0,0,NA,NA,NA,NA,0.2461330695389085,0
150710,0,0,0,0,NA,NA,0.752042276569569,3.1392661566510602,0.21266226107523473,NA
150990,0,0,0,0,3.173330802313586,3.173330802313586,NA,5.770366203898777,0.2461330695389085,NA
151110,0,0,0,0,3.739996079751632,3.739996079751632,2.685450510049446,8.097393760317583,0.2461330695389085,0
151221,0,0,0,0,3.442565599334147,3.442565599334147,NA,1.3476404299891067,0.2461330695389085,0
151229,0,0,0,0,3.442565599334147,3.442565599334147,NA,1.6389031500826243,0.2461330695389085,0
151311,0,0,0,0,3.415207653781976,3.415207653781976,NA,3.5364396102504516,0.2461330695389085,NA
151321,0,0,0,0,3.415207653781976,3.415207653781976,NA,4.513397759245746,0.2461330695389085,0
151710,0,0,0,0,2.962406291119872,2.962406291119872,0.9125259991778644,1.6215957879249319,0.2461330695389085,0
152200,0,0,0,0,NA,NA,NA,2.0642180499759095,0.2386560243318417,0
160210,0,0,0,0,3.590711279113158,3.590711279113158,6.954168349533286,2.1463561948325127,NA,0
160220,0,0,0,0,3.590711279113158,3.590711279113158,6.954168349533286,1.5483198820743027,0.24292818804586552,7.704000785079774e-5
160231,0,0,0,0,3.590711279113158,3.590711279113158,6.954168349533286,2.6780340212054443,0.23379775733872618,0
160239,0,0,0,0,3.590711279113158,3.590711279113158,6.954168349533286,1.6450005541137442,0.23379775733872618,0
160241,0,0,0,0,3.590711279113158,3.590711279113158,6.954168349533286,1.613396358099644,0.24292818804586552,0
160242,0,0,0,0,3.590711279113158,3.590711279113158,6.954168349533286,3.4260439428849176,0.2461330695389085,0
160250,0,0,0,0,3.590711279113158,3.590711279113158,6.954168349533286,2.3989718231071087,0.24248972394714172,0
160418,0,0,0,0,2.661494536400787,2.661494536400787,1.306914662601008,1.8366216965877835,0.20763936477824457,0
160562,0,0,0,0,3.250358714723891,3.250358714723891,1.8530434968033076,2.391208527593773,0.21511137961694554,0.041201335006341704
170113,0,0,0,0,2.383464119082022,2.383464119082022,2.5811579045181245,1.9425029576784067,0.20179820435658025,0.0024093290971319496
170310,0,0,0,0,2.821307563880374,2.821307563880374,NA,2.212229624484614,0.2461330695389085,0
170390,0,0,0,0,2.821307563880374,2.821307563880374,NA,1.8106915289682628,0.2461330695389085,0
180100,0,0,0,0,2.374203428089902,2.374203428089902,NA,1.8078399889365184,0.2461330695389085,0
180200,0,0,0,0,NA,NA,NA,NA,0.2461330695389085,0
180310,0,0,0,0,3.108403926348157,3.108403926348157,NA,6.875284345864282,0.2461330695389085,NA
180320,0,0,0,0,3.108403926348157,3.108403926348157,NA,6.43400678166552,0.2461330695389085,0
190110,0,0,0,0,3.552562238970013,3.552562238970013,NA,3.0138482319148068,0.21974924173550806,NA
190240,0,0,0,0,4.465820920651995,4.465820920651995,2.118651041369098,3.811083876196118,0.23379775733872618,0
190430,0,0,0,0,1.966093082552794,1.966093082552794,3.441743370978772,4.6398938182969305,0.2206713621688207,0
200891,0,0,0,0,2.444467962546744,2.444467962546744,0.9710035718233896,1.6925066164842566,0.24431997231892727,0
200911,0,0,0,0,3.241775958702142,3.241775958702142,1.429548269644317,2.6859541305929326,0.21511137961694554,0
200919,0,0,0,0,3.241775958702142,3.241775958702142,1.429548269644317,2.3281682474450762,0.2461330695389085,0
200921,0,0,0,0,3.241775958702142,3.241775958702142,1.429548269644317,2.726953489755433,0.2461330695389085,0
200949,0,0,0,0,3.241775958702142,3.241775958702142,1.429548269644317,2.333580813606205,0.2245411901138007,0.01924928115118803
200961,0,0,0,0,3.241775958702142,3.241775958702142,1.429548269644317,3.721641241100371,0.2461330695389085,0
200969,0,0,0,0,3.241775958702142,3.241775958702142,1.429548269644317,3.085062960463854,0.21511137961694554,0
220429,0,0,0,0,3.727507442268233,3.727507442268233,NA,2.9887522009914638,0.2461330695389085,0
220430,0,0,0,0,3.727507442268233,3.727507442268233,NA,2.5161616197287002,0.2461330695389085,0
220590,0,0,0,0,1.506006126361623,1.506006126361623,NA,3.839499342387291,0.2461330695389085,0
230110,0,0,0,0,4.227754311029188,4.227754311029188,88782.03425983488,4.401654551579324,0.21511137961694554,1.886423824105181e-5
230230,0,0,0,0,2.329444824304166,2.329444824304166,1.543245554917762,3.759712043343447,0.21511137961694554,0.0019181469180104712
230500,0,0,0,0,NA,NA,NA,1.440619641257539,0.21511137961694554,0
230610,0,0,0,0,NA,NA,NA,1.1903262490205413,NA,0
230620,0,0,0,0,NA,NA,NA,2.8801659244378834,0.21511137961694554,NA
230630,0,0,0,0,NA,NA,NA,2.1684766850002895,0.21511137961694554,NA
230649,0,0,0,0,NA,NA,NA,1.2889580634437043,0.21511137961694554,NA
230650,0,0,0,0,NA,NA,NA,2.8031799696116635,0.2461330695389085,0
230660,0,0,0,0,NA,NA,NA,2.834963614313488,0.2461330695389085,0
230700,0,0,0,0,NA,NA,NA,NA,0.2461330695389085,0
240110,0,0,0,0,3.827936480786644,3.827936480786644,1.700145124992198,3.5882916866427856,0.23243349903919971,2.788536773461414e-8
240130,0,0,0,0,3.827936480786644,3.827936480786644,1.700145124992198,3.150992512321214,0.20771202442357095,0
240290,0,0,0,0,2.651476689957948,2.651476689957948,1.4053462358795974,1.9327156420948741,0.2116083059990518,2.679207914604848e-4
240311,0,0,0,0,3.511836023916654,3.511836023916654,NA,6.875176583335621,0.21511137961694554,NA
240319,0,0,0,0,3.511836023916654,3.511836023916654,NA,5.6908509360183865,0.20017272361164595,NA
240391,0,0,0,0,3.511836023916654,3.511836023916654,NA,4.652667576356424,0.21827518908704124,0
251010,0,0,0,0,NA,NA,1.3248889797609684,8.021234825237338,0.14842000511827325,NA
251120,0,0,0,0,NA,NA,0.5251444501921111,1.0078243779532254,0.21511137961694554,0
251730,0,0,0,0,2.216195972156433,2.216195972156433,83303.28638218343,1.0823275058986568,0.21511137961694554,0
251830,0,0,0,0,NA,NA,NA,NA,NA,0
252230,0,0,0,0,2.4124210405976,2.4124210405976,NA,2.158872131233958,0.21511137961694554,0
252410,0,0,0,0,NA,NA,NA,NA,NA,0
252490,0,0,0,0,NA,NA,NA,2.7539148689179487,0.14842000511827325,NA
252530,0,0,0,0,NA,NA,0.5048780566135922,1.2422592196670519,0.21511137961694554,0
252800,0,0,0,0,NA,NA,NA,2.323113127338424,0.21511137961694554,NA
260120,0,0,0,0,1.87567712107174,1.87567712107174,NA,1.3766232669323721,0.21511137961694554,0
260700,0,0,0,0,NA,NA,NA,2.9137898426701163,0.1680955178112677,0
260900,0,0,0,0,NA,NA,20170.824439206113,4.161811498169439,0.26236426446749106,0
261210,0,0,0,0,NA,NA,NA,NA,0.14842000511827325,0
261220,0,0,0,0,NA,NA,NA,NA,NA,0
261310,0,0,0,0,4.590639587026031,4.590639587026031,67392.08557775902,2.199635859273469,0.2582755103647311,5.537510809832572e-8
261610,0,0,0,0,NA,NA,NA,NA,0.11514228234064577,0
261690,0,0,0,0,NA,NA,NA,NA,0.1680955178112677,0
261900,0,0,0,0,NA,NA,NA,NA,0.21511137961694554,NA
262011,0,0,0,0,NA,NA,NA,1.775469650095234,0.21511137961694554,0
262019,0,0,0,0,NA,NA,NA,3.1799533133625895,0.17444655906565282,NA
262021,0,0,0,0,NA,NA,NA,2.1483542406839633,NA,0
262029,0,0,0,0,NA,NA,NA,2.758047905886637,0.21511137961694554,0
262060,0,0,0,0,NA,NA,NA,1.0300057494119441,0.211309093667207,0
262091,0,0,0,0,NA,NA,NA,2.202386923341965,0.21511137961694554,0
262110,0,0,0,0,NA,NA,NA,2.651994844742228,0.2461330695389085,0
270119,0,0,0,0,NA,NA,6.639827929873846,2.765513065181666,0.14842000511827325,NA
270220,0,0,0,0,NA,NA,NA,NA,0.14842000511827325,0
270500,0,0,0,0,NA,NA,NA,NA,0.14842000511827325,0
270600,0,0,0,0,NA,NA,30.51965758990393,4.308357655310222,0.14842000511827325,0
270710,0,0,0,0,NA,NA,1.1210106301525764,1.9521645020334923,0.14842000511827325,0
270720,0,0,0,0,NA,NA,1.1210106301525764,1.7645263232337327,0.14842000511827325,0
270730,0,0,0,0,NA,NA,1.1210106301525764,3.1064942855067152,0.14842000511827325,0
270740,0,0,0,0,NA,NA,1.1210106301525764,2.4846986960023325,0.14842000511827325,0
270791,0,0,0,0,NA,NA,1.1210106301525764,2.346103240949074,0.14842000511827325,0
270900,0,0,0,0,3.187869232725534,3.187869232725534,1.163897821285954,4.985620206000358,0.14842000511827325,0.00305523047724309
271121,0,0,0,0,3.06773227985694,3.06773227985694,1.3534587787182968,1.0002444018209027,0.14842000511827325,0
271320,0,0,0,0,2.948900554648871,2.948900554648871,1.6674050636453828,2.4298590016623334,0.14842000511827325,6.602944881088606e-6
271390,0,0,0,0,2.948900554648871,2.948900554648871,1.6674050636453828,2.4914924506071063,0.14842000511827325,0
271600,0,0,0,0,NA,NA,35.351949408221685,1.0163530427490377,0.1823215567939546,0
280120,0,0,0,0,NA,NA,NA,2.1194523731589676,0.14842000511827325,NA
280620,0,0,0,0,NA,NA,NA,1.086675931953194,0.20879968060325016,0
280800,0,0,0,0,NA,NA,0.7701401750714979,2.0499096656615157,0.21511137961694554,NA
281112,0,0,0,0,2.921599718333379,2.921599718333379,4.880664705454552,1.6325359358107217,NA,0
281211,0,0,0,0,NA,NA,NA,NA,0.20953151146147192,NA
281212,0,0,0,0,NA,NA,NA,1.4998091907143298,0.20953151146147192,NA
281214,0,0,0,0,NA,NA,NA,1.8527758998939854,0.21511137961694554,0
281215,0,0,0,0,NA,NA,NA,3.3129968613488696,0.20953151146147192,0
281216,0,0,0,0,NA,NA,NA,NA,NA,0
281217,0,0,0,0,NA,NA,NA,3.2021578675952767,0.20953151146147192,NA
281310,0,0,0,0,NA,NA,NA,2.340071619437526,0.20953151146147192,0
282410,0,0,0,0,NA,NA,3.2934919715106896,2.765687948420254,0.21056476910734967,NA
282490,0,0,0,0,NA,NA,3.2934919715106896,2.70494216434442,0.20826625950766015,NA
283660,0,0,0,0,2.938920327776442,2.938920327776442,13.868251202958884,1.4927120282961643,0.145924818971817,1.7385859883432908e-5
284011,0,0,0,0,NA,NA,1.735669041120396,1.453030626924871,0.21464786979431474,0
284161,0,0,0,0,2.80765362547534,2.80765362547534,4.098510581899322,1.2945690686378393,0.20763936477824457,0
284410,0,0,0,0,NA,NA,NA,1.109209536738121,0.15975921948686786,0
284430,0,0,0,0,NA,NA,NA,1.0655655857176267,0.19162018890522392,0
284450,0,0,0,0,NA,NA,NA,1.3761640114909466,0.2461330695389085,0
284510,0,0,0,0,2.940718718156034,2.940718718156034,NA,3.4204400852857697,0.21511137961694554,NA
285310,0,0,0,0,2.601795110420595,2.601795110420595,NA,1.076122485906844,0.21086186795592987,NA
290241,0,0,0,0,2.42750520771,2.42750520771,NA,2.2045032737963215,0.21511137961694554,0
290270,0,0,0,0,2.42750520771,2.42750520771,NA,1.9417572960184368,0.21511137961694554,0
290314,0,0,0,0,3.037207684552576,3.037207684552576,0.8694309118735648,NA,0.2116083059990518,0
290315,0,0,0,0,3.037207684552576,3.037207684552576,0.8694309118735648,3.1301686195360037,0.20692071580732252,0
290331,0,0,0,0,3.037207684552576,3.037207684552576,0.8694309118735648,1.8921379733253556,0.2070640584086893,0.03983319056040678
290373,0,0,0,0,3.037207684552576,3.037207684552576,0.8694309118735648,1,NA,0
290375,0,0,0,0,3.037207684552576,3.037207684552576,0.8694309118735648,1,NA,0
290376,0,0,0,0,3.037207684552576,3.037207684552576,0.8694309118735648,NA,0.20953151146147192,0
290381,0,0,0,0,3.037207684552576,3.037207684552576,0.8694309118735648,NA,NA,0
290382,0,0,0,0,3.037207684552576,3.037207684552576,0.8694309118735648,NA,0.20692071580732252,0
290383,0,0,0,0,3.037207684552576,3.037207684552576,0.8694309118735648,NA,0.20692071580732252,0
290392,0,0,0,0,3.037207684552576,3.037207684552576,0.8694309118735648,2.7765883040378134,0.1425898574261823,0
290393,0,0,0,0,3.037207684552576,3.037207684552576,0.8694309118735648,1.1338501811059354,0.23545681154756676,0.007096916237280047
290394,0,0,0,0,3.037207684552576,3.037207684552576,0.8694309118735648,1,NA,0
290431,0,0,0,0,2.361218571145872,2.361218571145872,0.23388170276499157,2.0519951430453967,NA,0
290432,0,0,0,0,2.361218571145872,2.361218571145872,0.23388170276499157,1,NA,0
290433,0,0,0,0,2.361218571145872,2.361218571145872,0.23388170276499157,NA,NA,0
290434,0,0,0,0,2.361218571145872,2.361218571145872,0.23388170276499157,1,NA,0
290435,0,0,0,0,2.361218571145872,2.361218571145872,0.23388170276499157,NA,0.20953151146147192,0
290436,0,0,0,0,2.361218571145872,2.361218571145872,0.23388170276499157,1,0.20953151146147192,0
290551,0,0,0,0,2.859652086316831,2.859652086316831,2.628313435988329,1.4335633993842507,NA,0
290811,0,0,0,0,NA,NA,9.595581910947988,1.9635157508458185,0.20692071580732252,NA
290891,0,0,0,0,NA,NA,9.595581910947988,1.3586922486532471,0.20692071580732252,0
290892,0,0,0,0,NA,NA,9.595581910947988,NA,NA,0
291010,0,0,0,0,2.426192617774316,2.426192617774316,NA,1.8092027693383164,0.20692071580732252,0
291040,0,0,0,0,2.426192617774316,2.426192617774316,NA,NA,NA,0
291050,0,0,0,0,2.426192617774316,2.426192617774316,NA,NA,0.20792823050852255,NA
291211,0,0,0,0,3.028475251069882,3.028475251069882,4.501747882283917,1.3476460401144876,0.21086186795592987,0
291413,0,0,0,0,2.876900006438179,2.876900006438179,2.122527612680849,1.951579585689204,0.2090917978585593,0
291471,0,0,0,0,2.876900006438179,2.876900006438179,2.122527612680849,1.4630830216000235,0.2090917978585593,0.06642297526464527
291536,0,0,0,0,2.799499754013716,2.799499754013716,2.3477416265247975,1.0004345730608892,NA,0
291817,0,0,0,0,8.667522156122205,8.667522156122205,0.3595465411062749,1.0272285613890115,NA,0
291818,0,0,0,0,8.667522156122205,8.667522156122205,0.3595465411062749,1.0145409530616902,NA,0
291891,0,0,0,0,8.667522156122205,8.667522156122205,0.3595465411062749,1.017272499272824,0.20549829104489198,0.001316353305418188
292011,0,0,0,0,3.257198979664389,3.257198979664389,0.6342497891652475,1.0008591483617606,0.21511137961694554,0
292030,0,0,0,0,3.257198979664389,3.257198979664389,0.6342497891652475,1.0351358399716013,NA,0
292113,0,0,0,0,1.879764295962284,1.879764295962284,3.4313881358215466,1.0677252247199696,NA,0
292114,0,0,0,0,1.879764295962284,1.879764295962284,3.4313881358215466,1.0007404152109898,0.20549829104489198,0
292146,0,0,0,0,1.879764295962284,1.879764295962284,3.4313881358215466,1.3451416392885556,0.1823215567939546,0
292214,0,0,0,0,3.143604506851555,3.143604506851555,0.6575901759017537,1.0033391974942913,NA,0
292215,0,0,0,0,3.143604506851555,3.143604506851555,0.6575901759017537,1.8124740788882558,0.20549829104489198,0.004423493314529895
292216,0,0,0,0,3.143604506851555,3.143604506851555,0.6575901759017537,2.1238289156251065,0.20549829104489198,0
292217,0,0,0,0,3.143604506851555,3.143604506851555,0.6575901759017537,2.374559240734232,0.20549829104489198,0.015968271533870714
292218,0,0,0,0,3.143604506851555,3.143604506851555,0.6575901759017537,1.7817745000646052,NA,0
292244,0,0,0,0,3.143604506851555,3.143604506851555,0.6575901759017537,1.7140883096820305,NA,0
292340,0,0,0,0,NA,NA,1.8090269609481928,1.0397640522597646,NA,0
292411,0,0,0,0,NA,NA,3.471878741553735,1.5191961504761011,0.1823215567939546,0
292412,0,0,0,0,NA,NA,3.471878741553735,1.0368796606393014,NA,0
292423,0,0,0,0,NA,NA,3.471878741553735,1.658883565115815,NA,NA
292424,0,0,0,0,NA,NA,3.471878741553735,NA,0.26236426446749106,NA
292425,0,0,0,0,NA,NA,3.471878741553735,1.0016031832687449,0.20549829104489198,NA
292521,0,0,0,0,2.224759599459023,2.224759599459023,1.1473866610217245,2.728590047593605,0.14157877333160468,0
292610,0,0,0,0,2.509828289540109,2.509828289540109,2.2477159228762646,1.6822331668095285,0.20549829104489198,0
292630,0,0,0,0,2.509828289540109,2.509828289540109,2.2477159228762646,1.033161528442467,NA,0
293060,0,0,0,0,2.656638451196263,2.656638451196263,0.403402210300048,1.1543113384301469,0.20953151146147192,0
293110,0,0,0,0,2.82779928551117,2.82779928551117,1.1148434650611505,1.4834937492068174,0.20953151146147192,0.17546471654078988
293132,0,0,0,0,2.82779928551117,2.82779928551117,1.1148434650611505,2.4428386131021123,0.20953151146147192,0
293135,0,0,0,0,2.82779928551117,2.82779928551117,1.1148434650611505,1.3047422898037069,0.20953151146147192,0.03885288829176648
293136,0,0,0,0,2.82779928551117,2.82779928551117,1.1148434650611505,1.0739718413346508,NA,0
293138,0,0,0,0,2.82779928551117,2.82779928551117,1.1148434650611505,1.2649718202525626,0.20953151146147192,0
293291,0,0,0,0,3.631812903397331,3.631812903397331,0.9055543634641025,1.1201327744793528,0.24817962947553468,0.04553948716401074
293292,0,0,0,0,3.631812903397331,3.631812903397331,0.9055543634641025,1.5247650298853477,NA,0
293294,0,0,0,0,3.631812903397331,3.631812903397331,0.9055543634641025,NA,NA,0
293295,0,0,0,0,3.631812903397331,3.631812903397331,0.9055543634641025,1.6589509875708726,0.21511137961694554,0.3331593460600225
293341,0,0,0,0,3.063588642310171,3.063588642310171,0.7641076015818336,1.13806628973648,NA,0
293355,0,0,0,0,3.063588642310171,3.063588642310171,0.7641076015818336,1.5148947537038573,0.26236426446749106,0
293371,0,0,0,0,3.063588642310171,3.063588642310171,0.7641076015818336,1.836794773783929,0.20549829104489198,0.021826441015228303
293372,0,0,0,0,3.063588642310171,3.063588642310171,0.7641076015818336,1.168682136649693,0.1823215567939546,0
293392,0,0,0,0,3.063588642310171,3.063588642310171,0.7641076015818336,1.1202361541512802,0.21511137961694554,0.01416897671048919
293510,0,0,0,0,3.287029326510932,3.287029326510932,0.8545312926063671,2.332344749291922,0.24817962947553468,5.768105920321338e-4
293520,0,0,0,0,3.287029326510932,3.287029326510932,0.8545312926063671,3.074103924820852,NA,0
293530,0,0,0,0,3.287029326510932,3.287029326510932,0.8545312926063671,1.9981815711714654,NA,0
293540,0,0,0,0,3.287029326510932,3.287029326510932,0.8545312926063671,NA,NA,0
293550,0,0,0,0,3.287029326510932,3.287029326510932,0.8545312926063671,3.3562484282806913,0.17209732301809527,0.01073790216442287
293711,0,0,0,0,NA,NA,0.9587723749420218,1.1850987489838878,0.1823215567939546,NA
293941,0,0,0,0,NA,NA,3.848754373403916,2.288926661842423,0.1823215567939546,0
293942,0,0,0,0,NA,NA,3.848754373403916,3.2304933745187743,0.1823215567939546,NA
293943,0,0,0,0,NA,NA,3.848754373403916,NA,0.26236426446749106,0
293944,0,0,0,0,NA,NA,3.848754373403916,3.9839891684915596,0.1823215567939546,0
293951,0,0,0,0,NA,NA,3.848754373403916,1.0000968061641902,NA,0
293961,0,0,0,0,NA,NA,3.848754373403916,1.0004897554783931,0.26236426446749106,0
293962,0,0,0,0,NA,NA,3.848754373403916,1,0.1823215567939546,0
293963,0,0,0,0,NA,NA,3.848754373403916,NA,0.1823215567939546,0
293971,0,0,0,0,NA,NA,3.848754373403916,3.5530081581890594,0.1823215567939546,NA
300219,0,0,0,0,2.610572915851084,2.610572915851084,5.150117322628081,2.7933064104842558,NA,NA
300230,0,0,0,0,2.610572915851084,2.610572915851084,5.150117322628081,2.6180924453067966,0.1823215567939546,5.968230599663493e-7
300331,0,0,0,0,3.194500107907924,3.194500107907924,6.930480633655754,1.0562936709470205,0.26236426446749106,0
300341,0,0,0,0,3.194500107907924,3.194500107907924,6.930480633655754,1.0000052521632847,0.1823215567939546,0
300342,0,0,0,0,3.194500107907924,3.194500107907924,6.930480633655754,1.0007792234808721,0.1823215567939546,0
300343,0,0,0,0,3.194500107907924,3.194500107907924,6.930480633655754,1,NA,0
300360,0,0,0,0,3.194500107907924,3.194500107907924,6.930480633655754,1.6635155167806641,0.26236426446749106,0.004897588357273759
300441,0,0,0,0,4.161801417542693,4.161801417542693,0.5606688417781924,1.0884331164428012,0.1823215567939546,0
300442,0,0,0,0,4.161801417542693,4.161801417542693,0.5606688417781924,1.6977553662888933,0.1823215567939546,0.001968737637945197
300443,0,0,0,0,4.161801417542693,4.161801417542693,0.5606688417781924,1.5467405508612795,NA,0
300692,0,0,0,0,3.117510828401522,3.117510828401522,1.1813139625426197,1.4324407075110297,0.26236426446749106,0.0018958945532695905
310280,0,0,0,0,2.383251513103281,2.383251513103281,8.539300727722495,1.238921877891657,0.21511137961694554,0.03642426905122526
310311,0,0,0,0,NA,NA,3.617640870906138,1.3980107029581892,0.21511137961694554,0
350110,0,0,0,0,3.678471203624402,3.678471203624402,5.496320381339255,3.1940883520036243,0.2461330695389085,0.008637112450466819
350219,0,0,0,0,2.837024062424767,2.837024062424767,NA,2.3467304808404053,0.2461330695389085,0
350220,0,0,0,0,2.837024062424767,2.837024062424767,NA,2.4760255615481785,0.2461330695389085,NA
370232,0,0,0,0,NA,NA,1.7464588570594908,1.1154735565788316,0.20953151146147192,0
370241,0,0,0,0,NA,NA,1.7464588570594908,1.6568109881325168,0.20953151146147192,0
370252,0,0,0,0,NA,NA,1.7464588570594908,2.223078417137792,0.20953151146147192,0
370297,0,0,0,0,NA,NA,1.7464588570594908,1.1938499849002862,0.21511137961694554,0
370610,0,0,0,0,2.38270046983928,2.38270046983928,NA,1.6369879486218386,0.21457079836059872,0
380300,0,0,0,0,NA,NA,NA,1.7057943316651236,0.21511137961694554,NA
380510,0,0,0,0,NA,NA,3.1068935659532717,2.426381417568117,0.20763936477824457,NA
380852,0,0,0,0,2.650244394939893,2.650244394939893,1.7453049014295403,1.3662007263952645,0.23361485118150505,0
382471,0,0,0,0,2.981898658312713,2.981898658312713,1.644957144755726,1.4643908957027572,0.20953151146147192,0
382472,0,0,0,0,2.981898658312713,2.981898658312713,1.644957144755726,1.3749894889393097,NA,0
382473,0,0,0,0,2.981898658312713,2.981898658312713,1.644957144755726,2.6163647757617157,0.20953151146147192,0
382474,0,0,0,0,2.981898658312713,2.981898658312713,1.644957144755726,1.4103267249352183,0.20953151146147192,0
382475,0,0,0,0,2.981898658312713,2.981898658312713,1.644957144755726,1.2059553153276026,NA,0
382476,0,0,0,0,2.981898658312713,2.981898658312713,1.644957144755726,NA,NA,0
382477,0,0,0,0,2.981898658312713,2.981898658312713,1.644957144755726,1,NA,0
382486,0,0,0,0,2.981898658312713,2.981898658312713,1.644957144755726,1.0082670145636645,0.20549829104489198,0
382488,0,0,0,0,2.981898658312713,2.981898658312713,1.644957144755726,1.3237297385551037,0.20549829104489198,0.06270150883942653
382510,0,0,0,0,NA,NA,NA,NA,0.2461330695389085,NA
382530,0,0,0,0,NA,NA,NA,NA,0.2461330695389085,0
382541,0,0,0,0,NA,NA,NA,NA,0.21511137961694554,0
382549,0,0,0,0,NA,NA,NA,NA,0.21511137961694554,NA
382550,0,0,0,0,NA,NA,NA,NA,0.21511137961694554,0
382600,0,0,0,0,NA,NA,NA,NA,0.20684912682169632,NA
410120,0,0,0,0,NA,NA,0.7939858844843347,2.6730657665652937,0.24389575905824454,NA
410150,0,0,0,0,NA,NA,0.7939858844843347,4.055258641913413,0.24624024724208388,NA
410210,0,0,0,0,NA,NA,NA,4.268433160591882,0.2499114229706112,NA
410221,0,0,0,0,NA,NA,NA,3.2498090757610076,0.2461330695389085,0
410229,0,0,0,0,NA,NA,NA,3.143977837555744,0.25291187271006327,NA
410320,0,0,0,0,NA,NA,NA,NA,0.25309063922005,0
410330,0,0,0,0,NA,NA,NA,NA,0.24952832451409568,0
410390,0,0,0,0,NA,NA,NA,6.34947680018131,0.24886945064961982,NA
410510,0,0,0,0,NA,NA,0.315441905119947,1.8730896962607,0.21205871888971664,NA
410621,0,0,0,0,2.827899047754938,2.827899047754938,1.260108679917905,1.9945974420732289,0.2114586055517202,3.5796814728788253e-4
410631,0,0,0,0,2.827899047754938,2.827899047754938,1.260108679917905,1.4176729294484212,0.20879968060325016,0.005932455309464165
410632,0,0,0,0,2.827899047754938,2.827899047754938,1.260108679917905,1.2910075480995191,0.20879968060325016,0.00733511816485421
410640,0,0,0,0,2.827899047754938,2.827899047754938,1.260108679917905,2.557552060121661,0.21511137961694554,0
411330,0,0,0,0,NA,NA,NA,NA,0.21511137961694554,NA
420600,0,0,0,0,NA,NA,NA,NA,0.2560039657492223,NA
430110,0,0,0,0,2.81220017612386,2.81220017612386,NA,1.9884893315100327,0.2461330695389085,NA
430160,0,0,0,0,2.81220017612386,2.81220017612386,NA,NA,0.24106468659333968,NA
430190,0,0,0,0,2.81220017612386,2.81220017612386,NA,1.1211500582066054,0.26236426446749106,0
440112,0,0,0,0,2.856476452285687,2.856476452285687,37.80751778640569,3.126997304522315,NA,0
440311,0,0,0,0,NA,NA,2.461557656616654,2.183653548020921,NA,0
440312,0,0,0,0,NA,NA,2.461557656616654,2.8914915349684756,NA,0
440322,0,0,0,0,NA,NA,2.461557656616654,2.2283716999021412,NA,0
440323,0,0,0,0,NA,NA,2.461557656616654,1.3968555900898365,NA,0
440324,0,0,0,0,NA,NA,2.461557656616654,1,NA,0
440325,0,0,0,0,NA,NA,2.461557656616654,1.9822772704869032,NA,0
440341,0,0,0,0,NA,NA,2.461557656616654,1.285028836869313,NA,0
440349,0,0,0,0,NA,NA,2.461557656616654,2.6601752239850462,0.14842000511827325,NA
440393,0,0,0,0,NA,NA,2.461557656616654,2.6697736552182216,NA,0
440394,0,0,0,0,NA,NA,2.461557656616654,3.225231650116131,NA,0
440396,0,0,0,0,NA,NA,2.461557656616654,1.8437607656011314,NA,0
440397,0,0,0,0,NA,NA,2.461557656616654,2.6213694283206417,NA,0
440398,0,0,0,0,NA,NA,2.461557656616654,1.4236012040516122,NA,0
440611,0,0,0,0,NA,NA,NA,5.488987411462213,NA,0
440612,0,0,0,0,NA,NA,NA,NA,NA,0
440692,0,0,0,0,NA,NA,NA,3.462030548817073,NA,0
440721,0,0,0,0,1.435477171791227,1.435477171791227,1.615877149148755,1.8341065511854444,0.14842000511827325,0
440725,0,0,0,0,1.435477171791227,1.435477171791227,1.615877149148755,2.570426141828724,0.14842000511827325,0
440726,0,0,0,0,1.435477171791227,1.435477171791227,1.615877149148755,2.234225754365832,NA,0
440728,0,0,0,0,1.435477171791227,1.435477171791227,1.615877149148755,2.9362403289416,0.14842000511827325,0.03510195912794693
440792,0,0,0,0,1.435477171791227,1.435477171791227,1.615877149148755,2.54023439241478,0.14842000511827325,1.4158334586175135e-4
440793,0,0,0,0,1.435477171791227,1.435477171791227,1.615877149148755,1.3703046649328392,0.14842000511827325,0
440794,0,0,0,0,1.435477171791227,1.435477171791227,1.615877149148755,2.9587457990927737,0.14842000511827325,0
440831,0,0,0,0,2.436617713267093,2.436617713267093,3.340002165832033,2.0715168147067917,0.14842000511827325,0
470100,0,0,0,0,NA,NA,NA,9.229749838030479,0.21511137961694554,0
470200,0,0,0,0,NA,NA,NA,5.482800455763541,0.21511137961694554,0
470311,0,0,0,0,2.87460248685111,2.87460248685111,13.339104022114874,2.8792757841299754,0.21511137961694554,0
470319,0,0,0,0,2.87460248685111,2.87460248685111,13.339104022114874,2.433727413820701,0.21511137961694554,0
470329,0,0,0,0,2.87460248685111,2.87460248685111,13.339104022114874,1.6123519371325195,0.21511137961694554,0
470411,0,0,0,0,NA,NA,NA,2.7081516066677764,0.21511137961694554,NA
470419,0,0,0,0,NA,NA,NA,1,NA,0
470421,0,0,0,0,NA,NA,NA,2.5117405852739734,0.21511137961694554,0
470429,0,0,0,0,NA,NA,NA,6.234967565351248,0.21511137961694554,0
470691,0,0,0,0,NA,NA,11.237568734087128,1.9894170775970819,0.21511137961694554,NA
470693,0,0,0,0,NA,NA,11.237568734087128,1.2886896186059684,0.21511137961694554,NA
470790,0,0,0,0,NA,NA,NA,5.3107847155121,0.21511137961694554,NA
480511,0,0,0,0,2.856528189394028,2.856528189394028,2.280268899825335,2.34807928563345,0.21511137961694554,0.0024155553120549103
480512,0,0,0,0,2.856528189394028,2.856528189394028,2.280268899825335,1.807311188486135,0.21511137961694554,2.8178650610604915e-5
490510,0,0,0,0,NA,NA,0.4486661160654241,1.1730395785244205,NA,NA
500100,0,0,0,0,NA,NA,NA,NA,0.21511137961694554,NA
510121,0,0,0,0,NA,NA,1.4380105280321336,3.2106995894792925,0.21409044746741857,0
510320,0,0,0,0,NA,NA,NA,5.115039930090075,0.21511137961694554,0
510330,0,0,0,0,NA,NA,NA,1.1093338549675824,0.20479441264601322,0
510521,0,0,0,0,2.651986229848828,2.651986229848828,27.06802899235956,1.5760367189074351,0.21056476910734967,0
520291,0,0,0,0,NA,NA,0.7933630584384682,2.230341865013003,0.20865393259467924,0
520299,0,0,0,0,NA,NA,0.7933630584384682,1.983653034798178,0.21511137961694554,NA
520515,0,0,0,0,4.029180600145855,4.029180600145855,2.3158125398317786,1.4302034275086337,0.19939934165412398,0.0019784993051045166
520526,0,0,0,0,4.029180600145855,4.029180600145855,2.3158125398317786,1.890932810046242,0.19801288658863014,9.903726265391669e-5
520527,0,0,0,0,4.029180600145855,4.029180600145855,2.3158125398317786,2.0393787646234576,0.19801288658863014,1.491150204219222e-4
520546,0,0,0,0,4.029180600145855,4.029180600145855,2.3158125398317786,2.0060935671506703,0.19801288658863014,4.7343113755424335e-4
520547,0,0,0,0,4.029180600145855,4.029180600145855,2.3158125398317786,2.40647181507941,0.19801288658863014,0.0010565560326364356
520614,0,0,0,0,5.000012013161202,5.000012013161202,4.50492036684288,2.5830725378573187,NA,NA
520615,0,0,0,0,5.000012013161202,5.000012013161202,4.50492036684288,1.288934512377869,0.20175394675877956,0.002805517293980883
520625,0,0,0,0,5.000012013161202,5.000012013161202,4.50492036684288,2.8150065099587547,0.20175394675877956,0
520634,0,0,0,0,5.000012013161202,5.000012013161202,4.50492036684288,1.2480554023186379,0.20175394675877956,0.0011804331288399594
520635,0,0,0,0,5.000012013161202,5.000012013161202,4.50492036684288,1.125548992670317,0.20175394675877956,0
520642,0,0,0,0,5.000012013161202,5.000012013161202,4.50492036684288,1.2172261172945065,0.20175394675877956,8.436889617641741e-5
520643,0,0,0,0,5.000012013161202,5.000012013161202,4.50492036684288,1.427745852282078,0.20175394675877956,6.8636441367655665e-05
520644,0,0,0,0,5.000012013161202,5.000012013161202,4.50492036684288,1.1847791865552642,0.20175394675877956,0
530110,0,0,0,0,2.275436843143573,2.275436843143573,NA,2.557154309575525,0.21511137961694554,NA
530121,0,0,0,0,2.275436843143573,2.275436843143573,NA,2.0413866549328312,0.21511137961694554,0
530210,0,0,0,0,NA,NA,NA,NA,0.21511137961694554,NA
540332,0,0,0,0,2.215707396215925,2.215707396215925,5.121913763109135,1.4486288316947273,0.200670695462151,8.848340159265584e-4
540333,0,0,0,0,2.215707396215925,2.215707396215925,5.121913763109135,2.588469211108316,0.2023000250936765,8.222959743610856e-4
540342,0,0,0,0,2.215707396215925,2.215707396215925,5.121913763109135,1.4666847748322727,0.20340107258500845,0
551634,0,0,0,0,3.789221657245218,3.789221657245218,1.1898981462086218,1.2026641036795456,0.19150378898197945,0
580211,0,0,0,0,2.092943355843853,2.092943355843853,2.1104071292737574,1.1190682538633665,NA,NA
620112,0,0,0,0,3.186717530557398,3.186717530557398,0.9223364013180269,1.9996169901076368,NA,NA
620113,0,0,0,0,3.186717530557398,3.186717530557398,0.9223364013180269,1.7205543609090714,NA,NA
620119,0,0,0,0,3.186717530557398,3.186717530557398,0.9223364013180269,2.8463445320189424,NA,NA
620191,0,0,0,0,3.186717530557398,3.186717530557398,0.9223364013180269,1.6518859964772559,NA,NA
620212,0,0,0,0,3.23235409893731,3.23235409893731,0.865157555163288,2.406122532273942,NA,NA
620213,0,0,0,0,3.23235409893731,3.23235409893731,0.865157555163288,1.533960674289666,NA,NA
620219,0,0,0,0,3.23235409893731,3.23235409893731,0.865157555163288,2.823215572323543,NA,NA
620291,0,0,0,0,3.23235409893731,3.23235409893731,0.865157555163288,3.05259426337731,NA,NA
681292,0,0,0,0,NA,NA,1.7908178794351768,2.9206880391410124,NA,NA
681293,0,0,0,0,NA,NA,1.7908178794351768,2.1807091223874457,NA,NA
701951,0,0,0,0,2.957545204117428,2.957545204117428,1.934527884118639,1.4975477495354643,NA,NA
701952,0,0,0,0,2.957545204117428,2.957545204117428,1.934527884118639,1.437767709139865,NA,NA
710210,0,0,0,0,NA,NA,NA,4.03855824932642,0.2461330695389085,0
710811,0,0,0,0,2.202674910496897,2.202674910496897,NA,8.486654152288665,0.21511137961694554,0
711021,0,0,0,0,3.211770961688943,3.211770961688943,0.5510195350585699,1.909929982941557,0.14842000511827325,0
711039,0,0,0,0,3.211770961688943,3.211770961688943,0.5510195350585699,1.0186915053575876,0.14842000511827325,7.465742031728749e-4
711230,0,0,0,0,2.908810323659309,2.908810323659309,NA,2.1627876729650897,0.21511137961694554,NA
711291,0,0,0,0,2.908810323659309,2.908810323659309,NA,1.7382049970475018,0.21511137961694554,NA
711510,0,0,0,0,NA,NA,NA,3.027172756089546,0.2090917978585593,NA
720110,0,0,0,0,NA,NA,NA,1.4219038958091355,0.21511137961694554,NA
720150,0,0,0,0,NA,NA,NA,1.0991879597652239,0.21511137961694554,0
720250,0,0,0,0,2.832307530405114,2.832307530405114,0.7171116384734078,1.2842983937947046,0.13815033848081715,0
720270,0,0,0,0,2.832307530405114,2.832307530405114,0.7171116384734078,2.2864899870329887,0.25237712763702813,0.01328245871767111
720291,0,0,0,0,2.832307530405114,2.832307530405114,0.7171116384734078,2.593970634422719,0.14444673781897016,1.9553784470540566e-4
720292,0,0,0,0,2.832307530405114,2.832307530405114,0.7171116384734078,2.732476836933763,0.20879968060325016,0
720838,0,0,0,0,4.511577504405122,4.511577504405122,13.84207331264682,2.2422839669404317,0.25131442828090605,0
721020,0,0,0,0,2.183777241310166,2.183777241310166,4.918471038379779,1.7387883140427527,0.26236426446749106,0.0016635176879323775
721069,0,0,0,0,2.183777241310166,2.183777241310166,4.918471038379779,1.4017566189569648,0.25131442828090605,5.33323391940639e-4
722720,0,0,0,0,2.670305978885849,2.670305978885849,0.972928448691619,1.2561027375882792,0.25671984684781407,0
730520,0,0,0,0,2.59849913255587,2.59849913255587,7.031606853021496,1.8452329913228616,0.25131442828090605,0.011012458849038884
740100,0,0,0,0,NA,NA,NA,NA,0.1823215567939546,NA
740313,0,0,0,0,2.449878797636646,2.449878797636646,12.354821917902374,2.803637307399847,0.1473247147568584,0
741910,0,0,0,0,2.544207400285378,2.544207400285378,6.082683012023798,1.7688717888534344,NA,NA
750110,0,0,0,0,NA,NA,NA,NA,0.21511137961694554,0
780200,0,0,0,0,NA,NA,NA,3.048751505141942,0.26236426446749106,0
790200,0,0,0,0,NA,NA,NA,3.658458556724732,0.1823215567939546,0
790310,0,0,0,0,NA,NA,1.6985226537915876,3.59771179597393,0.21511137961694554,NA
790390,0,0,0,0,NA,NA,1.6985226537915876,2.0785618506204395,0.21281370181263287,NA
800120,0,0,0,0,2.986603804858767,2.986603804858767,1.6236244062723264,2.565193517498482,0.14842000511827325,0.0018319736564366843
810790,0,0,0,0,NA,NA,NA,NA,NA,NA
811020,0,0,0,0,2.931233569337603,2.931233569337603,6.489176226154021,2.436155096679442,0.1823215567939546,0
811212,0,0,0,0,3.241503808237163,3.241503808237163,NA,1.2461249003371213,0.20271151249700387,0
811213,0,0,0,0,3.241503808237163,3.241503808237163,NA,1.2875376007276218,0.21511137961694554,0
811251,0,0,0,0,3.241503808237163,3.241503808237163,NA,1.1530429120044274,NA,0
811252,0,0,0,0,3.241503808237163,3.241503808237163,NA,NA,NA,0
811259,0,0,0,0,3.241503808237163,3.241503808237163,NA,1.0000218727512487,NA,0
840110,0,0,0,0,NA,NA,NA,2.377612353405624,0.21012069674248865,NA
840610,0,0,0,0,NA,NA,NA,1.4173225926495554,0.21004685303724982,0
840681,0,0,0,0,NA,NA,NA,2.340691563832178,0.20841146573488784,0
841012,0,0,0,0,NA,NA,1.4898750786629982,1.952901966372549,0.20938473660952822,0
841122,0,0,0,0,NA,NA,3.0107403480459114,2.287512556251237,0.21511137961694554,0
844513,0,0,0,0,NA,NA,1.0359696469380528,1.771567783351971,0.2461330695389085,NA
844629,0,0,0,0,NA,NA,0.21958311020436172,2.842729527192175,0.2461330695389085,0
846241,0,0,0,0,NA,NA,0.21868984463959615,3.8133000050726613,NA,NA
850740,0,0,0,0,2.559115861792677,2.559115861792677,0.785423823730533,1.0651470946092076,NA,NA
851950,0,0,0,0,5.1037517299008295,5.1037517299008295,0.5195742269327803,1.1049863754830018,NA,NA
854011,0,0,0,0,2.72989632085053,2.72989632085053,1.0105450850571054,2.0825878148117454,0.1958902618137302,0.004928714331295715
854012,0,0,0,0,2.72989632085053,2.72989632085053,1.0105450850571054,2.368519633527315,0.2099435790455626,0.022776279391033397
854060,0,0,0,0,2.72989632085053,2.72989632085053,1.0105450850571054,1.4493821955851196,0.21056476910734967,0
854150,0,0,0,0,2.26630020016038,2.26630020016038,0.24493054875815037,2.110106505076944,NA,NA
860110,0,0,0,0,NA,NA,NA,1.1986546406652732,NA,0
860120,0,0,0,0,NA,NA,NA,6.172241750030464,0.21511137961694554,0
860210,0,0,0,0,NA,NA,NA,1.0812302948145827,0.21511137961694554,NA
860290,0,0,0,0,NA,NA,NA,1.4583332215542408,0.21511137961694554,0
860310,0,0,0,0,NA,NA,NA,1.0570999263443284,0.20763936477824457,NA
860390,0,0,0,0,NA,NA,NA,1.5827971153820042,0.20763936477824457,NA
860500,0,0,0,0,NA,NA,NA,1.6371758312497926,0.19542478179238165,NA
860610,0,0,0,0,NA,NA,NA,1.075562761783675,NA,0
860630,0,0,0,0,NA,NA,NA,1.0808477437262805,0.19542478179238165,0
860691,0,0,0,0,NA,NA,NA,1.0001728478593632,0.19542478179238165,0
860692,0,0,0,0,NA,NA,NA,1.06274736498859,0.19542478179238165,0
860699,0,0,0,0,NA,NA,NA,1.0928767109474335,0.19542478179238165,NA
870220,0,0,0,0,NA,NA,NA,1.0910449299069245,0.21205871888971664,0
870230,0,0,0,0,NA,NA,NA,1.7510617966477422,0.21205871888971664,0
870290,0,0,0,0,NA,NA,NA,1.6697655179515696,0.12412606741381715,NA
870350,0,0,0,0,3.590019380688573,3.590019380688573,NA,3.6752277668376743,0.30228087187293373,0
870370,0,0,0,0,3.590019380688573,3.590019380688573,NA,3.107526950492654,0.1804883757122937,NA
870432,0,0,0,0,2.470568666917753,2.470568666917753,0.32377776486577947,1.8998582099767787,0.18232155679395468,0
870530,0,0,0,0,NA,NA,0.1962174010800435,2.120195262163841,0.21511137961694554,0
871000,0,0,0,0,NA,NA,NA,3.879405798477159,0.25671984684781407,NA
880212,0,0,0,0,NA,NA,NA,1.0190466308520651,0.21511137961694554,NA
880260,0,0,0,0,NA,NA,NA,2.296537471508993,0.21511137961694554,0
890120,0,0,0,0,NA,NA,NA,1.9186350989841263,NA,0
890130,0,0,0,0,NA,NA,NA,NA,NA,0
890400,0,0,0,0,NA,NA,2.0811708249786287,NA,0.21511137961694554,0
890510,0,0,0,0,NA,NA,NA,1.5937828362667212,0.21511137961694554,0
890610,0,0,0,0,3.420741503394332,3.420741503394332,1.6457904824866023,NA,NA,0
900651,0,0,0,0,2.262896694514929,2.262896694514929,1.74091711581454,1.1148360022450248,NA,NA
900652,0,0,0,0,2.262896694514929,2.262896694514929,1.74091711581454,1.7294318477125021,NA,NA
910199,0,0,0,0,2.260280745988462,2.260280745988462,NA,1.6862797513172363,NA,NA
911490,0,0,0,0,NA,NA,1.6859477440326789,2.3810275640193153,NA,NA
930110,0,0,0,0,NA,NA,NA,NA,0.2461330695389085,0
930120,0,0,0,0,NA,NA,NA,NA,0.2461330695389085,0
930190,0,0,0,0,NA,NA,NA,NA,0.21733920709331894,NA
930200,0,0,0,0,3.566431625859991,3.566431625859991,NA,4.067817339324697,0.24019196781599297,0
930310,0,0,0,0,2.527198324868634,2.527198324868634,0.968994072063495,2.714848247687578,0.2461330695389085,0
930591,0,0,0,0,4.714801536575889,4.714801536575889,NA,2.460586635489938,0.24999863861738617,NA
